# Created by Open3D 
# object name: toothpaste_tube
# number of vertices: 3559
# number of triangles: 6101
mtllib toothpaste_tube.mtl
v 0.0104937 -0.0622848 -0.00703481
vn 0.983457 0.0311179 -0.178447
v 0.0102637 -0.0609562 -0.00795771
vn 0.996332 0.0423152 -0.0743786
v 0.0103866 -0.0589171 -0.00721071
vn 0.971097 0.0126555 -0.238351
v 0.0104616 -0.0559741 -0.00690421
vn 0.941404 0.0264643 -0.336242
v 0.0112452 -0.0570105 -0.00497011
vn 0.922095 -0.0121267 -0.386774
v 0.0102481 -0.0599117 -0.00878841
vn 0.980627 0.0335709 0.192986
v 0.011545 -0.0624815 -0.00383801
vn 0.912339 -0.0206298 -0.408915
v 0.0112282 -0.0657085 -0.00441511
vn 0.940751 -0.0314702 -0.337635
v 0.0109291 -0.0630498 -0.00534401
vn 0.953279 -0.0066771 -0.302017
v 0.0107219 -0.0653479 -0.00637831
vn 0.977238 -0.0066597 -0.212042
v 0.010069 -0.0569366 -0.00849651
vn 0.99786 0.0638848 0.0139041
v 0.0101693 -0.0508291 -0.0102374
vn 0.602733 0.0749398 0.794416
v 0.0111181 -0.0525322 -0.010805
vn 0.478964 0.0344945 0.877156
v 0.011388 -0.0500016 -0.0110286
vn 0.391825 0.034679 0.919386
v 0.0103455 -0.05322 -0.0101675
vn 0.729617 0.0647538 0.680784
v 0.0101416 -0.0551345 -0.00966391
vn 0.90636 0.102868 0.409792
v 0.0109529 -0.0546677 -0.0106364
vn 0.593267 0.0707041 0.801895
v 0.0105755 -0.0583667 -0.00964841
vn 0.858273 0.0527905 0.510471
v 0.0110324 -0.0569512 -0.0103308
vn 0.67961 0.0800162 0.729196
v 0.0104753 -0.0651866 -0.00788521
vn 0.999118 -0.0042883 -0.04178
v -0.00228353 -0.0719232 0.000528889
vn 0.0974574 -0.950321 0.295623
v -0.00282123 -0.0715776 0.00163129
vn 0.204721 -0.917331 0.341458
v -0.00374973 -0.0718612 0.00120669
vn 0.137834 -0.962543 0.23348
v -0.00180243 -0.0714887 0.00135389
vn 0.252453 -0.860372 0.442751
v -0.00609983 -0.0720008 0.00225939
vn 0.132667 -0.984838 0.111776
v -0.00737563 -0.071949 0.00618699
vn 0.0782059 -0.995737 0.0489062
v -0.00904153 -0.072222 0.00392009
vn 0.056105 -0.994327 0.0903643
v -0.00629073 -0.0717931 0.00478069
vn 0.221016 -0.972978 0.066824
v 0.00119377 -0.0719309 -2.27106e-05
vn 0.032372 -0.832316 0.553355
v -0.000730031 -0.072164 -0.000502411
vn 0.0309676 -0.953547 0.299648
v 0.00148167 -0.0724256 -0.00202771
vn 0.0094607 -0.992023 0.125698
v -0.00310913 -0.072256 -0.00118641
vn 0.0278858 -0.991747 0.125138
v -0.000536031 -0.0714436 0.000756488
vn 0.218407 -0.769869 0.599667
v 0.00298217 -0.0726306 -0.00601311
vn 0.0259437 -0.991608 0.126648
v 0.00603397 -0.0724045 -0.00411951
vn -0.022272 -0.992306 0.12179
v 0.00175987 -0.0725186 -0.00472381
vn 0.0208586 -0.99574 0.0898122
v 0.0110859 -0.0602271 -0.00507201
vn 0.935084 -0.0220464 -0.35374
v 0.00998297 -0.054266 -0.00797871
vn 0.97453 0.0793189 -0.209762
v 0.00825067 -0.0729091 -0.00559651
vn 0.0894614 -0.995162 0.0405977
v 0.00841667 -0.0723889 -0.00730781
vn 0.383207 -0.823485 -0.41836
v 0.00983777 -0.0726486 -0.00534551
vn 0.512221 -0.841358 -0.172473
v 0.00967897 -0.0717125 -0.00658491
vn 0.742446 -0.483973 -0.463188
v 0.0109034 -0.0716243 -0.00434521
vn 0.8235 -0.489268 -0.287165
v 0.00662977 -0.0729306 -0.00657251
vn 0.027127 -0.999158 -0.0307665
v 0.00489947 -0.0726121 -0.00631091
vn -0.0545992 -0.981151 0.185372
v -0.0102711 -0.0719781 0.00561379
vn -0.434717 -0.873511 0.219088
v -0.00923783 -0.0719325 0.00624929
vn -0.0517544 -0.989522 0.134791
v 0.0111639 -0.0532148 -0.00515421
vn 0.907695 0.0257106 -0.418843
v 0.0100183 -0.0522278 -0.00752221
vn 0.931123 0.0863556 -0.354335
v 0.00896157 -0.07109 -0.00852781
vn 0.636253 -0.652369 -0.411822
v 0.0104861 -0.0665933 -0.00735961
vn 0.991563 -0.0339324 -0.125103
v 0.0101775 -0.0703072 -0.00677901
vn 0.90456 -0.264841 -0.334111
v 0.0110147 -0.0693625 -0.00454361
vn 0.934585 -0.0606587 -0.35053
v 0.0105181 -0.0680024 -0.00677991
vn 0.973942 -0.0957463 -0.205594
v 0.0121023 -0.0703848 -0.00221381
vn 0.880847 -0.153955 -0.447668
v 0.00768977 -0.0720451 2.96894e-05
vn -0.055758 -0.991072 0.121106
v 0.00967337 -0.0723942 -0.00256331
vn 0.0950679 -0.995455 0.005659
v 0.00865357 -0.0724966 -0.00447811
vn -0.000962 -0.982961 0.183812
v 0.011007 -0.0720211 0.00233089
vn 0.0263191 -0.996135 0.0838004
v 0.0117745 -0.0723309 -0.00111451
vn 0.431037 -0.879255 -0.202775
v 0.0129086 -0.0719005 0.00153169
vn 0.508801 -0.860875 0.0039033
v 0.0129378 -0.0714868 -0.000410111
vn 0.816491 -0.453142 -0.357776
v -0.00362263 -0.0714161 0.00287089
vn 0.252735 -0.949767 0.184576
v -0.00478103 -0.0714966 0.00460679
vn 0.217822 -0.974659 0.0509183
v 0.00348587 -0.0719844 -5.51113e-05
vn -0.0615536 -0.908446 0.413446
v -0.00136623 -0.0705747 0.00586389
vn 0.257635 -0.956158 -0.139231
v -0.00277113 -0.0709636 0.00455789
vn 0.314077 -0.949306 0.0131917
v -0.000723331 -0.0701392 0.00386559
vn 0.347847 -0.936965 -0.0331722
v -0.00204863 -0.0707404 0.00327219
vn 0.383508 -0.910428 0.155057
v 0.00366097 -0.0696674 0.00392719
vn -0.294662 -0.955588 -0.0050488
v 0.00290827 -0.0699486 0.00584499
vn -0.0533434 -0.963337 -0.262937
v 0.00201637 -0.0694882 0.00402999
vn 0.0288377 -0.986123 -0.163492
v -0.00195923 -0.0710511 0.00222129
vn 0.359509 -0.853446 0.377338
v 0.000716869 -0.0697233 0.00420929
vn 0.22003 -0.962809 -0.156798
v 0.00133817 -0.0699614 0.00559659
vn 0.109341 -0.958676 -0.262649
v 4.65687e-05 -0.070093 0.00514779
vn 0.229774 -0.955011 -0.187504
v 0.00506667 -0.0722161 -0.00128981
vn 0.0172786 -0.990753 0.134575
v 0.00121597 -0.0707699 0.000718589
vn 0.078899 -0.607083 0.790712
v 8.24684e-05 -0.070277 0.00154569
vn 0.320354 -0.77144 0.549777
v -0.00118793 -0.0704492 0.00277519
vn 0.446503 -0.873747 0.192879
v -0.000377732 -0.0700433 0.00252149
vn 0.396961 -0.891633 0.217746
v 0.00243967 -0.0712595 0.000556289
vn -0.121356 -0.616192 0.77819
v -0.000850831 -0.0705074 0.00204299
vn 0.458224 -0.782491 0.421591
v 0.000860269 -0.0695538 0.00277859
vn 0.24191 -0.963157 0.117512
v -0.00101993 -0.0710181 0.00151169
vn 0.397959 -0.71714 0.572135
v 0.00220587 -0.0693541 0.00275219
vn -0.0584005 -0.990229 0.12663
v 0.00380177 -0.0711432 0.00109189
vn -0.308585 -0.717516 0.624457
v 0.00423627 -0.070291 0.00236849
vn -0.447508 -0.801895 0.395855
v 0.00266367 -0.0703224 0.00123249
vn -0.248331 -0.65705 0.71177
v 0.00164237 -0.0697645 0.00160809
vn 0.0522064 -0.838461 0.542456
v 0.00292537 -0.0697175 0.00210709
vn -0.32002 -0.852086 0.41417
v 0.00501977 -0.0716044 0.00104179
vn -0.181766 -0.893824 0.409926
v 0.00578237 -0.0719089 0.000257889
vn -0.052205 -0.971513 0.231163
v 0.00518917 -0.0711549 0.00199099
vn -0.361019 -0.821942 0.440541
v 0.0125453 -0.0646215 -0.00171611
vn 0.910767 -0.0104882 -0.412788
v 0.0121836 -0.0596283 -0.00266571
vn 0.918581 -0.0275539 -0.394271
v 0.0132892 -0.0674192 -0.000154511
vn 0.921355 -0.0063173 -0.388671
v 0.0137053 -0.0644098 0.00119329
vn 0.965272 0.031909 -0.259292
v 0.0117634 -0.0680167 -0.00280891
vn 0.893466 -0.0248385 -0.448444
v 0.0139068 -0.0688681 0.00162599
vn 0.971479 -0.0397145 -0.233776
v 0.0126186 -0.0684113 -0.00141461
vn 0.873791 -0.026254 -0.485592
v 0.013137 -0.0699368 -0.000274611
vn 0.908699 -0.0510978 -0.414314
v 0.0135331 -0.0708917 0.000819589
vn 0.922566 -0.303928 -0.237698
v 0.0101228 -0.0520635 -0.0100964
vn 0.709937 0.107405 0.696027
v 0.0137565 -0.0708667 0.00213089
vn 0.917759 -0.387073 -0.088837
v 0.0140033 -0.0701016 0.00306289
vn 0.97763 -0.208511 -0.027609
v 0.0135253 -0.0712235 0.00371819
vn 0.738267 -0.665658 0.10891
v 0.0125248 -0.0717984 0.00317489
vn 0.254325 -0.958743 0.127006
v 0.0139838 -0.069846 0.00456559
vn 0.972947 -0.217689 0.0773646
v 0.00964427 -0.051339 -0.00967671
vn 0.883324 0.124286 0.451987
v 0.00964617 -0.0527321 -0.00920931
vn 0.976343 0.126805 0.175141
v -0.00771313 -0.0706485 0.0126482
vn -0.699229 -0.360493 0.617353
v -0.00839563 -0.0691876 0.0121619
vn -0.764567 -0.10507 0.635923
v -0.00886553 -0.0703481 0.0110974
vn -0.808372 -0.292462 0.510882
v 0.00768977 -0.0720451 2.96894e-05
vn -0.055758 -0.991072 0.121106
v 0.011007 -0.0720211 0.00233089
vn 0.0263191 -0.996135 0.0838004
v 0.00895597 -0.071807 0.00368099
vn -0.126316 -0.990717 0.0502397
v 0.0103249 -0.0718716 0.00477909
vn -0.0131235 -0.999829 0.0130146
v -0.00404833 -0.0717727 0.0112353
vn 0.0570207 -0.998105 -0.0231262
v -0.00602603 -0.0717986 0.0114827
vn -0.0532592 -0.996016 0.071519
v -0.00677323 -0.0718453 0.00934519
vn -0.0057463 -0.999719 0.0229853
v -0.00572753 -0.0716685 0.00616389
vn 0.182311 -0.98317 -0.0118441
v -0.00359593 -0.0712517 0.00671189
vn 0.209186 -0.974958 -0.0754828
v -0.00525433 -0.0716657 0.00820969
vn 0.135188 -0.989345 -0.05404
v -0.00478103 -0.0714966 0.00460679
vn 0.217822 -0.974659 0.0509183
v -0.00831573 -0.0713144 0.0111718
vn -0.590175 -0.7134 0.377828
v -0.00762383 -0.0716902 0.0104998
vn -0.204931 -0.96977 0.132473
v -0.00664903 -0.0715874 0.0126861
vn -0.351139 -0.872589 0.339543
v -0.00260873 -0.0714267 0.00949319
vn 0.124833 -0.983393 -0.13174
v -0.00863733 -0.0717716 0.00830729
vn -0.18423 -0.974613 0.127235
v -0.00737563 -0.071949 0.00618699
vn 0.0782059 -0.995737 0.0489062
v -0.0103081 -0.0712114 0.00758359
vn -0.764763 -0.554629 0.327909
v -0.00972983 -0.0716749 0.00734829
vn -0.362945 -0.900598 0.239155
v -0.00946533 -0.071428 0.00851139
vn -0.473812 -0.83406 0.28257
v -0.00629073 -0.0717931 0.00478069
vn 0.221016 -0.972978 0.066824
v -0.000950531 -0.0715866 0.0139948
vn 0.0162939 -0.997339 0.0710526
v -0.000658431 -0.0715623 0.0118059
vn 0.0487385 -0.995815 -0.0773137
v 0.00180987 -0.0715894 0.0131204
vn 0.0060053 -0.999972 -0.0045803
v -0.00880753 -0.0714805 0.00969639
vn -0.469068 -0.850334 0.238551
v 0.00355197 -0.0715221 0.0117965
vn -0.0432868 -0.994391 -0.0964997
v 0.00147987 -0.0714816 0.0117014
vn 0.0099766 -0.993009 -0.11762
v 9.86687e-05 -0.0712553 0.0100773
vn 0.0623392 -0.981079 -0.183299
v 0.00223807 -0.0713091 0.0105652
vn -0.0094351 -0.982732 -0.184793
v -0.000992932 -0.070899 0.00788409
vn 0.147339 -0.968588 -0.200321
v 0.00173817 -0.0707075 0.00810209
vn 0.027712 -0.963255 -0.267157
v -0.00136623 -0.0705747 0.00586389
vn 0.257635 -0.956158 -0.139231
v -0.00277113 -0.0709636 0.00455789
vn 0.314077 -0.949306 0.0131917
v 8.6569e-05 -0.0703905 0.00651029
vn 0.15405 -0.957038 -0.245655
v 0.00388517 -0.0712082 0.00974959
vn -0.0872397 -0.975184 -0.203483
v -0.00945333 -0.0709413 0.00957899
vn -0.760005 -0.524173 0.384232
v 0.00381557 -0.0707106 0.00786909
vn -0.0959383 -0.952029 -0.290581
v 4.65687e-05 -0.070093 0.00514779
vn 0.229774 -0.955011 -0.187504
v 0.00544987 -0.0711629 0.00850059
vn -0.218424 -0.953525 -0.207559
v 0.00593047 -0.0716762 0.0109637
vn -0.113534 -0.991527 -0.063125
v 0.00290827 -0.0699486 0.00584499
vn -0.0533434 -0.963337 -0.262937
v 0.00475317 -0.0703005 0.00620819
vn -0.276606 -0.941338 -0.19332
v 0.00366097 -0.0696674 0.00392719
vn -0.294662 -0.955588 -0.0050488
v 0.00133817 -0.0699614 0.00559659
vn 0.109341 -0.958676 -0.262649
v -0.00885413 -0.067218 0.0117561
vn -0.783952 -0.0136917 0.62067
v -0.00997473 -0.066684 0.0100969
vn -0.887039 -0.0258248 0.460971
v -0.00962953 -0.0689951 0.0103691
vn -0.86704 -0.121895 0.483099
v 0.00694097 -0.0715743 0.00854689
vn -0.242116 -0.962319 -0.123781
v 0.00824117 -0.0719102 0.00917699
vn -0.0971554 -0.994764 -0.0317044
v 0.00557697 -0.0708741 0.00301179
vn -0.44982 -0.848816 0.277803
v 0.00570497 -0.0705904 0.00447599
vn -0.442794 -0.894529 0.0612492
v 0.00423627 -0.070291 0.00236849
vn -0.447508 -0.801895 0.395855
v 0.00640647 -0.0711372 0.00684469
vn -0.355434 -0.924703 -0.136345
v 0.00691457 -0.0712381 0.00563299
vn -0.375233 -0.925554 -0.0504945
v 0.00786857 -0.0716039 0.00626499
vn -0.251497 -0.966699 -0.0473521
v 0.00702217 -0.0712652 0.00486699
vn -0.41004 -0.911653 0.0274856
v 0.00518917 -0.0711549 0.00199099
vn -0.361019 -0.821942 0.440541
v 0.00674977 -0.0716445 0.00190499
vn -0.199372 -0.957513 0.208372
v 0.00628017 -0.0712566 0.00284589
vn -0.355513 -0.90566 0.231064
v 0.00734487 -0.0714328 0.00388679
vn -0.277767 -0.956351 0.0907706
v 0.00644277 -0.0711409 0.00378549
vn -0.401107 -0.901588 0.162026
v -0.00276143 -0.0714663 0.0150108
vn -0.0643349 -0.958626 0.277302
v -0.00430363 -0.0716744 0.0134002
vn -0.0403039 -0.991836 0.120979
v -0.00409133 -0.0714884 0.0146059
vn -0.122621 -0.940629 0.316515
v -0.00520963 -0.0713793 0.0143314
vn -0.358509 -0.738466 0.571086
v -0.00646713 -0.0707907 0.0138888
vn -0.602346 -0.355525 0.71469
v 0.00578237 -0.0719089 0.000257889
vn -0.052205 -0.971513 0.231163
v 0.00501977 -0.0716044 0.00104179
vn -0.181766 -0.893824 0.409926
v -0.00923783 -0.0719325 0.00624929
vn -0.0517544 -0.989522 0.134791
v -0.0102711 -0.0719781 0.00561379
vn -0.434717 -0.873511 0.219088
v -0.00925323 -0.0651319 0.0111086
vn -0.803196 0.0428478 0.594172
v -0.00692113 -0.0691838 0.0135349
vn -0.644047 -0.0319324 0.764319
v -0.00788843 -0.0680539 0.0127464
vn -0.687164 -0.0310739 0.725838
v -0.0103091 -0.0681127 0.00895859
vn -0.933132 -0.0673714 0.353166
v -0.00964553 -0.0701826 0.00985539
vn -0.85495 -0.277253 0.438397
v -0.0104579 -0.0698408 0.00829509
vn -0.923703 -0.171244 0.342707
v 0.0123744 -0.071545 0.00538159
vn 0.381879 -0.919635 0.0918672
v 0.0125248 -0.0717984 0.00317489
vn 0.254325 -0.958743 0.127006
v 0.0135253 -0.0712235 0.00371819
vn 0.738267 -0.665658 0.10891
v 0.0139838 -0.069846 0.00456559
vn 0.972947 -0.217689 0.0773646
v 0.013478 -0.0707208 0.00587369
vn 0.794509 -0.597811 0.106666
v 0.011218 -0.0718152 0.00598579
vn 0.168235 -0.985423 0.0252779
v 0.00975897 -0.0719541 0.00713079
vn -0.0157667 -0.999748 -0.0159966
v 0.0118602 -0.0715504 0.00803309
vn 0.346773 -0.935291 0.070561
v 0.0108948 -0.0718282 0.00834889
vn 0.19824 -0.978766 0.0521295
v 0.00971477 -0.0718888 0.0100809
vn 0.110151 -0.989407 0.0945594
v 0.0112452 0.0657773 -0.00356341
vn 0.19716 0.318491 0.927195
v 0.0108715 0.063846 -0.00280701
vn 0.17245 0.285008 0.942885
v 0.0123058 0.0637524 -0.00313461
vn 0.310211 0.283556 0.907395
v 0.0152077 0.0711178 -0.00593541
vn 0.577584 0.0891215 0.811452
v 0.0152254 0.0728237 -0.00656771
vn 0.401757 0.377817 0.834174
v 0.0136818 0.071886 -0.00552181
vn 0.247184 0.35929 0.899895
v 0.00867257 0.0666002 -0.00359361
vn 0.0425569 0.318285 0.947039
v 0.00485487 0.0656798 -0.00324571
vn -0.017817 0.289805 0.95692
v 0.00763357 0.0640141 -0.00267161
vn -0.0009577 0.297433 0.954742
v 0.00952107 0.0644422 -0.00284621
vn 0.0645013 0.319193 0.945492
v 0.00947397 0.0625342 -0.00226321
vn 0.0773439 0.201472 0.976436
v 0.0134936 0.0704727 -0.00515981
vn 0.314723 0.0922994 0.944685
v 0.0120516 0.0707829 -0.00487451
vn 0.146301 0.229533 0.962243
v 0.0123312 0.0695536 -0.00484171
vn 0.219508 0.115296 0.968774
v 0.0184963 0.0565308 -0.0119166
vn 0.365471 -0.0275289 0.930416
v 0.0196137 0.0542465 -0.0122837
vn 0.137071 -0.026682 0.990202
v 0.0195323 0.0569893 -0.0121119
vn 0.137224 0.0047841 0.990529
v 0.0114095 0.0617461 -0.00239791
vn 0.221326 0.111356 0.968821
v 0.0129613 0.0620044 -0.00289181
vn 0.382832 0.110141 0.917229
v 0.0183036 0.0545701 -0.0119397
vn 0.408043 -0.0200081 0.912743
v 0.0146894 0.0617274 -0.00406821
vn 0.759725 0.0191186 0.649964
v 0.0142875 0.06036 -0.00390041
vn 0.69612 -0.154326 0.701142
v 0.0151985 0.0610662 -0.00484191
vn 0.876861 -0.092663 0.471729
v 0.0163634 0.0706725 -0.00742781
vn 0.847531 -0.0812299 0.524493
v 0.0157706 0.0681208 -0.00680331
vn 0.819059 -0.038117 0.572441
v 0.0172314 0.0700792 -0.00953571
vn 0.909417 -0.164771 0.381852
v 0.0147714 0.0588904 -0.00500481
vn 0.852025 -0.165673 0.496595
v 0.0177079 0.0726116 -0.00944961
vn 0.867489 -0.210266 0.450834
v 0.0170273 0.0724281 -0.00841871
vn 0.848925 -0.15026 0.506704
v 0.0171548 0.0715232 -0.00877241
vn 0.878706 -0.132707 0.458546
v 0.0121997 0.0678418 -0.00444511
vn 0.278228 0.240538 0.929909
v 0.010571 0.069065 -0.00447121
vn 0.0944351 0.21164 0.972775
v 0.0107843 0.06734 -0.00400141
vn 0.134351 0.290083 0.947524
v 0.0132655 0.0691501 -0.00507031
vn 0.34649 0.0901513 0.933712
v 0.014052 0.067575 -0.00520211
vn 0.538841 0.142424 0.830281
v 0.0142148 0.0695857 -0.00550721
vn 0.457648 0.0200949 0.888907
v 0.0130107 0.0655374 -0.00406071
vn 0.406908 0.282072 0.868828
v 0.0217034 0.0559739 -0.0122354
vn 0.032839 -0.0179701 0.999299
v 0.0220147 0.0593995 -0.0123183
vn -0.0047095 0.0728695 0.99733
v 0.0196438 0.0592939 -0.0122623
vn 0.115908 0.100932 0.988119
v 0.0164708 0.0726459 -0.00740541
vn 0.731514 0.0444652 0.680375
v 0.0175947 0.0739103 -0.00862031
vn 0.768781 -0.173816 0.615438
v 0.0153125 0.0587013 -0.00634971
vn 0.933535 -0.124578 0.336144
v 0.0155853 0.0604316 -0.00615211
vn 0.964249 -0.108017 0.241985
v 0.0164993 0.0744613 -0.00779171
vn 0.366004 0.234889 0.900482
v 0.0188726 0.0747325 -0.0105068
vn 0.819976 -0.202249 0.535477
v 0.0182448 0.0753347 -0.00904801
vn 0.817752 -0.119176 0.563098
v 0.0176235 0.0750194 -0.00832481
vn 0.612872 -0.0662402 0.787401
v 0.015237 0.069555 -0.00613501
vn 0.668168 -0.0408207 0.74289
v 0.0168571 0.0602775 -0.0111344
vn 0.81033 0.186822 0.555394
v 0.0173466 0.0605278 -0.011784
vn 0.598975 0.196054 0.776396
v 0.0164728 0.0621007 -0.0112557
vn 0.879571 0.109872 0.462906
v 0.0177697 0.0575049 -0.0114411
vn 0.643131 0.0433446 0.764529
v 0.0176857 0.0559524 -0.0114592
vn 0.61713 -0.0547161 0.784957
v 0.0198957 0.0735406 -0.0119446
vn 0.418165 -0.163182 0.893593
v 0.0190475 0.0735681 -0.0113846
vn 0.635004 -0.373609 0.676156
v 0.019035 0.0726082 -0.0118197
vn 0.558446 -0.217306 0.800573
v 0.0185469 0.0615487 -0.0124523
vn 0.170168 0.140196 0.975391
v 0.017485 0.0624075 -0.012323
vn 0.463559 0.141005 0.874775
v 0.0181841 0.0606115 -0.012188
vn 0.306641 0.184018 0.933868
v 0.0219892 0.0662976 -0.0126362
vn -0.014567 -0.0343031 0.999305
v 0.0202986 0.0686342 -0.0124968
vn 0.0628588 -0.0783873 0.994939
v 0.0196669 0.0651368 -0.0127382
vn 0.0375785 -0.0211949 0.999069
v 0.0206815 0.0713911 -0.0123215
vn 0.130126 -0.0655814 0.989326
v 0.0191741 0.0705815 -0.0121476
vn 0.366391 -0.126645 0.921802
v 0.0169587 0.0667282 -0.0112589
vn 0.918221 -0.298263 0.260592
v 0.0165656 0.0655238 -0.011053
vn 0.966158 -0.179165 0.185574
v 0.0168917 0.0658895 -0.0119629
vn 0.763863 -0.204563 0.612101
v 0.0171921 0.0679367 -0.010749
vn 0.928996 -0.243633 0.278586
v 0.0173665 0.0671267 -0.0119269
vn 0.701812 -0.281424 0.654416
v 0.0178619 0.0691543 -0.0115132
vn 0.762391 -0.233264 0.603613
v 0.0161865 0.0629345 -0.00992761
vn 0.985785 -0.0374954 0.163771
v 0.0163696 0.0641419 -0.0108631
vn 0.98058 -0.0668907 0.184358
v 0.0163712 0.0652183 -0.00941341
vn 0.977956 -0.139973 0.154954
v 0.0185644 0.067647 -0.0124465
vn 0.296116 -0.162666 0.941199
v 0.0168615 0.0674246 -0.00958531
vn 0.957046 -0.18235 0.225413
v 0.0182604 0.0587188 -0.0118877
vn 0.388164 0.112471 0.914702
v 0.0162075 0.0612827 -0.00987281
vn 0.97111 0.0672837 0.228951
v 0.0167822 0.0666839 -0.0104138
vn 0.960115 -0.245089 0.134577
v 0.0217547 0.0511957 -0.0124412
vn 0.067824 -0.0084283 0.997662
v 0.0198955 0.06195 -0.0126199
vn 0.0248395 0.0847005 0.996097
v 0.0220937 0.0627338 -0.0125919
vn -0.0373302 0.053195 0.997886
v 0.0174457 0.0535122 -0.0114058
vn 0.628108 -0.0425588 0.776961
v 0.0170732 0.0554719 -0.0109024
vn 0.781925 -0.0547054 0.620968
v 0.0164961 0.0603431 -0.0104487
vn 0.918487 0.135137 0.371646
v 0.0167 0.0642043 -0.0120059
vn 0.77371 -0.0174325 0.6333
v 0.0175017 0.0639698 -0.0124217
vn 0.36229 0.0162652 0.931923
v 0.0167252 0.0591335 -0.0105737
vn 0.862793 0.155648 0.481001
v 0.0177663 0.0653996 -0.0124949
vn 0.311007 -0.0804646 0.946995
v 0.0183087 0.0633379 -0.012612
vn 0.157335 0.0488737 0.986335
v 0.0170994 0.0575565 -0.0107296
vn 0.810394 0.0404191 0.584489
v 0.0173299 0.0590874 -0.0113371
vn 0.681089 0.177281 0.710415
v 0.0182222 0.0711191 -0.011365
vn 0.77955 -0.175815 0.601157
v 0.0183296 0.0726028 -0.010866
vn 0.844409 -0.249808 0.473889
v 0.016293 0.0668414 -0.00808551
vn 0.931771 -0.100708 0.3488
v 0.0151477 0.0626911 -0.00489871
vn 0.855778 0.128504 0.50113
v 0.0154165 0.0639483 -0.00589811
vn 0.906165 0.122858 0.404685
v 0.0149084 0.0643431 -0.00518461
vn 0.780966 0.204178 0.590258
v 0.0135735 0.0634733 -0.00363151
vn 0.49702 0.273307 0.823574
v 0.0141547 0.0650312 -0.00462461
vn 0.620233 0.242134 0.746111
v 0.0148376 0.0661579 -0.00564541
vn 0.739284 0.133975 0.659932
v 0.0236442 0.0601644 -0.0123251
vn -0.0345579 0.0825358 0.995989
v 0.0156189 0.062328 -0.00602701
vn 0.968166 0.0166189 0.249759
v 0.0158429 0.0619419 -0.00818751
vn 0.985928 -0.0192987 0.166052
v 0.0162419 0.0586688 -0.00922291
vn 0.937448 0.0553604 0.343696
v 0.0166864 0.0564374 -0.0101089
vn 0.890256 -0.0348887 0.454122
v 0.0144551 0.0631257 -0.00418901
vn 0.68175 0.231274 0.694067
v 0.0156762 0.0595227 -0.00739931
vn 0.969927 -0.0488335 0.238445
v 0.0160549 0.0568126 -0.00835741
vn 0.941483 0.0170415 0.336628
v 0.0162714 0.0558528 -0.00917251
vn 0.94084 -0.0451198 0.335834
v 0.01583 0.0644036 -0.00728771
vn 0.964392 -0.0214037 0.26361
v 0.0156192 0.0576597 -0.00745571
vn 0.928292 -0.0177282 0.371429
v 0.0154582 0.0656817 -0.00641021
vn 0.87101 0.0423175 0.489439
v 0.0140283 0.0618514 -0.00343271
vn 0.582657 0.0595828 0.810531
v 0.0133565 0.0603236 -0.00321581
vn 0.515563 -0.0955574 0.851507
v 0.010231 0.0651067 -0.00316731
vn 0.114203 0.35125 0.92929
v -0.00109593 0.052815 0.00119959
vn 0.114989 0.343515 0.932081
v -0.00214443 0.0548125 0.000476888
vn 0.111196 0.378952 0.918712
v -0.00556203 0.0534107 0.00140309
vn 0.107947 0.319064 0.941566
v -0.00282443 0.0503219 0.00214259
vn 0.0877919 0.280154 0.955932
v 0.000229768 0.0493285 0.00213839
vn 0.109289 0.264445 0.958188
v -0.00169233 0.0491792 0.00235709
vn 0.0882487 0.231437 0.968839
v 0.00321297 0.0490484 0.00180999
vn 0.209138 0.289127 0.934166
v 0.00332677 0.0462121 0.00250209
vn 0.160978 0.225736 0.960796
v -0.00312153 0.0483031 0.00268029
vn 0.10053 0.238639 0.965891
v -0.0144405 0.0431507 0.00347029
vn -0.419468 0.200889 0.885263
v -0.0136123 0.0396417 0.00454579
vn -0.393147 0.120855 0.911499
v -0.0126731 0.0425844 0.00430419
vn -0.26069 0.221226 0.939734
v -0.0109434 0.0401685 0.00515269
vn -0.125605 0.191815 0.97336
v -0.01033 0.0434984 0.00444899
vn -0.0750831 0.246975 0.966109
v 0.000997669 0.0468354 0.00266889
vn 0.111521 0.222894 0.968443
v 0.00194467 0.0446824 0.00294689
vn 0.117287 0.169702 0.978491
v -0.00872033 0.0506296 0.00262129
vn 0.0509846 0.26595 0.962638
v -0.00560653 0.0485375 0.00293059
vn 0.0956689 0.253838 0.962504
v -0.000585531 0.0475389 0.00261079
vn 0.0965297 0.239183 0.966164
v -0.00866403 0.0464292 0.00368349
vn 0.0263443 0.246184 0.968865
v -0.0107374 0.0488493 0.00303599
vn -0.0602543 0.218887 0.973888
v -0.00149313 0.0483128 0.00250759
vn 0.0970749 0.234646 0.967222
v -0.00153603 0.0474443 0.00278689
vn 0.108589 0.256658 0.960383
v -0.0146324 0.0383833 0.00410439
vn -0.520464 0.0300827 0.853354
v -0.0154125 0.0411481 0.00336719
vn -0.533377 0.130254 0.835789
v -0.010381 0.0462905 0.00364939
vn -0.0868734 0.249417 0.964492
v -0.00287123 0.0460743 0.00324119
vn 0.0741124 0.264068 0.961653
v -0.00247023 0.0472703 0.00289419
vn 0.0792691 0.252307 0.964395
v -0.00407383 0.0460096 0.00333459
vn 0.0876019 0.251132 0.963981
v -0.00642363 0.0444784 0.00396609
vn 0.0884572 0.251587 0.963784
v -0.00256693 0.0444967 0.00366369
vn 0.118223 0.238409 0.963942
v -0.00811953 0.0423955 0.00470379
vn 0.0571055 0.240043 0.969081
v -0.00116503 0.0435741 0.00360289
vn 0.172423 0.186975 0.967115
v -0.000384031 0.0453486 0.00315399
vn 0.129561 0.207983 0.969514
v -0.0137992 0.0454563 0.00316099
vn -0.318105 0.209999 0.924505
v -0.013687 0.0438434 0.00358579
vn -0.358167 0.218779 0.907663
v -0.00928573 0.0397566 0.00534149
vn -0.0155087 0.196461 0.980389
v -0.00197683 0.041417 0.00420219
vn 0.196511 0.187827 0.962343
v -0.0120671 0.0465918 0.00333009
vn -0.178661 0.216697 0.959751
v 0.000632669 0.0558673 -0.000350411
vn 0.147888 0.346521 0.926311
v -0.00316643 0.0572817 -0.000387711
vn 0.131857 0.341739 0.930499
v -0.00172473 0.0464568 0.00302519
vn 0.107535 0.24549 0.963416
v 0.00400907 0.0428803 0.00308299
vn 0.0781236 0.165827 0.983055
v 0.00653347 0.0418825 0.00300639
vn 0.175276 0.218542 0.959957
v -0.00427933 0.0426164 0.00433909
vn 0.102668 0.232482 0.967167
v 0.00222787 0.0520441 0.000970688
vn 0.211467 0.350876 0.912232
v 0.00255597 0.0425139 0.00318449
vn 0.067478 0.130406 0.989162
v -0.000351832 0.0586091 -0.00120241
vn 0.0989386 0.305794 0.946943
v -0.00248733 0.0595658 -0.00127931
vn 0.126056 0.264502 0.956111
v 0.000325769 0.0427637 0.00348269
vn 0.175915 0.145345 0.973616
v -0.0120484 0.0391083 0.00513819
vn -0.245317 0.134725 0.960036
v -0.0175785 0.0671822 -0.0105384
vn -0.884246 0.103482 -0.455412
v -0.0185602 0.0644532 -0.00953461
vn -0.929006 0.126889 -0.347631
v -0.0183642 0.0667702 -0.00902051
vn -0.894486 0.100459 -0.435663
v -0.019067 0.0649294 -0.00792891
vn -0.914935 0.0823535 -0.395111
v -0.0191488 0.0621251 -0.00843901
vn -0.93798 0.0615594 -0.341181
v -0.0132741 0.0509094 0.00237629
vn -0.140028 0.172236 0.975052
v -0.0158574 0.0545422 0.00130529
vn -0.23795 0.126687 0.96298
v -0.015039 0.0507888 0.00203719
vn -0.269816 0.107837 0.956854
v -0.0175821 0.0528031 0.000930889
vn -0.439769 0.0641629 0.895816
v -0.0184279 0.0529778 0.000425488
vn -0.569502 0.0319507 0.821369
v -0.0179632 0.0509803 0.000767688
vn -0.560989 -0.0249558 0.827447
v -0.0136869 0.0482847 0.00266129
vn -0.256913 0.142188 0.955917
v -0.0149485 0.0479549 0.00231499
vn -0.354727 0.106025 0.928939
v -0.0137992 0.0454563 0.00316099
vn -0.318105 0.209999 0.924505
v -0.0176817 0.0425471 -0.00465941
vn -0.972609 -0.124115 -0.196537
v -0.0177088 0.0392465 -0.00315731
vn -0.964404 -0.13467 -0.227574
v -0.0183671 0.042496 -0.00236141
vn -0.977377 -0.116961 -0.176224
v -0.0179768 0.0399374 8.51887e-05
vn -0.961149 -0.117925 0.249574
v -0.0173255 0.0400509 0.00163649
vn -0.840843 -0.0335743 0.540236
v -0.0180563 0.0421039 0.000320189
vn -0.922412 -0.0447781 0.383602
v -0.0182502 0.0406245 -0.00143611
vn -0.987693 -0.15249 -0.0347682
v -0.0171446 0.0404918 -0.00566141
vn -0.972391 -0.198085 -0.123361
v -0.0164035 0.0501793 0.00156899
vn -0.409973 0.0403839 0.911203
v -0.0161464 0.0472781 0.00183609
vn -0.485539 0.0736264 0.871109
v -0.017624 0.0437184 -0.00701181
vn -0.997099 -0.0744538 -0.0157943
v -0.0174863 0.0419121 -0.00626721
vn -0.985113 -0.171648 0.0094767
v -0.0184233 0.0423878 -0.000860711
vn -0.987523 -0.0875979 0.130863
v -0.0183795 0.0419328 -0.00144481
vn -0.995972 -0.0817863 -0.0367559
v -0.0181999 0.0464612 0.000197989
vn -0.78987 -0.0140742 0.613113
v -0.0184775 0.0485194 4.03884e-05
vn -0.764627 -0.084611 0.638895
v -0.0187873 0.0471275 -0.000711211
vn -0.936471 -0.0940975 0.337887
v -0.0191776 0.0496815 -0.000766612
vn -0.926944 -0.146976 0.345214
v -0.0191089 0.0481019 -0.00204001
vn -0.988473 -0.137768 -0.0627742
v -0.0117594 0.0527168 0.00210699
vn -0.011432 0.223802 0.974568
v -0.0139759 0.0545938 0.00162609
vn -0.103162 0.170398 0.97996
v -0.0192686 0.0529128 -0.000256912
vn -0.761695 -0.0227022 0.647538
v -0.0144405 0.0431507 0.00347029
vn -0.419468 0.200889 0.885263
v -0.0150806 0.0456263 0.00257309
vn -0.431711 0.148166 0.88976
v -0.0161883 0.04457 0.00214449
vn -0.555245 0.136212 0.820457
v -0.0164147 0.0525398 0.00142349
vn -0.323828 0.0975997 0.941069
v -0.0177113 0.0429232 0.000963888
vn -0.824208 0.0216901 0.565871
v -0.0168059 0.0421092 0.00213459
vn -0.690604 0.0901891 0.717587
v -0.0154125 0.0411481 0.00336719
vn -0.533377 0.130254 0.835789
v -0.0160225 0.0392437 0.00311029
vn -0.661836 0.0140034 0.749518
v -0.0187496 0.04513 -0.00162241
vn -0.994306 -0.105921 0.0116941
v -0.0146324 0.0383833 0.00410439
vn -0.520464 0.0300827 0.853354
v -0.0183724 0.044611 -0.000120511
vn -0.911997 -0.0366554 0.408556
v -0.0187435 0.0502509 3.18891e-05
vn -0.73826 -0.100479 0.666991
v -0.0107374 0.0488493 0.00303599
vn -0.0602543 0.218887 0.973888
v -0.00872033 0.0506296 0.00262129
vn 0.0509846 0.26595 0.962638
v -0.0120671 0.0465918 0.00333009
vn -0.178661 0.216697 0.959751
v -0.0181047 0.0472157 -0.00503281
vn -0.969634 -0.0927358 -0.226295
v -0.0184717 0.0456315 -0.00334681
vn -0.959226 -0.116916 -0.257326
v -0.018832 0.049231 -0.00360761
vn -0.943871 -0.132638 -0.302513
v -0.0177835 0.0450747 -0.00529411
vn -0.982759 -0.105222 -0.152033
v -0.0129943 0.0568375 0.00123689
vn 0.0331117 0.203686 0.978476
v -0.0179067 0.0490726 0.000612688
vn -0.634386 -0.058181 0.770824
v -0.0173852 0.0469811 0.00101759
vn -0.637651 0.0239579 0.769953
v -0.0170969 0.0490215 0.00120649
vn -0.53954 -0.0017582 0.841958
v -0.0175326 0.0446458 0.00103919
vn -0.728636 0.0569195 0.682531
v -0.0188102 0.0494445 -0.000241011
vn -0.831136 -0.127774 0.54119
v -0.0176133 0.0419925 -0.00757991
vn -0.987737 -0.129212 0.0876414
v -0.0193289 0.0532845 -0.00386701
vn -0.93127 -0.151635 -0.331274
v -0.0202821 0.056426 -0.00276811
vn -0.959098 -0.12498 -0.253991
v -0.0200828 0.0580442 -0.00383181
vn -0.937396 -0.144245 -0.31699
v -0.0215071 0.0675008 -0.00239001
vn -0.922302 -0.0504217 0.383167
v -0.0214487 0.0652556 -0.00258361
vn -0.991617 -0.0479515 0.119986
v -0.0212421 0.0654938 -0.00210691
vn -0.817365 -0.0287368 0.575404
v -0.0212215 0.0632955 -0.00213281
vn -0.928507 -0.0666837 0.365277
v -0.0164147 0.0525398 0.00142349
vn -0.323828 0.0975997 0.941069
v -0.0158574 0.0545422 0.00130529
vn -0.23795 0.126687 0.96298
v -0.0174038 0.054452 0.000823988
vn -0.379006 0.105601 0.919349
v -0.0222144 0.0720949 -0.00361941
vn -0.903912 -0.236503 -0.356384
v -0.0217715 0.0695848 -0.00315811
vn -0.980201 -0.185173 -0.0701241
v -0.0225777 0.0725032 -0.00281901
vn -0.942218 -0.316412 -0.110035
v -0.0191776 0.0496815 -0.000766612
vn -0.926944 -0.146976 0.345214
v -0.0196312 0.0519607 -0.00101671
vn -0.940675 -0.130545 0.313192
v -0.0196265 0.0512738 -0.00213321
vn -0.979993 -0.166197 -0.109513
v -0.0209798 0.0607045 -0.00285391
vn -0.984214 -0.152097 -0.0904938
v -0.0206878 0.060836 -0.00183441
vn -0.874294 -0.132137 0.467066
v -0.0204882 0.057417 -0.00170881
vn -0.942256 -0.0503378 0.33109
v -0.0202062 0.0542558 -0.00180851
vn -0.987932 -0.125469 0.0908215
v -0.0197892 0.0555105 -0.000908512
vn -0.778114 -0.0262658 0.627574
v -0.0206075 0.0646835 -0.00149181
vn -0.648983 0.0199763 0.76054
v -0.0210301 0.0667202 -0.00186081
vn -0.65522 0.0198246 0.755178
v -0.0205549 0.0584159 -0.00267151
vn -0.981826 -0.127683 -0.14041
v -0.0181056 0.056981 0.000301989
vn -0.441638 0.049329 0.895836
v -0.0203244 0.0621892 -0.00112991
vn -0.693339 -0.0331551 0.719849
v -0.0190635 0.056901 -0.000287711
vn -0.58825 0.0383638 0.807768
v -0.0187957 0.055064 3.56889e-05
vn -0.581181 0.052095 0.812105
v -0.0199198 0.0594606 -0.00109931
vn -0.737756 -0.0365361 0.674078
v -0.0196319 0.0571469 -0.000779012
vn -0.696715 0.011075 0.717263
v -0.0205884 0.059414 -0.00209091
vn -0.925891 -0.0942015 0.365858
v -0.0192686 0.0529128 -0.000256912
vn -0.761695 -0.0227022 0.647538
v -0.0184279 0.0529778 0.000425488
vn -0.569502 0.0319507 0.821369
v -0.0214703 0.069723 -0.00209581
vn -0.670207 -0.0927611 0.736354
v -0.0212611 0.0638021 -0.00326291
vn -0.956574 -0.103573 -0.272469
v -0.0214125 0.0666904 -0.00323401
vn -0.967907 -0.0640386 -0.243011
v -0.0192665 0.0579809 -0.000455211
vn -0.617289 0.0158073 0.786578
v -0.018961 0.0591503 -0.000264111
vn -0.567642 -0.0027167 0.823271
v -0.0207969 0.0664526 -0.00460721
vn -0.889072 -0.0891378 -0.449005
v -0.0205148 0.0617996 -0.00411611
vn -0.897349 -0.102462 -0.429262
v -0.0175821 0.0528031 0.000930889
vn -0.439769 0.0641629 0.895816
v -0.0198647 0.0658713 -0.00622321
vn -0.889633 -0.03379 -0.455424
v -0.0202224 0.0673943 -0.00576841
vn -0.874711 -0.0781692 -0.4783
v -0.0200363 0.0694735 -0.00646911
vn -0.819714 -0.0907853 -0.565532
v -0.0190971 0.0613424 -0.000210612
vn -0.527478 -0.0106547 0.849502
v -0.0199429 0.0628672 -0.00545771
vn -0.94518 -0.0507521 -0.322581
v -0.0209727 0.0680705 -0.00188811
vn -0.542013 0.0181146 0.840175
v -0.0139759 0.0545938 0.00162609
vn -0.103162 0.170398 0.97996
v -0.0129943 0.0568375 0.00123689
vn 0.0331117 0.203686 0.978476
v -0.0153894 0.0573675 0.00105169
vn -0.116119 0.121782 0.985741
v -0.0222446 0.0713612 -0.00231261
vn -0.754997 -0.222841 0.616702
v -0.0213859 0.0705061 -0.00465801
vn -0.873732 -0.175471 -0.453654
v -0.0192889 0.0513705 -0.000475311
vn -0.838094 -0.103329 0.535651
v -0.016927 0.0578538 0.000709888
vn -0.277363 0.0606117 0.958852
v -0.0189223 0.0676074 -0.00786541
vn -0.856514 0.0012415 -0.516123
v -0.0183642 0.0667702 -0.00902051
vn -0.894486 0.100459 -0.435663
v -0.019067 0.0649294 -0.00792891
vn -0.914935 0.0823535 -0.395111
v -0.0191488 0.0621251 -0.00843901
vn -0.93798 0.0615594 -0.341181
v -0.0196734 0.0604243 -0.00710861
vn -0.981301 -0.0585762 -0.183348
v -0.0196962 0.0631651 -0.00679441
vn -0.958173 0.0291725 -0.284698
v -0.0197802 0.0591586 -0.00549531
vn -0.964845 -0.125109 -0.23113
v -0.0192209 0.0556725 -0.00549611
vn -0.95495 -0.164266 -0.247159
v -0.0188743 0.056966 -0.00811291
vn -0.964987 -0.163458 -0.205138
v -0.0187435 0.0502509 3.18891e-05
vn -0.73826 -0.100479 0.666991
v -0.0130375 0.0287262 0.00550209
vn -0.557339 -0.0074692 0.830251
v -0.0137484 0.0303662 0.00513449
vn -0.617638 -0.01994 0.78621
v -0.0139512 0.0293382 0.00486969
vn -0.646965 -0.064124 0.759819
v -0.0129908 0.0334243 0.00540689
vn -0.482687 0.103378 0.86967
v -0.0141471 0.0325569 0.00472449
vn -0.634104 0.0541488 0.771349
v -0.0128779 0.0307984 0.00571599
vn -0.499007 0.0162373 0.866446
v -0.00531733 0.0281561 0.00740259
vn 0.0108431 0.16168 0.986784
v -0.00597083 0.0308358 0.00701209
vn 0.0250297 0.15649 0.987362
v -0.00759653 0.0287158 0.00728319
vn -0.0782817 0.113646 0.990433
v -0.0117925 0.0314702 0.00622339
vn -0.364608 0.0693488 0.928575
v -0.00158733 0.038786 0.00460579
vn 0.230217 0.211275 0.949928
v -0.00145623 0.0372738 0.00495929
vn 0.21734 0.266513 0.939007
v 4.10683e-05 0.0377064 0.00450359
vn 0.211743 0.261835 0.941598
v -0.0104243 0.0309768 0.00666099
vn -0.225451 0.0701815 0.971723
v -0.00967833 0.0329947 0.00655179
vn -0.138045 0.153567 0.978448
v -0.0115061 0.0339298 0.00599989
vn -0.302738 0.144765 0.942015
v 0.00412337 0.0312509 0.00580919
vn 0.189031 0.157721 0.969222
v 0.00586037 0.0345958 0.00481519
vn 0.204703 0.2245 0.952731
v 0.00312217 0.0345036 0.00526979
vn 0.0984323 0.277446 0.955686
v -0.00780693 0.0337742 0.00653569
vn -0.0140806 0.186534 0.982348
v -0.0102194 0.0364898 0.00581529
vn -0.136853 0.165526 0.976664
v 0.00140977 0.0393212 0.00372309
vn 0.131761 0.216798 0.967284
v 1.8969e-05 0.0400553 0.00393169
vn 0.238239 0.178594 0.954645
v -0.00849403 0.0272437 0.00733829
vn -0.125255 0.135041 0.982891
v -0.00938403 0.028757 0.00698059
vn -0.20595 0.101243 0.973311
v -0.00990923 0.0262196 0.00725279
vn -0.268003 0.104599 0.957723
v 0.00186977 0.0378034 0.00408649
vn 0.0590365 0.287556 0.955943
v 0.00329407 0.0397881 0.00362039
vn 0.0275948 0.211162 0.977061
v -0.0113808 0.0288613 0.00639259
vn -0.375359 0.0588149 0.925012
v -0.0147188 0.0307965 0.00423159
vn -0.744753 -0.0185033 0.667084
v -0.00342543 0.0318608 0.00668779
vn 0.090635 0.182755 0.978972
v -0.00377593 0.0297457 0.00700229
vn 0.0779148 0.1629 0.983561
v 0.00158747 0.0410347 0.00340369
vn 0.115332 0.135734 0.98401
v -0.00848093 0.0308035 0.00695799
vn -0.0877908 0.118013 0.989124
v -0.00628213 0.035722 0.00605089
vn 0.0706031 0.216159 0.973802
v -0.00531133 0.0346023 0.00617159
vn 0.0961953 0.230234 0.968369
v -0.00425983 0.0349237 0.00604119
vn 0.0926194 0.2315 0.968416
v 0.00509117 0.0379136 0.00400249
vn 0.106827 0.251835 0.961856
v 0.00712477 0.0375169 0.00376149
vn 0.210533 0.219121 0.952713
v -0.00823193 0.0368414 0.00587759
vn -0.0122018 0.192636 0.981194
v -0.00427933 0.0426164 0.00433909
vn 0.102668 0.232482 0.967167
v -0.00604273 0.0407983 0.00488729
vn 0.0919732 0.220187 0.971112
v -0.00312053 0.0379058 0.00516809
vn 0.159133 0.231181 0.959808
v 0.00302247 0.0367619 0.00448039
vn 0.0091666 0.316475 0.948557
v -0.00559143 0.0376882 0.00551029
vn 0.110271 0.223548 0.968435
v -0.00545733 0.0334521 0.00649799
vn 0.064651 0.21184 0.975164
v 0.00255597 0.0425139 0.00318449
vn 0.067478 0.130406 0.989162
v 0.00129897 0.0359111 0.00477589
vn 0.108681 0.328102 0.93837
v 0.00223047 0.0351314 0.00504339
vn 0.0179829 0.354551 0.934864
v 0.000325769 0.0427637 0.00348269
vn 0.175915 0.145345 0.973616
v -0.00197683 0.041417 0.00420219
vn 0.196511 0.187827 0.962343
v 0.00116967 0.0347087 0.00526129
vn 0.0956764 0.398235 0.91228
v 0.00513057 0.0407331 0.00329899
vn 0.0520737 0.197878 0.978842
v -0.00737573 0.0389287 0.00542979
vn 0.0682871 0.208641 0.975605
v -0.000682031 0.0293685 0.00679069
vn 0.121476 0.194089 0.973434
v -0.000437231 0.0335583 0.00596059
vn 0.135778 0.250593 0.958524
v -0.00810293 0.025962 0.00759109
vn -0.114283 0.158713 0.980688
v -0.00719213 0.0270835 0.00744169
vn -0.064617 0.145501 0.987246
v 0.00653347 0.0418825 0.00300639
vn 0.175276 0.218542 0.959957
v 0.00400907 0.0428803 0.00308299
vn 0.0781236 0.165827 0.983055
v -0.0139236 0.0226238 0.00476279
vn -0.757602 -0.0467469 0.651041
v -0.0135335 0.0251142 0.00523929
vn -0.700474 0.0023164 0.713674
v -0.0145987 0.0252565 0.00397079
vn -0.81022 -0.0208918 0.585754
v -0.0116549 0.0265237 0.00658919
vn -0.446204 0.0693869 0.892237
v -0.000557631 0.0359002 0.00516599
vn 0.215559 0.309185 0.92625
v -0.0122371 0.0277167 0.00608239
vn -0.512907 0.0984665 0.852778
v -0.0142691 0.0278406 0.00447819
vn -0.736893 -0.0298826 0.675348
v -0.0128747 0.0268263 0.00573629
vn -0.606953 0.0467723 0.79336
v -0.0122813 0.0247943 0.00627689
vn -0.54044 0.0135001 0.841274
v -0.0127904 0.0228239 0.00589149
vn -0.622778 -0.0424124 0.781248
v -0.0110121 0.0247984 0.00687349
vn -0.404304 0.0307172 0.914109
v -0.0148384 0.0227216 0.00349049
vn -0.849744 -0.0473872 0.525061
v -0.00987963 -0.0724261 0.000393289
vn -0.582261 -0.785746 -0.208746
v -0.00910803 -0.072464 -0.000623512
vn -0.352505 -0.90897 -0.222519
v -0.00845653 -0.0723745 0.000545689
vn 0.0595371 -0.996218 0.063286
v -0.0105694 -0.0709014 0.00110519
vn -0.931605 -0.167503 -0.322575
v -0.011181 -0.0698543 0.00335059
vn -0.988737 -0.0931528 -0.117139
v -0.0109538 -0.069013 0.00201519
vn -0.957215 -0.054755 -0.284149
v -0.0102175 -0.0724145 0.00223719
vn -0.477933 -0.873892 -0.0888442
v -0.00824523 -0.0653484 -0.00388261
vn -0.996174 0.0448531 0.075004
v -0.00861253 -0.0673145 -0.00432771
vn -0.980333 0.0644628 0.186524
v -0.00833873 -0.0671127 -0.00326721
vn -0.992548 0.040848 -0.114801
v -0.00948853 -0.0717626 -0.000951111
vn -0.836608 -0.336802 -0.432033
v -0.00867993 -0.0684964 -0.00239261
vn -0.929832 0.0406015 -0.365738
v -0.00876763 -0.0659817 -0.00244401
vn -0.880724 -0.0523748 -0.470724
v -0.0110527 -0.0673139 0.00681059
vn -0.943179 -0.112258 0.312748
v -0.0113967 -0.0664628 0.00628379
vn -0.97576 -0.0647963 0.209032
v -0.0112567 -0.0680085 0.00603769
vn -0.971469 -0.107495 0.211405
v -0.0110788 -0.0616659 0.00730019
vn -0.959655 0.0347021 0.27903
v -0.0113144 -0.0631506 0.00643599
vn -0.984307 0.021979 0.175091
v -0.0111683 -0.0646825 0.00713999
vn -0.966763 -0.0204739 0.254854
v -0.00847463 -0.0651826 -0.00314691
vn -0.919587 -0.0406464 -0.390778
v -0.00833273 -0.0637774 -0.00349281
vn -0.922655 -0.0198517 -0.385116
v -0.00855743 -0.068978 -0.00386691
vn -0.996272 0.0787687 -0.0351678
v -0.010934 -0.0714726 0.00279969
vn -0.93232 -0.307411 -0.190469
v -0.0110307 -0.0665798 0.00721359
vn -0.938018 -0.0908502 0.334466
v -0.0106101 -0.0661132 0.00848959
vn -0.934144 -0.0493588 0.353466
v -0.010948 -0.0664895 0.00169949
vn -0.94369 -0.0138033 -0.330543
v -0.0104308 -0.0684987 0.000628789
vn -0.913169 -0.0259415 -0.406754
v -0.0109381 -0.0624354 0.00157499
vn -0.951232 -0.0302505 -0.30699
v -0.0101541 -0.0596526 -0.000709412
vn -0.900026 -0.0741258 -0.429487
v -0.00982443 -0.0650895 -0.000763511
vn -0.887292 -0.0369922 -0.459722
v -0.0113982 -0.0649789 0.00350089
vn -0.990568 -0.0029875 -0.136987
v -0.011284 -0.0678653 0.00308629
vn -0.984535 -0.04162 -0.170171
v -0.0114337 -0.0673788 0.00464709
vn -0.99874 -0.0498596 -0.0057461
v -0.0108867 -0.0719258 0.00407859
vn -0.782254 -0.61895 0.0705641
v -0.0102711 -0.0719781 0.00561379
vn -0.434717 -0.873511 0.219088
v -0.0109667 -0.0709451 0.00582239
vn -0.92899 -0.310999 0.200642
v -0.00883763 -0.0635588 -0.00272961
vn -0.858998 -0.052598 -0.509269
v -0.0114515 -0.0576541 0.00354629
vn -0.996952 -0.0682612 -0.0377704
v -0.0114038 -0.060364 0.00410099
vn -0.999446 -0.0109972 -0.0314245
v -0.0114331 -0.0580382 0.00516369
vn -0.995194 -0.0349511 0.0914748
v -0.00818493 -0.0724867 -0.00210151
vn -0.389552 -0.909583 -0.144599
v -0.00873953 -0.0714322 -0.00283661
vn -0.898837 -0.313467 -0.306317
v -0.00957783 -0.0698018 -0.00104591
vn -0.881038 -0.0108139 -0.472921
v -0.00879713 -0.0702614 -0.00233291
vn -0.922508 0.0993978 -0.372959
v -0.0116936 -0.0526134 0.00455159
vn -0.99518 0.0339008 0.0920169
v -0.0115408 -0.0551147 0.00564429
vn -0.983962 -0.0314683 0.175581
v -0.0113973 -0.0522677 0.00643079
vn -0.976235 0.0250375 0.215262
v -0.00898053 -0.060397 -0.00277171
vn -0.868727 -0.0692438 -0.490426
v -0.0101614 -0.0722601 0.00392689
vn -0.178366 -0.976332 0.122313
v -0.00904153 -0.072222 0.00392009
vn 0.056105 -0.994327 0.0903643
v -0.0103091 -0.0681127 0.00895859
vn -0.933132 -0.0673714 0.353166
v -0.00997473 -0.066684 0.0100969
vn -0.887039 -0.0258248 0.460971
v -0.0117038 -0.05517 0.00389169
vn -0.998388 -0.0555649 0.0115692
v -0.0115299 -0.0556375 0.00202619
vn -0.982319 -0.0872819 -0.165621
v -0.0111633 -0.0701289 0.00477769
vn -0.990208 -0.123492 0.0650925
v -0.0110078 -0.0693732 0.00621879
vn -0.968988 -0.108937 0.2218
v -0.0112998 -0.0691014 0.00500829
vn -0.989075 -0.119776 0.0859344
v -0.0110705 -0.071038 0.00405979
vn -0.987173 -0.159597 0.0043571
v -0.0111718 -0.0548919 0.00701539
vn -0.95366 -0.0389384 0.298356
v -0.0105952 -0.062447 0.00857709
vn -0.906148 0.0620333 0.418387
v -0.0108787 -0.0637274 0.00825709
vn -0.927525 0.0055285 0.37372
v -0.0101296 -0.063506 0.00964599
vn -0.863672 0.0334903 0.502941
v -0.0112708 -0.05971 0.00628199
vn -0.98438 0.0067423 0.175928
v -0.0113589 -0.0614156 0.00560999
vn -0.995305 0.0129113 0.0959246
v -0.0108278 -0.0678962 0.00742009
vn -0.952659 -0.0788018 0.29365
v -0.0104579 -0.0698408 0.00829509
vn -0.923703 -0.171244 0.342707
v -0.00817753 -0.0634914 -0.00418771
vn -0.987499 0.0301317 0.154717
v -0.0114668 -0.0646845 0.00547679
vn -0.997948 0.0074401 0.0635896
v -0.00623583 -0.0724892 -0.00197941
vn 0.0338881 -0.994815 0.0958908
v -0.0104132 -0.0599521 0.00876419
vn -0.894601 0.0309285 0.445795
v -0.0105532 -0.0562966 0.00845379
vn -0.903955 -0.0367324 0.426046
v -0.011097 -0.0579132 0.00694909
vn -0.960158 -0.0110422 0.279239
v -0.00866283 -0.0704925 -0.00357141
vn -0.987306 -0.0624871 -0.146025
v -0.00854983 -0.0652148 -0.00455991
vn -0.971198 0.0459528 0.233799
v -0.00925323 -0.0651319 0.0111086
vn -0.803196 0.0428478 0.594172
v -0.011432 -0.0627337 0.00440519
vn -0.999499 0.0167305 -0.026858
v -0.0113272 -0.0620777 0.00326319
vn -0.988559 -0.0062065 -0.150709
v -0.0112943 -0.0591607 0.00259859
vn -0.986204 -0.048551 -0.158254
v -0.0109482 -0.0579957 0.000830889
vn -0.943653 -0.0927595 -0.31767
v -0.0103081 -0.0712114 0.00758359
vn -0.764763 -0.554629 0.327909
v -0.00609983 -0.0720008 0.00225939
vn 0.132667 -0.984838 0.111776
v -0.00854983 -0.0652148 -0.00455991
vn -0.971198 0.0459528 0.233799
v -0.00854403 -0.0667593 -0.00516541
vn -0.998971 0.0132915 -0.0433572
v -0.00861253 -0.0673145 -0.00432771
vn -0.980333 0.0644628 0.186524
v -0.00858413 -0.0649003 -0.00551801
vn -0.999061 0.001628 0.0432876
v -0.00845603 -0.0704934 -0.00482741
vn -0.948399 -0.276029 -0.156033
v -0.00819773 -0.0713226 -0.00475771
vn -0.887513 -0.396756 -0.234319
v -0.00866283 -0.0704925 -0.00357141
vn -0.987306 -0.0624871 -0.146025
v -0.00864163 -0.0699936 -0.00439851
vn -0.994067 -0.0799344 -0.0737648
v -0.00855743 -0.068978 -0.00386691
vn -0.996272 0.0787687 -0.0351678
v -0.00873953 -0.0714322 -0.00283661
vn -0.898837 -0.313467 -0.306317
v -0.00750353 -0.0723515 -0.00479561
vn -0.552373 -0.823171 -0.131433
v -0.00674503 -0.0726825 -0.00391731
vn -0.163138 -0.985867 0.0381063
v -0.00818493 -0.0724867 -0.00210151
vn -0.389552 -0.909583 -0.144599
v -0.00623583 -0.0724892 -0.00197941
vn 0.0338881 -0.994815 0.0958908
v -0.00354373 -0.0730467 -0.00820471
vn -0.147613 -0.982303 -0.115285
v -0.00480853 -0.0730424 -0.00714871
vn -0.0714205 -0.98673 -0.145816
v -0.00491173 -0.0724368 -0.00826321
vn -0.35431 -0.835068 -0.420864
v -0.00471633 -0.0731391 -0.00623721
vn 0.0689652 -0.98956 0.12655
v -0.00591723 -0.0730591 -0.00572251
vn -0.0045358 -0.986391 0.164356
v -0.00345963 -0.0729494 -0.00628801
vn 0.0533212 -0.987571 0.147855
v -0.00223923 -0.073205 -0.00757521
vn -0.0178787 -0.99002 0.139787
v -0.00310913 -0.072256 -0.00118641
vn 0.0278858 -0.991747 0.125138
v -0.00130893 -0.0725177 -0.00465171
vn 0.0137234 -0.993592 0.112187
v 0.00148167 -0.0724256 -0.00202771
vn 0.0094607 -0.992023 0.125698
v -0.00484463 -0.0728295 -0.00551651
vn 0.106923 -0.957577 0.267608
v -0.00426613 -0.0725416 -0.00406661
vn 0.0644977 -0.988979 0.13327
v -0.00565963 -0.0727587 -0.00436961
vn 0.077842 -0.983561 0.162935
v -0.00609983 -0.0720008 0.00225939
vn 0.132667 -0.984838 0.111776
v 0.00175987 -0.0725186 -0.00472381
vn 0.0208586 -0.99574 0.0898122
v -0.00139223 -0.0727749 -0.00665401
vn 0.0509487 -0.971262 0.232495
v -0.0200363 0.0694735 -0.00646911
vn -0.819714 -0.0907853 -0.565532
v -0.0210949 0.0716955 -0.00549221
vn -0.791408 -0.120982 -0.599197
v -0.0205435 0.0735424 -0.00634411
vn -0.773511 -0.0505116 -0.631767
v -0.0188537 0.072878 -0.00846071
vn -0.813125 -0.0462922 -0.580245
v -0.019288 0.0749224 -0.00803731
vn -0.781532 0.0144072 -0.623699
v -0.0219537 0.0728937 -0.00460781
vn -0.824717 -0.141652 -0.547519
v -0.0213859 0.0705061 -0.00465801
vn -0.873732 -0.175471 -0.453654
v -0.0171889 0.0714383 -0.0106909
vn -0.963981 -0.212003 -0.160607
v -0.017947 0.0699121 -0.00940501
vn -0.842393 -0.010522 -0.538761
v -0.0176805 0.0731013 -0.0103867
vn -0.938458 -0.106305 -0.328627
v -0.0225777 0.0725032 -0.00281901
vn -0.942218 -0.316412 -0.110035
v -0.0228983 0.0740154 -0.00342211
vn -0.829542 -0.220493 -0.513072
v -0.0222144 0.0720949 -0.00361941
vn -0.903912 -0.236503 -0.356384
v -0.0183642 0.0667702 -0.00902051
vn -0.894486 0.100459 -0.435663
v -0.0189223 0.0676074 -0.00786541
vn -0.856514 0.0012415 -0.516123
v -0.0202015 0.0760896 -0.00682261
vn -0.749021 0.104532 -0.654248
v -0.016857 0.0698003 -0.0112176
vn -0.919492 -0.0110083 -0.392955
v -0.0236163 0.0743523 -0.00234001
vn -0.918368 -0.362842 0.157943
v -0.0175785 0.0671822 -0.0105384
vn -0.884246 0.103482 -0.455412
v -0.0222446 0.0713612 -0.00231261
vn -0.754997 -0.222841 0.616702
v -0.0226383 0.0729347 -0.00213551
vn -0.57626 -0.355125 0.736078
v -0.0238571 0.0758954 -0.00172171
vn -0.689946 -0.0158328 0.723688
v -0.0236622 0.0758759 -0.00300621
vn -0.882429 -0.120271 -0.454812
v -0.0163142 0.0789516 -0.00825201
vn -0.272059 0.918966 -0.285455
v -0.017763 0.0790332 -0.00708381
vn -0.268521 0.873264 -0.40658
v -0.0159911 0.0791948 -0.00756281
vn -0.117706 0.9878 -0.101966
v -0.0141652 0.0791886 -0.00986001
vn -0.254447 0.964382 -0.0722834
v -0.0176367 0.0786671 -0.00774991
vn -0.430701 0.734725 -0.524096
v -0.0149928 0.0788008 -0.0102013
vn -0.402936 0.902919 -0.149599
v -0.0162371 0.0786542 -0.00919391
vn -0.420148 0.83454 -0.356397
v -0.0185305 0.077754 -0.00798501
vn -0.633869 0.478801 -0.60742
v -0.0193839 0.078681 -0.00649041
vn -0.480294 0.647075 -0.592124
v -0.0189309 0.0792351 -0.00582961
vn -0.09918 0.994564 -0.0317005
v -0.0156945 0.0784003 -0.0104806
vn -0.512888 0.853189 -0.0949498
v -0.0168224 0.0779626 -0.00974911
vn -0.612213 0.672211 -0.416327
v -0.0209165 0.0789274 -0.00516501
vn -0.40618 0.805054 -0.432326
v -0.0174917 0.0769465 -0.00984701
vn -0.818418 0.432056 -0.378839
v -0.0165616 0.0776977 -0.0107389
vn -0.661362 0.75001 0.0092552
v -0.0186884 0.0763475 -0.00858001
vn -0.763793 0.208641 -0.61081
v -0.0212169 0.0776635 -0.00538651
vn -0.664534 0.185838 -0.723781
v -0.0135156 0.0795556 -0.0118011
vn -0.237698 0.885685 0.398827
v -0.0146549 0.0789667 -0.0108535
vn -0.42191 0.903892 0.0705116
v -0.012009 0.079533 -0.0100851
vn -0.0925175 0.9954 0.0248683
v -0.0118839 0.0796103 -0.0112068
vn -0.0946395 0.976186 0.195202
v -0.0179543 0.0751968 -0.00968501
vn -0.943353 0.0934365 -0.318363
v -0.0176383 0.0763979 -0.010931
vn -0.913463 0.405305 0.0362251
v -0.0182069 0.0750895 -0.0110987
vn -0.980282 0.105375 0.167164
v -0.0171752 0.0771287 -0.0109223
vn -0.770867 0.61139 0.178794
v -0.0176594 0.0718483 -0.0116231
vn -0.897026 -0.307402 0.317567
v -0.0172177 0.0774665 -0.0114331
vn -0.604426 0.648506 0.462718
v -0.0225212 0.0788129 -0.00403281
vn -0.507468 0.82658 -0.243397
v -0.0146662 0.0795893 -0.0125468
vn -0.2362 0.641914 0.72949
v -0.0157631 0.0786277 -0.0116438
vn -0.426811 0.809887 0.402388
v -0.0152226 0.0806932 -0.0131145
vn -0.126978 0.402252 0.906681
v -0.0165198 0.0790644 -0.0126383
vn -0.3194 0.666188 0.673927
v -0.0173674 0.0779961 -0.0120891
vn -0.430245 0.654445 0.621764
v -0.0221656 0.0755161 -0.00458981
vn -0.74271 -0.0353687 -0.668679
v -0.0232031 0.077403 -0.00364361
vn -0.776278 0.124759 -0.617921
v -0.0233134 0.0783395 -0.00279041
vn -0.528557 0.785925 0.320858
v -0.0240506 0.0772301 -0.00236611
vn -0.894076 0.359298 0.267459
v -0.0128054 0.080786 -0.0128892
vn -0.0992835 0.59283 0.799184
v -0.00952113 0.0796973 -0.0111543
vn -0.0099746 0.969777 0.243791
v -0.0109758 0.0801196 -0.0123651
vn -0.0625477 0.722661 0.688366
v -0.00977913 0.0817886 -0.0129782
vn -0.0035358 0.343733 0.939061
v -0.00855793 0.080408 -0.0125558
vn 0.0522708 0.610445 0.790332
v -0.0176534 0.0518089 -0.00860541
vn -0.934214 -0.0585469 -0.351875
v -0.0171976 0.0507682 -0.00972771
vn -0.934545 -0.0266247 -0.354849
v -0.0177966 0.0497056 -0.00807031
vn -0.966767 -0.0394407 -0.2526
v -0.0182356 0.0498173 -0.00555751
vn -0.967966 -0.104901 -0.228119
v -0.018509 0.0521621 -0.00557741
vn -0.959003 -0.133573 -0.249944
v -0.0182262 0.051302 -0.00696861
vn -0.968473 -0.108183 -0.224402
v -0.0193289 0.0532845 -0.00386701
vn -0.93127 -0.151635 -0.331274
v -0.0192209 0.0556725 -0.00549611
vn -0.95495 -0.164266 -0.247159
v -0.0188627 0.0537139 -0.00534051
vn -0.944209 -0.185342 -0.272247
v -0.018832 0.049231 -0.00360761
vn -0.943871 -0.132638 -0.302513
v -0.0196265 0.0512738 -0.00213321
vn -0.979993 -0.166197 -0.109513
v -0.0184569 0.0534239 -0.00713051
vn -0.962942 -0.160416 -0.216815
v -0.0191089 0.0481019 -0.00204001
vn -0.988473 -0.137768 -0.0627742
v -0.0191776 0.0496815 -0.000766612
vn -0.926944 -0.146976 0.345214
v -0.0181047 0.0472157 -0.00503281
vn -0.969634 -0.0927358 -0.226295
v -0.0177835 0.0450747 -0.00529411
vn -0.982759 -0.105222 -0.152033
v -0.0179121 0.0463661 -0.00673981
vn -0.995698 -0.0876535 -0.030035
v -0.017624 0.0437184 -0.00701181
vn -0.997099 -0.0744538 -0.0157943
v -0.0179658 0.0478197 -0.00601841
vn -0.9954 -0.0689226 -0.0665451
v -0.0188743 0.056966 -0.00811291
vn -0.964987 -0.163458 -0.205138
v -0.018043 0.0481392 -0.00698841
vn -0.997908 -0.0540827 -0.0354074
v -0.0114236 -0.0481149 0.00374419
vn -0.999237 0.0230806 -0.0315151
v -0.011257 -0.0469724 0.00219859
vn -0.986392 -0.0172747 -0.163499
v -0.0113627 -0.0488548 0.00227709
vn -0.988066 0.0966988 -0.119892
v -0.00964953 -0.0487505 -0.00560531
vn -0.937195 -0.253121 -0.23999
v -0.00947223 -0.0497979 -0.00553071
vn -0.973589 -0.115497 -0.196936
v -0.00971353 -0.0491463 -0.00482631
vn -0.911614 -0.212302 -0.351977
v -0.0110328 -0.0456462 0.000287688
vn -0.99354 -0.113418 0.0039353
v -0.0111626 -0.0449088 -0.000443212
vn -0.993554 -0.113313 -0.0034212
v -0.0110959 -0.0464791 -0.000682011
vn -0.998503 -0.051187 0.0192946
v -0.0102661 -0.0510242 -0.00299911
vn -0.908541 -0.127914 -0.397733
v -0.010224 -0.0538606 -0.00222701
vn -0.887331 -0.156791 -0.433659
v -0.0109074 -0.0524326 -0.00125681
vn -0.927343 -0.093274 -0.362401
v -0.0109203 -0.0504499 -0.00149471
vn -0.960327 -0.0281355 -0.277454
v -0.0114555 -0.0521627 0.000460489
vn -0.976963 -0.0108591 -0.213134
v -0.0111313 -0.0493351 -0.000161612
vn -0.990121 0.0967347 -0.101498
v -0.0112207 -0.0450283 0.00122209
vn -0.987901 -0.108119 -0.111181
v -0.0109839 -0.0464185 0.000800588
vn -0.992454 -0.0734337 -0.0981966
v -0.0110323 -0.0546818 -0.000180512
vn -0.933123 -0.12219 -0.338157
v -0.0100829 -0.0453512 -0.00503921
vn -0.917444 -0.121901 -0.37873
v -0.0102028 -0.0441247 -0.00543301
vn -0.913979 -0.0631457 -0.400818
v -0.00977013 -0.0442659 -0.00643391
vn -0.922237 -0.0679467 -0.380608
v -0.0107617 -0.0435703 -0.00427341
vn -0.937573 -0.05148 -0.343957
v -0.0114323 -0.0499229 0.00506099
vn -0.994129 0.0470175 0.097455
v -0.0115824 -0.0505023 0.00336959
vn -0.996436 0.0839578 0.0081632
v -0.00954223 -0.0524785 -0.00416751
vn -0.953568 -0.116184 -0.277867
v -0.00940583 -0.0511829 -0.00544711
vn -0.984539 -0.0535129 -0.166794
v -0.00936203 -0.0526209 -0.00560721
vn -0.989451 -0.0878948 -0.11516
v -0.011038 -0.0479274 -0.00121731
vn -0.99744 -0.0216441 -0.0681593
v -0.0108908 -0.0488962 -0.00173381
vn -0.979657 -0.0602925 -0.191408
v -0.00964473 -0.0504134 -0.00444941
vn -0.928673 -0.139181 -0.343796
v -0.0101428 -0.0493949 -0.00408461
vn -0.880227 -0.190623 -0.434584
v -0.0113072 -0.0437528 0.000380388
vn -0.99054 -0.134401 -0.0277103
v -0.0105561 -0.049231 -0.00295901
vn -0.947291 -0.124395 -0.295239
v -0.0102734 -0.0477347 -0.00452521
vn -0.932045 -0.0989731 -0.348563
v -0.00958503 -0.0466032 -0.00594031
vn -0.922924 0.010698 -0.384834
v -0.0108619 -0.0477344 -0.00260341
vn -0.973616 -0.0904024 -0.209523
v -0.0111681 -0.048929 0.00108909
vn -0.968635 0.186899 -0.163754
v -0.0108975 -0.0484018 0.000509389
vn -0.991739 0.110552 -0.0650495
v -0.0109596 -0.0477688 -6.17106e-05
vn -0.997751 0.0092788 0.0663916
v -0.0109785 -0.0469939 -0.00177241
vn -0.994779 -0.0467521 -0.0907101
v -0.00952133 -0.0453913 -0.00650341
vn -0.924268 -0.151694 -0.350311
v -0.0109929 -0.0477014 0.00103129
vn -0.985952 0.0226225 -0.165489
v -0.0109311 -0.047012 0.000277088
vn -0.998397 -0.0453411 0.0338811
v -0.0114045 -0.0432026 -0.00142001
vn -0.992579 -0.0625216 -0.104301
v -0.0116936 -0.0526134 0.00455159
vn -0.99518 0.0339008 0.0920169
v -0.0113973 -0.0522677 0.00643079
vn -0.976235 0.0250375 0.215262
v -0.00976723 -0.0430072 -0.00603931
vn -0.892808 -0.0178404 -0.450084
v -0.0110066 -0.0458809 -0.00266871
vn -0.976523 -0.0781985 -0.200719
v -0.00947593 -0.0413963 -0.00726431
vn -0.920424 0.0273413 -0.389964
v -0.0102861 -0.0415051 -0.00535981
vn -0.914222 -0.0088643 -0.405116
v -0.00967513 -0.0478207 -0.00633631
vn -0.949629 -0.0176839 -0.312876
v -0.0114273 -0.0465332 0.00536719
vn -0.995858 -0.0119239 0.0901358
v -0.0115299 -0.0556375 0.00202619
vn -0.982319 -0.0872819 -0.165621
v -0.0117755 -0.0527563 0.00263459
vn -0.998285 0.0110464 -0.0574942
v -0.0115113 -0.0503781 0.00167689
vn -0.989053 0.107101 -0.101504
v -0.0114483 -0.0456177 0.00325339
vn -0.996813 -0.0450687 -0.0658203
v -0.0117038 -0.05517 0.00389169
vn -0.998388 -0.0555649 0.0115692
v -0.00866403 -0.0611259 -0.00554271
vn -0.98456 0.0427501 0.169747
v -0.00855023 -0.0599058 -0.00492651
vn -0.980691 -0.0140796 0.195057
v -0.00862093 -0.060218 -0.00590581
vn -0.997276 -0.0051258 0.0735778
v -0.0101541 -0.0596526 -0.000709412
vn -0.900026 -0.0741258 -0.429487
v -0.00949983 -0.056792 -0.00254061
vn -0.877374 -0.144147 -0.457642
v -0.00898053 -0.060397 -0.00277171
vn -0.868727 -0.0692438 -0.490426
v -0.00865933 -0.0567753 -0.00479671
vn -0.970532 -0.200651 0.13344
v -0.00885303 -0.0573357 -0.00539211
vn -0.945902 -0.157587 0.283613
v -0.00853783 -0.0579614 -0.00504031
vn -0.958699 -0.132156 0.251856
v -0.00881353 -0.0582402 -0.00583421
vn -0.954045 -0.0647666 0.29258
v -0.00871703 -0.0590717 -0.00546811
vn -0.949946 -0.0038696 0.31239
v -0.00903233 -0.0564787 -0.00565631
vn -0.953741 -0.157283 0.256203
v -0.00833463 -0.060268 -0.00398561
vn -0.988571 -0.0506918 -0.141978
v -0.00834083 -0.0592617 -0.00401371
vn -0.98013 -0.0227052 -0.197051
v -0.00897983 -0.0558162 -0.00412691
vn -0.955005 -0.203393 -0.215864
v -0.00937283 -0.0544748 -0.00359771
vn -0.928204 -0.172347 -0.329749
v -0.00911433 -0.0544586 -0.00527981
vn -0.985431 -0.145185 -0.0885849
v -0.00860303 -0.0627814 -0.00573681
vn -0.998235 -0.0450789 0.038655
v -0.00864823 -0.0619081 -0.00499061
vn -0.954885 0.0061645 0.296912
v -0.00827603 -0.0621153 -0.00448381
vn -0.948639 -0.0404494 0.313765
v -0.00853203 -0.0632575 -0.00483601
vn -0.95581 0.0134008 0.293678
v -0.00817753 -0.0634914 -0.00418771
vn -0.987499 0.0301317 0.154717
v -0.00836213 -0.058737 -0.00466771
vn -0.984457 -0.0388117 0.171285
v -0.00854313 -0.0577385 -0.00390051
vn -0.946731 -0.153641 -0.283009
v -0.00854983 -0.0652148 -0.00455991
vn -0.971198 0.0459528 0.233799
v -0.00883763 -0.0635588 -0.00272961
vn -0.858998 -0.052598 -0.509269
v -0.00828713 -0.0618536 -0.00370411
vn -0.958156 -0.0623263 -0.279378
v -0.00833273 -0.0637774 -0.00349281
vn -0.922655 -0.0198517 -0.385116
v -0.0110323 -0.0546818 -0.000180512
vn -0.933123 -0.12219 -0.338157
v -0.010224 -0.0538606 -0.00222701
vn -0.887331 -0.156791 -0.433659
v -0.0104414 -0.0565076 -0.000790612
vn -0.894344 -0.133769 -0.426912
v -0.00858413 -0.0649003 -0.00551801
vn -0.999061 0.001628 0.0432876
v -0.00936203 -0.0526209 -0.00560721
vn -0.989451 -0.0878948 -0.11516
v -0.00954223 -0.0524785 -0.00416751
vn -0.953568 -0.116184 -0.277867
v -0.00838603 -0.0610489 -0.00461841
vn -0.973856 -0.0138815 0.226744
v -0.0109482 -0.0579957 0.000830889
vn -0.943653 -0.0927595 -0.31767
v -0.00898323 -0.0557637 -0.00491141
vn -0.983411 -0.160271 0.0849433
v -0.00885943 -0.0574892 -0.00587571
vn -0.993382 -0.105025 0.0465035
v -0.0115299 -0.0556375 0.00202619
vn -0.982319 -0.0872819 -0.165621
v 0.00768057 0.0447507 0.00184899
vn 0.288576 0.315221 0.904079
v 0.00889417 0.0420439 0.00236829
vn 0.327584 0.252082 0.910573
v 0.00924457 0.0447583 0.00127409
vn 0.392851 0.344553 0.852615
v 0.00882567 0.0386551 0.00307889
vn 0.321829 0.182819 0.92898
v 0.00653347 0.0418825 0.00300639
vn 0.175276 0.218542 0.959957
v 0.00902697 0.0597007 -0.00194241
vn 0.106355 0.0524224 0.992945
v 0.00727727 0.0617694 -0.00205821
vn 0.0080828 0.177488 0.98409
v 0.00615147 0.0597747 -0.00183161
vn 0.0292271 0.106131 0.993922
v 0.0112389 0.0546 -0.00286671
vn 0.464938 -0.0881316 0.880946
v 0.0129845 0.0558616 -0.00366961
vn 0.60445 -0.162753 0.779841
v 0.0123991 0.0582059 -0.00286771
vn 0.46996 -0.101 0.87689
v 0.00545947 0.0467367 0.00184959
vn 0.277788 0.298306 0.913153
v 0.00692497 0.048195 0.000729489
vn 0.375617 0.352299 0.857203
v 0.00332677 0.0462121 0.00250209
vn 0.160978 0.225736 0.960796
v 0.00321297 0.0490484 0.00180999
vn 0.209138 0.289127 0.934166
v 0.00478997 0.0632061 -0.00250601
vn -0.0339388 0.270112 0.962231
v 0.00402847 0.0612226 -0.00203531
vn -0.0015763 0.203426 0.979089
v 0.00575327 0.0615065 -0.00205271
vn -0.0242478 0.181563 0.98308
v 0.00963407 0.0556744 -0.00215511
vn 0.254061 -0.0564488 0.96554
v 0.0109327 0.0569311 -0.00235641
vn 0.333026 -0.0983715 0.937772
v 0.00993277 0.0577005 -0.00205591
vn 0.193218 -0.0282199 0.98075
v 0.00830947 0.056618 -0.00184601
vn 0.173139 0.0137414 0.984802
v 0.0137318 0.0583997 -0.00376841
vn 0.675642 -0.14152 0.723519
v 0.0147714 0.0588904 -0.00500481
vn 0.852025 -0.165673 0.496595
v 0.0142875 0.06036 -0.00390041
vn 0.69612 -0.154326 0.701142
v 0.00689577 0.0576725 -0.00170921
vn 0.0938416 0.0790478 0.992444
v 0.00504867 0.0576902 -0.00157451
vn 0.0899132 0.144836 0.985362
v 0.012376 0.0535641 -0.00371581
vn 0.599879 -0.093789 0.794574
v 0.00183357 0.0611175 -0.00198401
vn 0.0363838 0.226651 0.973296
v 0.00265107 0.0590357 -0.00162321
vn 0.0773306 0.217753 0.972936
v 0.0136421 0.0450306 -0.00294431
vn 0.860642 0.32179 0.394646
v 0.0128201 0.047261 -0.00314531
vn 0.77786 0.300591 0.551887
v 0.0126809 0.045923 -0.00204021
vn 0.74645 0.37814 0.547561
v -0.000382131 0.0620912 -0.00212491
vn 0.0861867 0.294481 0.951763
v 0.00223867 0.0624386 -0.00236751
vn 0.0058863 0.298642 0.954347
v 0.0111411 0.0591694 -0.00232021
vn 0.275191 -0.0176292 0.961228
v 0.0169039 0.0484204 -0.0116012
vn 0.487024 -0.187592 0.853005
v 0.0177644 0.0463556 -0.0122593
vn 0.176106 -0.105707 0.978679
v 0.0178484 0.0487051 -0.0119447
vn 0.317696 -0.107717 0.942054
v 0.00833437 0.0541345 -0.00179691
vn 0.305202 0.0990376 0.947124
v 0.00593707 0.055071 -0.00127401
vn 0.228377 0.198078 0.95321
v 0.00363317 0.0564467 -0.00111211
vn 0.179246 0.253877 0.950483
v 0.0141923 0.056381 -0.00475361
vn 0.794608 -0.152165 0.587745
v -0.000342432 0.0605106 -0.00174321
vn 0.0895463 0.239246 0.966821
v 0.000632669 0.0558673 -0.000350411
vn 0.147888 0.346521 0.926311
v 0.0153125 0.0587013 -0.00634971
vn 0.933535 -0.124578 0.336144
v 0.0150084 0.0568133 -0.00619071
vn 0.889932 -0.0930451 0.446503
v 0.00731417 0.0515072 -0.000797912
vn 0.393279 0.286612 0.873604
v 0.00975677 0.0514933 -0.00201171
vn 0.474346 0.188094 0.860009
v 0.0134781 0.0537763 -0.00462251
vn 0.719294 -0.123047 0.683722
v -0.000351832 0.0586091 -0.00120241
vn 0.0989386 0.305794 0.946943
v 0.0163691 0.0510164 -0.0104185
vn 0.869411 -0.0872753 0.486321
v 0.0162654 0.0494982 -0.0107029
vn 0.812104 -0.209396 0.544647
v 0.0169792 0.0509031 -0.0112223
vn 0.66006 -0.0981364 0.744775
v 0.019752 0.0483626 -0.0123181
vn 0.083803 -0.0323803 0.995956
v 0.0185472 0.0491595 -0.0120847
vn 0.212023 -0.0645399 0.975131
v 0.0137162 0.045441 -0.00899801
vn 0.966671 -0.242092 -0.0833033
v 0.0140161 0.046098 -0.00955491
vn 0.839423 -0.411888 0.354567
v 0.0140659 0.0466323 -0.00877181
vn 0.906664 -0.418264 0.0549121
v 0.0165608 0.0525303 -0.0105696
vn 0.827946 -0.0820167 0.554778
v 0.00334287 0.0544835 -0.000403612
vn 0.233077 0.340803 0.910785
v 0.00447877 0.0498083 0.00113309
vn 0.322294 0.337765 0.884331
v 0.00499557 0.0520412 1.7489e-05
vn 0.329988 0.331616 0.883821
v 0.0133565 0.0603236 -0.00321581
vn 0.515563 -0.0955574 0.851507
v 0.00222787 0.0520441 0.000970688
vn 0.211467 0.350876 0.912232
v 0.0123719 0.0604891 -0.00272171
vn 0.374139 -0.0366336 0.926649
v 0.0193891 0.0512568 -0.0122196
vn 0.179558 -0.0082534 0.983713
v 0.0179373 0.0506894 -0.0118235
vn 0.389781 -0.0634986 0.918716
v 0.0145525 0.0542636 -0.00592411
vn 0.821035 -0.100713 0.561925
v 0.0185428 0.0529457 -0.0119962
vn 0.35051 -0.0066268 0.936535
v 0.0196137 0.0542465 -0.0122837
vn 0.137071 -0.026682 0.990202
v 0.0104364 0.0553364 -0.00242251
vn 0.333714 -0.1181 0.935247
v 0.0132949 0.044201 -0.00167121
vn 0.775374 0.354858 0.52237
v 0.0217547 0.0511957 -0.0124412
vn 0.067824 -0.0084283 0.997662
v 0.0144878 0.0474321 -0.00797711
vn 0.910496 -0.39332 0.12766
v 0.0142482 0.0469656 -0.00666051
vn 0.990588 -0.0917933 0.101536
v 0.0141243 0.0462114 -0.00777691
vn 0.976766 -0.178738 -0.118238
v 0.0145055 0.0436491 -0.00437851
vn 0.98188 0.167905 0.0878545
v 0.0137114 0.0464775 -0.00426441
vn 0.89602 0.228615 0.380636
v 0.0140675 0.0478046 -0.00567771
vn 0.932763 0.033065 0.35897
v 0.0141712 0.045978 -0.00546021
vn 0.982404 0.118019 0.144756
v 0.0141981 0.0455239 -0.00659321
vn 0.996616 -0.0015122 -0.0821835
v 0.0174457 0.0535122 -0.0114058
vn 0.628108 -0.0425588 0.776961
v 0.0136421 0.0449149 -0.0100163
vn 0.852297 -0.329481 0.406241
v 0.0143083 0.0448381 -0.00563111
vn 0.99391 0.0939149 -0.0576381
v 0.00947397 0.0625342 -0.00226321
vn 0.0773439 0.201472 0.976436
v 0.0114095 0.0617461 -0.00239791
vn 0.221326 0.111356 0.968821
v 0.00981117 0.0542807 -0.00229571
vn 0.336442 0.0103952 0.941647
v 0.0158761 0.046646 -0.0114917
vn 0.553797 -0.25172 0.793691
v 0.0162911 0.0458502 -0.0119375
vn 0.369766 -0.18067 0.91139
v 0.00712477 0.0375169 0.00376149
vn 0.210533 0.219121 0.952713
v 0.0183036 0.0545701 -0.0119397
vn 0.408043 -0.0200081 0.912743
v 0.0159407 0.0478927 -0.0110741
vn 0.691381 -0.328127 0.643681
v 0.00763357 0.0640141 -0.00267161
vn -0.0009577 0.297433 0.954742
v 0.0143578 0.0458183 -0.0102035
vn 0.751494 -0.380297 0.539102
v 0.0155833 0.0483804 -0.0100323
vn 0.858044 -0.36767 0.358579
v 0.0149748 0.0464765 -0.0107936
vn 0.735472 -0.336465 0.588109
v 0.0139137 0.0444061 -0.00793701
vn 0.955654 -0.0612584 -0.28805
v 0.00485487 0.0656798 -0.00324571
vn -0.017817 0.289805 0.95692
v 0.0129613 0.0620044 -0.00289181
vn 0.382832 0.110141 0.917229
v 0.0145318 0.0482089 -0.00700451
vn 0.928843 -0.219674 0.298319
v -0.00248733 0.0595658 -0.00127931
vn 0.126056 0.264502 0.956111
v 0.0158774 0.0502288 -0.00930991
vn 0.943631 -0.150643 0.294732
v 0.0152622 0.0486929 -0.00824821
vn 0.892331 -0.333133 0.304579
v 0.0157575 0.0549251 -0.00768361
vn 0.909999 -0.0616461 0.410001
v 0.0156192 0.0576597 -0.00745571
vn 0.928292 -0.0177282 0.371429
v 0.0151635 0.0522219 -0.00706501
vn 0.858443 -0.0625892 0.509076
v 0.0155424 0.050844 -0.00784891
vn 0.913423 -0.0798755 0.399098
v 0.0158076 0.052263 -0.00848921
vn 0.94616 -0.0585034 0.31837
v 0.0161409 0.051917 -0.00977711
vn 0.934341 -0.0656207 0.350286
v 0.0160549 0.0568126 -0.00835741
vn 0.941483 0.0170415 0.336628
v 0.0166566 0.0545684 -0.0103444
vn 0.859801 -0.0698132 0.505834
v 0.0161517 0.0536061 -0.00948151
vn 0.936576 -0.0784246 0.341576
v 0.0162714 0.0558528 -0.00917251
vn 0.94084 -0.0451198 0.335834
v 0.0170732 0.0554719 -0.0109024
vn 0.781925 -0.0547054 0.620968
v 0.0166864 0.0564374 -0.0101089
vn 0.890256 -0.0348887 0.454122
v 0.0154781 0.0498684 -0.00804831
vn 0.913083 -0.184214 0.363791
v 0.0146673 0.0497304 -0.00663951
vn 0.861147 -0.102028 0.498013
v 0.0216489 0.0470505 -0.0123796
vn 0.0050844 -0.0104558 0.999932
v 0.0146319 0.0471425 -0.00950491
vn 0.810504 -0.485622 0.327498
v 0.0139789 0.0517587 -0.00544601
vn 0.782746 -0.0494194 0.620376
v 0.0127439 0.0515872 -0.00416941
vn 0.678334 0.0011158 0.734753
v 0.0132208 0.049183 -0.00447041
vn 0.79759 0.11516 0.592105
v 0.0114633 0.0519287 -0.00312861
vn 0.592771 0.0347685 0.80462
v 0.0120809 0.0502943 -0.00344941
vn 0.690402 0.129583 0.711726
v 0.0129326 0.0427553 -0.000339811
vn 0.714685 0.282154 0.640012
v 0.0120119 0.0452567 -0.000779412
vn 0.64096 0.393101 0.659274
v 0.0112071 0.0497645 -0.00250811
vn 0.627687 0.247683 0.738012
v 0.0107912 0.0407765 0.00185399
vn 0.459095 0.200744 0.865409
v 0.0106265 0.0449603 0.000450988
vn 0.490475 0.374349 0.786954
v 0.0121248 0.0488668 -0.00304711
vn 0.711048 0.262939 0.65213
v 0.0105516 0.0480098 -0.00121961
vn 0.560762 0.363738 0.743801
v 0.0117832 0.0476259 -0.00210851
vn 0.67203 0.356584 0.649018
v 0.00900647 0.0482564 -0.000345211
vn 0.451689 0.366877 0.813251
v 0.0117783 0.0431389 0.000539089
vn 0.542989 0.315378 0.778267
v 0.00454637 -0.072289 -0.011757
vn 0.165565 -0.278607 0.946027
v 0.00468767 -0.0712559 -0.0115856
vn 0.239143 -0.605364 0.759174
v 0.00368217 -0.0716902 -0.0113159
vn 0.495799 -0.739018 0.45611
v 0.00428087 -0.072623 -0.00889391
vn 0.260976 -0.833088 -0.487706
v 0.00374367 -0.0719381 -0.0101101
vn 0.482796 -0.762163 -0.431295
v 0.00486977 -0.0718195 -0.00941801
vn 0.244203 -0.731811 -0.636253
v 0.00492897 -0.0708898 -0.0107963
vn 0.203463 -0.972761 -0.111076
v 0.00460947 -0.0713271 -0.0101754
vn 0.315947 -0.791734 -0.522815
v 0.00413377 -0.0712131 -0.0108772
vn 0.547847 -0.835827 -0.0354517
v 0.00289067 -0.0727128 -0.00958851
vn 0.255575 -0.88561 -0.387785
v 0.00205387 -0.073124 -0.00889801
vn 0.117768 -0.968087 -0.221222
v 0.00150687 -0.0726438 -0.0102605
vn 0.123518 -0.932449 -0.339531
v 0.000734068 -0.0731728 -0.00903811
vn 0.0466656 -0.982995 -0.177603
v 0.000547569 -0.0731556 -0.00792071
vn 0.0395906 -0.972023 0.231524
v -0.000673231 -0.0732897 -0.00806821
vn 0.0266232 -0.99234 0.120634
v 0.00332937 -0.0730802 -0.00827481
vn 0.12323 -0.989501 -0.075518
v 0.00599507 -0.0712406 -0.0100133
vn 0.123243 -0.860264 -0.49473
v 0.00586957 -0.0715747 -0.0116905
vn 0.0168242 -0.436765 0.899419
v 0.00574467 -0.0708505 -0.0112253
vn 0.0539089 -0.933895 0.35346
v 0.00232327 -0.0730912 -0.00794061
vn 0.055593 -0.974215 0.218667
v 0.00148447 -0.0732591 -0.00817751
vn 0.0464987 -0.987607 0.149902
v 0.00343017 -0.0722661 -0.0116731
vn 0.290405 -0.592857 0.751123
v 0.00662977 -0.0729306 -0.00657251
vn 0.027127 -0.999158 -0.0307665
v 0.00489947 -0.0726121 -0.00631091
vn -0.0545992 -0.981151 0.185372
v 0.00489717 -0.0729749 -0.00757671
vn 0.0534802 -0.998213 -0.0266797
v 0.00267387 -0.0722189 -0.0110603
vn 0.396048 -0.909172 -0.128654
v 0.00337807 -0.0728315 -0.00723381
vn 0.0056366 -0.974847 0.222805
v 0.00160277 -0.0728428 -0.00734681
vn 0.0380124 -0.961681 0.271522
v 0.00298217 -0.0726306 -0.00601311
vn 0.0259437 -0.991608 0.126648
v -0.000268132 -0.0728771 -0.0105401
vn 0.0586874 -0.977993 -0.200212
v 0.000395569 -0.0728909 -0.0101326
vn 0.109057 -0.961455 -0.25241
v -0.000524732 -0.0731239 -0.00940961
vn 0.0116469 -0.984682 -0.173969
v -0.00188053 -0.0731762 -0.00886381
vn -0.100927 -0.984984 -0.140071
v -0.00147463 -0.0729656 -0.0102094
vn -0.0777636 -0.977701 -0.195071
v -5.33111e-06 -0.0729368 -0.00727221
vn 0.0345594 -0.963419 0.265761
v 0.000471269 -0.0727861 -0.00613131
vn 0.0137488 -0.990238 0.138708
v -0.00139223 -0.0727749 -0.00665401
vn 0.0509487 -0.971262 0.232495
v -0.00223923 -0.073205 -0.00757521
vn -0.0178787 -0.99002 0.139787
v -0.00354373 -0.0730467 -0.00820471
vn -0.147613 -0.982303 -0.115285
v -0.00304743 -0.0726872 -0.00993351
vn -0.187871 -0.954525 -0.231488
v 0.00622087 -0.0725216 -0.00841301
vn 0.201969 -0.860088 -0.468462
v -0.00130893 -0.0725177 -0.00465171
vn 0.0137234 -0.993592 0.112187
v 0.00175987 -0.0725186 -0.00472381
vn 0.0208586 -0.99574 0.0898122
v 0.00396587 0.0795097 -0.00976821
vn 0.0234808 0.823104 0.567405
v 0.00394777 0.0797208 -0.0104203
vn -0.0316874 0.974185 0.223518
v 0.00244747 0.0795215 -0.0100055
vn -0.0657865 0.924105 0.376435
v 0.00676267 0.0793209 -0.00973591
vn 0.077477 0.709312 0.700624
v 0.00827267 0.0793255 -0.0100066
vn 0.118906 0.677753 0.725612
v 0.00708827 0.0798482 -0.0107598
vn -0.0122013 0.90024 0.435223
v -0.00671453 0.0804885 -0.0127374
vn 0.0882582 0.47104 0.877685
v -0.00661703 0.079834 -0.0121173
vn 0.0727056 0.878494 0.472189
v -0.00476133 0.0805188 -0.0129896
vn 0.0689737 0.424542 0.902777
v 0.00705677 0.0813476 -0.0124737
vn -0.129896 0.306844 0.942854
v 0.00656157 0.0803945 -0.012183
vn -0.128971 0.680229 0.721564
v 0.00787617 0.080973 -0.0121543
vn -0.199749 0.478732 0.854936
v 0.0139168 0.0786458 -0.010155
vn -0.201975 0.441814 0.874075
v 0.0130847 0.0779069 -0.00983631
vn -0.0678807 0.560864 0.825121
v 0.014161 0.0771332 -0.00909141
vn -0.122987 0.525326 0.841966
v -0.00274093 0.0783236 -0.00857361
vn 0.114618 0.652169 0.749359
v -0.00124643 0.077029 -0.00781211
vn 0.0789011 0.545905 0.834124
v -0.00121983 0.0781111 -0.00862211
vn 0.0633324 0.590876 0.804273
v 0.00465857 0.0806518 -0.0125564
vn -0.0922861 0.676044 0.73106
v 0.00491637 0.079887 -0.0114353
vn -0.0552051 0.936019 0.347593
v 0.00270767 0.080154 -0.0123011
vn -0.075256 0.764557 0.640148
v 0.00384937 0.08009 -0.0121391
vn -0.0636911 0.807035 0.587058
v 0.00346347 0.0808206 -0.0126307
vn -0.040482 0.529944 0.847066
v 0.00104637 0.0798379 -0.011858
vn -0.0846242 0.9382 0.335588
v 0.00193197 0.0802904 -0.0125216
vn -0.0859826 0.648536 0.756312
v 0.00110747 0.0801492 -0.0125164
vn -0.156456 0.776118 0.610871
v 0.0120139 0.0770971 -0.00923881
vn 0.0392722 0.591942 0.805023
v 0.0107951 0.0782092 -0.00991341
vn 0.129666 0.523205 0.842285
v 0.00969587 0.0769822 -0.00879411
vn 0.146038 0.575453 0.80469
v 0.00928207 0.081178 -0.0119688
vn -0.142517 0.531165 0.835196
v 0.011117 0.0810286 -0.0116238
vn -0.0756738 0.548595 0.832657
v 0.0106194 0.0822355 -0.0123844
vn -0.0992709 0.496614 0.862276
v 0.013221 0.0797169 -0.010695
vn -0.123105 0.422655 0.897891
v 0.0122846 0.0787498 -0.0103661
vn 0.0092264 0.461491 0.887097
v 0.00959387 0.080238 -0.0111748
vn -0.0763885 0.688486 0.721215
v 0.00814237 0.0803573 -0.0116343
vn -0.144263 0.743655 0.652813
v 0.00856477 0.0798846 -0.0108425
vn -0.0317265 0.827668 0.560321
v -0.00855793 0.080408 -0.0125558
vn 0.0522708 0.610445 0.790332
v -0.00705573 0.0811846 -0.0128554
vn 0.0844289 0.221614 0.971473
v 0.0120516 0.0707829 -0.00487451
vn 0.146301 0.229533 0.962243
v 0.0101775 0.0707458 -0.00469981
vn 0.0412567 0.259005 0.964994
v 0.010571 0.069065 -0.00447121
vn 0.0944351 0.21164 0.972775
v 0.00528217 0.0772408 -0.00827901
vn 0.0598932 0.538562 0.840455
v 0.00292317 0.0764605 -0.00771251
vn 0.040502 0.535309 0.843684
v 0.00622287 0.0751023 -0.00702471
vn 0.0560159 0.548466 0.834295
v 0.00278177 0.0798068 -0.0113041
vn -0.0540942 0.966422 0.251203
v 0.00177377 0.0745968 -0.00648571
vn 0.0379309 0.510932 0.858784
v 0.0136818 0.071886 -0.00552181
vn 0.247184 0.35929 0.899895
v 0.0152254 0.0728237 -0.00656771
vn 0.401757 0.377817 0.834174
v 0.0138049 0.0731593 -0.00630981
vn 0.180231 0.555644 0.811651
v -0.00209123 0.0799759 -0.0128506
vn -0.0350505 0.659312 0.751052
v -0.00406213 0.0796439 -0.0121813
vn 0.0590319 0.899862 0.432161
v 0.0136114 0.0808904 -0.0112884
vn -0.145094 0.511912 0.846696
v 0.0126219 0.0821371 -0.0121579
vn -0.0954823 0.512364 0.853444
v -0.00201313 0.0794638 -0.0113926
vn -0.0288604 0.967356 0.251774
v 0.000235868 0.0794113 -0.0103625
vn -0.0666768 0.954602 0.290325
v 0.0106919 0.0796239 -0.0105947
vn 0.0575188 0.537404 0.841361
v -0.00183003 0.0791928 -0.0100508
vn 0.0068599 0.970355 0.241586
v 0.00537217 0.0796777 -0.0101909
vn 0.0095814 0.895154 0.445655
v 0.0112874 0.0724423 -0.00549131
vn 0.0789636 0.489483 0.86843
v 0.0144337 0.0797401 -0.0104135
vn -0.265273 0.394235 0.879892
v 0.00709557 0.0710377 -0.00474441
vn 0.0100342 0.269428 0.962968
v 0.00750797 0.069655 -0.00455541
vn 0.0111974 0.229985 0.97313
v 0.00859397 0.0714636 -0.00491581
vn 0.0101931 0.34563 0.938316
v 0.00852127 0.0818949 -0.0124521
vn -0.141775 0.393894 0.908156
v -0.00533153 0.0795168 -0.0110231
vn 0.0694939 0.983522 0.1669
v 0.0121521 0.080083 -0.0109391
vn -0.0245895 0.48065 0.876568
v 0.00499107 0.0733212 -0.00580371
vn 0.0225379 0.493467 0.869473
v -0.00127453 0.0789263 -0.00920541
vn 0.0214976 0.804884 0.593042
v 0.00978057 0.074106 -0.00657311
vn 0.0767463 0.605995 0.791758
v 0.00890687 0.0755156 -0.00759481
vn 0.108901 0.594016 0.797048
v 0.0123891 0.0740317 -0.00678571
vn 0.0952373 0.618194 0.780235
v 0.0176537 0.0761204 -0.00842801
vn 0.417193 0.150712 0.896235
v 0.0163824 0.0760041 -0.00833201
vn 0.0163377 0.348232 0.937266
v 0.0164993 0.0744613 -0.00779171
vn 0.366004 0.234889 0.900482
v -0.000179132 0.0799412 -0.0123995
vn -0.0841621 0.833774 0.545654
v 0.000740968 0.0802893 -0.0127397
vn -0.0872669 0.57521 0.813338
v 0.000242169 0.0806773 -0.0129387
vn -0.0364351 0.482595 0.875085
v 0.015045 0.0739163 -0.00719011
vn 0.167072 0.517594 0.839157
v 0.00108817 0.0790198 -0.00927951
vn -0.0253619 0.74831 0.662864
v 0.00932947 0.0796249 -0.0104585
vn 0.0638232 0.677096 0.733122
v -8.37317e-05 0.0782409 -0.00874661
vn 0.024262 0.572722 0.81939
v 0.0111154 0.0754202 -0.00786761
vn 0.0904366 0.621862 0.777887
v 0.013243 0.0754046 -0.00799541
vn 0.0322269 0.583247 0.811656
v -0.00849903 0.079473 -0.00886861
vn 0.0540909 0.974695 0.216898
v -0.00729533 0.0796734 -0.0109195
vn 0.0427723 0.989416 0.138657
v -0.00407233 0.0791716 -0.00936811
vn 0.111862 0.930632 0.348441
v 0.00756237 0.0765429 -0.00809481
vn 0.117382 0.546169 0.82941
v 0.00745817 0.0781764 -0.00915281
vn 0.133315 0.530614 0.837064
v 0.00941337 0.0786053 -0.00984651
vn 0.172469 0.518508 0.837499
v 0.00631007 0.0719464 -0.00516361
vn 0.0015323 0.417629 0.908616
v 0.00817887 0.0730257 -0.00570061
vn 0.0301856 0.511895 0.858517
v 0.00292737 0.0790738 -0.00931611
vn -0.0004307 0.657109 0.753796
v 0.00232927 0.0780218 -0.00870931
vn 0.032085 0.53022 0.847253
v 0.0148828 0.0790323 -0.0100088
vn -0.322968 0.378329 0.867502
v 0.00498887 0.0787319 -0.00924231
vn 0.0601526 0.594563 0.801796
v 0.00164617 0.080686 -0.0127473
vn -0.119419 0.4479 0.886073
v -0.00952113 0.0796973 -0.0111543
vn -0.0099746 0.969777 0.243791
v 0.0151006 0.0754377 -0.00802321
vn 0.0405407 0.469384 0.882063
v 0.0140681 0.0742765 -0.00728661
vn 0.108287 0.577445 0.809216
v 0.0156664 0.0768236 -0.00872101
vn -0.105838 0.408876 0.906432
v -0.00206793 0.0813125 -0.0131359
vn -0.0120408 0.195739 0.980582
v -0.00501413 0.0817071 -0.0131208
vn 0.061728 0.122501 0.990547
v 0.0170031 0.0773417 -0.00873331
vn -0.0421822 0.297908 0.953662
v 0.0176235 0.0750194 -0.00832481
vn 0.612872 -0.0662402 0.787401
v 0.0155852 0.0783116 -0.00935781
vn -0.255116 0.390606 0.884501
v -0.00977913 0.0817886 -0.0129782
vn -0.0035358 0.343733 0.939061
v 0.00564677 0.0813245 -0.0126166
vn -0.12497 0.293627 0.947716
v 0.00709857 0.0824095 -0.0127169
vn -0.100058 0.225955 0.968985
v 0.00867257 0.0666002 -0.00359361
vn 0.0425569 0.318285 0.947039
v 0.00271427 0.0808186 -0.0126737
vn -0.0967789 0.477619 0.873221
v 0.0136066 -0.0505709 -0.0116144
vn 0.126592 0.0139762 0.991856
v 0.011388 -0.0500016 -0.0110286
vn 0.391825 0.034679 0.919386
v 0.013102 -0.0527016 -0.0115078
vn 0.188326 0.0151235 0.98199
v 0.0108094 -0.0618573 -0.00975041
vn 0.851243 0.0366504 0.52349
v 0.0105755 -0.0583667 -0.00964841
vn 0.858273 0.0527905 0.510471
v 0.0102481 -0.0599117 -0.00878841
vn 0.980627 0.0335709 0.192986
v 0.0142007 -0.0709917 -0.0116317
vn -0.0130472 -0.0061343 0.999896
v 0.0155363 -0.0695906 -0.0116249
vn -0.0458789 -0.0107895 0.998889
v 0.0147706 -0.069478 -0.0116417
vn -0.0228251 -0.0091155 0.999698
v 0.00919777 -0.0700984 -0.0105677
vn 0.634673 -0.767289 0.0919648
v 0.00999057 -0.0697954 -0.0113346
vn 0.452072 -0.422696 0.785468
v 0.00987807 -0.0693321 -0.0106882
vn 0.80535 -0.52534 0.274643
v 0.00867147 -0.0705863 -0.0112573
vn 0.314697 -0.737473 0.597578
v 0.0101783 -0.0686659 -0.0104872
vn 0.883345 -0.399483 0.245184
v 0.0103742 -0.0678505 -0.00985561
vn 0.948069 -0.264818 0.176173
v 0.00983687 -0.0693687 -0.00923781
vn 0.903429 -0.415772 -0.104645
v 0.0113562 -0.0600343 -0.0104894
vn 0.672516 0.0262586 0.739617
v 0.0110324 -0.0569512 -0.0103308
vn 0.67961 0.0800162 0.729196
v 0.0111181 -0.0525322 -0.010805
vn 0.478964 0.0344945 0.877156
v 0.0124305 -0.0548664 -0.0113032
vn 0.284451 0.0310786 0.958187
v 0.0116943 -0.0580844 -0.0108093
vn 0.539526 0.0275427 0.841518
v 0.0124118 -0.0577899 -0.0111765
vn 0.351198 0.0220193 0.936042
v 0.0117244 -0.0562431 -0.0109379
vn 0.474923 0.0648399 0.877635
v 0.00792497 -0.0708169 -0.0102443
vn 0.279528 -0.928332 -0.245081
v 0.00896157 -0.07109 -0.00852781
vn 0.636253 -0.652369 -0.411822
v 0.00749877 -0.0715724 -0.00900361
vn 0.307523 -0.797 -0.519828
v 0.00898947 -0.0704364 -0.00984831
vn 0.631039 -0.731706 -0.257673
v 0.0126068 -0.0652596 -0.0114093
vn 0.348443 -0.0685621 0.934819
v 0.0113036 -0.0653502 -0.0105236
vn 0.696162 -0.122416 0.707371
v 0.0115007 -0.0673029 -0.0112171
vn 0.426818 -0.198223 0.882346
v 0.0116061 -0.069093 -0.011531
vn 0.130938 -0.113838 0.984833
v 0.0127857 -0.0673198 -0.0115573
vn 0.15517 -0.0458959 0.986821
v 0.0131653 -0.0568757 -0.0114041
vn 0.199263 0.0053247 0.979931
v 0.0123221 -0.0562578 -0.011164
vn 0.33256 0.0450458 0.942006
v 0.00599507 -0.0712406 -0.0100133
vn 0.123243 -0.860264 -0.49473
v 0.00745457 -0.0708206 -0.0112342
vn 0.0360137 -0.862634 0.504545
v 0.0157537 -0.0524366 -0.011615
vn 0.0297471 0.0061604 0.999538
v 0.0153175 -0.0491623 -0.0116601
vn 0.0211543 -0.0009633 0.999776
v 0.0100037 -0.0709687 -0.0116486
vn 0.119326 -0.212678 0.969809
v 0.0163114 -0.0707367 -0.0115615
vn -0.0345295 0.0106089 0.999347
v 0.013725 -0.0597153 -0.0115144
vn 0.163029 -0.0017577 0.98662
v 0.0161715 -0.0601007 -0.0116218
vn 0.0430114 -0.0054137 0.99906
v 0.0151663 -0.0560528 -0.0116364
vn 0.0843654 0.002078 0.996433
v 0.0105464 -0.0686937 -0.0112106
vn 0.551898 -0.331758 0.765078
v 0.013567 -0.0631948 -0.0115489
vn 0.183814 -0.0355972 0.982316
v 0.0122418 -0.0625098 -0.011107
vn 0.471341 -0.019806 0.881729
v 0.0108744 -0.0643235 -0.00980381
vn 0.87263 -0.0486989 0.485949
v 0.0110985 -0.0637947 -0.0101337
vn 0.796385 -0.0255289 0.604251
v 0.010758 -0.066893 -0.0103697
vn 0.851372 -0.227679 0.472576
v 0.010606 -0.0659049 -0.00952661
vn 0.956821 -0.0949881 0.27472
v 0.0122282 -0.0597491 -0.0110823
vn 0.419962 0.0116733 0.907467
v 0.00762307 -0.0715143 -0.0116334
vn 0.0257903 -0.473627 0.880348
v 0.0104753 -0.0651866 -0.00788521
vn 0.999118 -0.0042883 -0.04178
v 0.010385 -0.0674179 -0.00845311
vn 0.990182 -0.137162 -0.0269421
v 0.0104937 -0.0622848 -0.00703481
vn 0.983457 0.0311179 -0.178447
v 0.0104591 -0.0630665 -0.00873081
vn 0.985186 0.0298216 0.168879
v 0.012447 -0.0705554 -0.0116394
vn 0.0038986 -0.0483188 0.998824
v 0.0131077 -0.0483134 -0.0115777
vn 0.165924 -0.0033194 0.986133
v 0.0106857 -0.067843 -0.0107979
vn 0.774583 -0.358236 0.521238
v 0.0110374 -0.0670086 -0.0107669
vn 0.669642 -0.256058 0.697147
v 0.0161826 -0.07227 -0.0115737
vn -0.0326223 -0.0052062 0.999454
v 0.0148845 -0.0624348 -0.0116289
vn 0.0647275 -0.0230054 0.997638
v 0.0102637 -0.0609562 -0.00795771
vn 0.996332 0.0423152 -0.0743786
v 0.0109529 -0.0546677 -0.0106364
vn 0.593267 0.0707041 0.801895
v 0.0108502 -0.0654441 -0.0100316
vn 0.802303 0.0945134 0.589387
v 0.0101775 -0.0703072 -0.00677901
vn 0.90456 -0.264841 -0.334111
v 0.0105181 -0.0680024 -0.00677991
vn 0.973942 -0.0957463 -0.205594
v 0.00662777 -0.0710525 -0.0114699
vn 0.0057933 -0.637628 0.770323
v 0.00666777 -0.0707534 -0.0109325
vn 0.0903532 -0.995374 0.0326731
v 0.0113952 -0.0628319 -0.0104076
vn 0.693691 -0.0200219 0.719995
v 0.00841667 -0.0723889 -0.00730781
vn 0.383207 -0.823485 -0.41836
v 0.00622087 -0.0725216 -0.00841301
vn 0.201969 -0.860088 -0.468462
v 0.0139816 -0.0687969 -0.0116528
vn 0.0258815 -0.0093536 0.999621
v 0.0134675 -0.0701649 -0.0116134
vn -0.0062114 0.0105588 0.999925
v 0.014431 -0.0653898 -0.0117091
vn 0.133757 -0.0256481 0.990682
v 0.0153971 -0.0686377 -0.0115858
vn -0.0799656 -0.0490292 0.995591
v 0.0168562 -0.054148 -0.0116485
vn 0.0169441 -0.0086707 0.999819
v 0.00662977 -0.0729306 -0.00657251
vn 0.027127 -0.999158 -0.0307665
v 0.0151124 -0.045671 -0.0116379
vn 0.0719932 -0.0261228 0.997063
v 0.0171837 -0.0472782 -0.0116367
vn -0.005735 -0.0066924 0.999961
v 0.0113676 -0.0724653 -0.0117684
vn -7.8e-05 -0.0673737 0.997728
v 0.0104861 -0.0665933 -0.00735961
vn 0.991563 -0.0339324 -0.125103
v 0.00574467 -0.0708505 -0.0112253
vn 0.0539089 -0.933895 0.35346
v 0.00586957 -0.0715747 -0.0116905
vn 0.0168242 -0.436765 0.899419
v 0.0162015 -0.0685858 -0.0114797
vn -0.126751 -0.0591727 0.990168
v -0.0106272 0.0651294 -0.00105791
vn 0.272334 0.222521 0.936119
v -0.00944723 0.0650037 -0.00127601
vn 0.233317 0.194037 0.952845
v -0.00964173 0.065774 -0.00135391
vn 0.239918 0.185662 0.952874
v -0.0103399 0.0664131 -0.00133391
vn 0.234393 0.251944 0.938927
v -0.00864603 0.065621 -0.00164101
vn 0.251468 0.200398 0.946892
v -0.00863983 0.0666857 -0.00185001
vn 0.237754 0.281402 0.92967
v -0.00467423 0.0759935 -0.00668081
vn 0.179282 0.427765 0.885932
v -0.00603413 0.0772924 -0.00701171
vn 0.245239 0.459001 0.853918
v -0.00816513 0.0765642 -0.00606531
vn 0.210216 0.387119 0.897746
v -0.00979323 0.0641049 -0.00100071
vn 0.259251 0.288494 0.921716
v 0.000269169 0.0707389 -0.00451941
vn 0.0872166 0.187915 0.978305
v 0.000168069 0.0698085 -0.00445211
vn 0.0853253 0.140794 0.986355
v 0.00160637 0.0702508 -0.00455921
vn 0.0615575 0.0860999 0.994383
v -0.00135613 0.0645574 -0.00291171
vn 0.143393 0.278335 0.94972
v -0.00111733 0.0657782 -0.00327431
vn 0.116198 0.223847 0.967673
v -0.00213253 0.0650044 -0.00285411
vn 0.188373 0.22802 0.955261
v -0.0100509 0.074797 -0.00502191
vn 0.201291 0.371751 0.906247
v -0.0136065 0.0738602 -0.00393631
vn 0.173523 0.393234 0.902915
v -0.0105023 0.0734961 -0.00426011
vn 0.162485 0.488994 0.85702
v -0.00799893 0.0642627 -0.00147321
vn 0.245616 0.255798 0.935008
v -0.00343163 0.0654827 -0.00272321
vn 0.165021 0.224324 0.960441
v -0.00238723 0.0674732 -0.00346341
vn 0.144668 0.296322 0.944068
v -0.00498103 0.0669439 -0.00279131
vn 0.197146 0.287764 0.93719
v 0.00276607 0.0668922 -0.00358431
vn 0.0012753 0.268914 0.963163
v 0.000390068 0.0671823 -0.00364911
vn 0.0462357 0.280478 0.958746
v 0.00128027 0.0659508 -0.00336931
vn 0.0126783 0.208798 0.977876
v -0.000244132 0.0686901 -0.00414261
vn 0.0785023 0.296342 0.95185
v -0.0115643 0.0761917 -0.00514081
vn 0.20954 0.363009 0.907919
v 0.00245987 0.0720925 -0.00514151
vn 0.0366022 0.403886 0.914077
v -0.00290153 0.0712838 -0.00437841
vn 0.10879 0.361445 0.926025
v -0.00106693 0.0635323 -0.00258821
vn 0.11028 0.345265 0.932003
v -0.000382131 0.0620912 -0.00212491
vn 0.0861867 0.294481 0.951763
v 0.000687969 0.0632042 -0.00260321
vn 0.0438068 0.35669 0.933195
v -0.00279523 0.0690948 -0.00401801
vn 0.157351 0.215989 0.963633
v -0.00644333 0.0638919 -0.00181621
vn 0.233749 0.291117 0.927692
v -0.00657133 0.0651412 -0.00207691
vn 0.241338 0.174055 0.954705
v -0.00901563 0.0722432 -0.00377261
vn 0.175773 0.480621 0.859132
v -0.0125521 0.0716502 -0.00279191
vn 0.137978 0.472997 0.870193
v -0.0111269 0.0708559 -0.00260811
vn 0.179135 0.361814 0.914878
v -0.00767203 0.0657323 -0.00188251
vn 0.227432 0.180422 0.956934
v -0.00514103 0.0645214 -0.00229591
vn 0.184514 0.24114 0.952789
v -0.00514883 0.0628553 -0.00170701
vn 0.178729 0.323637 0.929147
v -0.00391463 0.0639221 -0.00230881
vn 0.149069 0.291707 0.944821
v 0.00493717 0.070896 -0.00472841
vn -0.000745 0.241597 0.970376
v 0.00631007 0.0719464 -0.00516361
vn 0.0015323 0.417629 0.908616
v -0.0127426 0.0703414 -0.00214391
vn 0.137681 0.301427 0.943497
v -0.00150763 0.0703635 -0.00426641
vn 0.107561 0.1304 0.98561
v 0.00346917 0.071236 -0.00488291
vn -0.0149164 0.3093 0.950848
v 0.00270107 0.0648769 -0.00312891
vn -0.0303763 0.272887 0.961566
v 0.00292917 0.0659416 -0.00344611
vn -0.0204136 0.210192 0.977447
v -0.00407233 0.0791716 -0.00936811
vn 0.111862 0.930632 0.348441
v -0.00849903 0.079473 -0.00886861
vn 0.0540909 0.974695 0.216898
v -0.00650543 0.0789961 -0.00800631
vn 0.173359 0.815077 0.552808
v 0.00294227 0.0694587 -0.00457711
vn 0.0218835 0.225381 0.974025
v 0.00750797 0.069655 -0.00455541
vn 0.0111974 0.229985 0.97313
v 0.00485487 0.0656798 -0.00324571
vn -0.017817 0.289805 0.95692
v -0.0129721 0.0774134 -0.00539811
vn 0.172983 0.525871 0.832789
v -0.0151899 0.0761224 -0.00423701
vn 0.208788 0.358307 0.909958
v 0.00493947 0.0678157 -0.00392111
vn 0.0018475 0.326743 0.945111
v -0.00365593 0.0779166 -0.00810651
vn 0.194493 0.557046 0.807386
v -0.00274093 0.0783236 -0.00857361
vn 0.114618 0.652169 0.749359
v -0.00457563 0.0786503 -0.00827231
vn 0.240277 0.695734 0.676921
v -0.00479153 0.0657545 -0.00260711
vn 0.188177 0.183376 0.964864
v -0.0204306 0.0702682 -0.00175881
vn -0.240199 0.077845 0.967597
v -0.019399 0.0693948 -0.00151901
vn -0.153055 0.124305 0.980368
v -0.0191261 0.070516 -0.00151851
vn -0.0606629 0.198368 0.978248
v -0.00752603 0.0781009 -0.00696641
vn 0.226976 0.513838 0.827317
v -0.00862633 0.078917 -0.00728701
vn 0.132519 0.781716 0.609392
v -0.00280413 0.0628712 -0.00208551
vn 0.134993 0.328758 0.934717
v -0.00554793 0.0781925 -0.00767131
vn 0.240806 0.536636 0.808724
v -0.00425663 0.0773971 -0.00756431
vn 0.200858 0.523977 0.82771
v 0.000487068 0.0644803 -0.00309631
vn 0.0368115 0.274841 0.960785
v -0.00124643 0.077029 -0.00781211
vn 0.0789011 0.545905 0.834124
v -0.0101254 0.077765 -0.00623241
vn 0.175332 0.495042 0.850995
v -0.00171393 0.0695953 -0.00423901
vn 0.117098 0.116855 0.986222
v -0.00276203 0.070105 -0.00408151
vn 0.142279 0.146923 0.978862
v 0.00177377 0.0745968 -0.00648571
vn 0.0379309 0.510932 0.858784
v -0.00179613 0.0733146 -0.00554061
vn 0.0555928 0.509088 0.858917
v -0.0103878 0.0789121 -0.00695321
vn 0.124843 0.768771 0.627221
v 0.00499107 0.0733212 -0.00580371
vn 0.0225379 0.493467 0.869473
v -0.0202397 0.0687829 -0.00161721
vn -0.306987 0.0990184 0.946549
v 0.00224147 0.0680668 -0.00404371
vn 0.0199096 0.353139 0.935359
v 0.00286917 0.0707826 -0.00470171
vn 0.0387584 0.220074 0.974713
v -0.00557423 0.0700948 -0.00360091
vn 0.180217 0.237452 0.954536
v -0.00767683 0.070101 -0.00315731
vn 0.198027 0.237588 0.950966
v -0.00719823 0.0684397 -0.00293801
vn 0.203055 0.294677 0.933774
v -0.00938463 0.0705538 -0.00289871
vn 0.21103 0.282856 0.93566
v -0.00936783 0.0692246 -0.00271531
vn 0.221031 0.255279 0.941264
v 0.00867257 0.0666002 -0.00359361
vn 0.0425569 0.318285 0.947039
v -0.00667923 0.066515 -0.00222761
vn 0.220686 0.257844 0.940646
v -0.00657873 0.0713773 -0.00384611
vn 0.178801 0.397599 0.89997
v -0.00529763 0.0728183 -0.00488961
vn 0.138793 0.516031 0.845251
v -0.00252103 0.0641291 -0.00260241
vn 0.154807 0.278203 0.947965
v -0.0156279 0.071819 -0.00247841
vn 0.118329 0.506716 0.853954
v 0.00709557 0.0710377 -0.00474441
vn 0.0100342 0.269428 0.962968
v -0.00378463 0.0700208 -0.00390711
vn 0.179452 0.17762 0.967599
v -0.0185136 0.0675809 -0.000904712
vn -0.175033 0.243501 0.953976
v -0.0180298 0.069429 -0.00143071
vn -0.0044226 0.196832 0.980427
v -0.0120557 0.0689689 -0.00195561
vn 0.18333 0.306248 0.934132
v -0.0136736 0.0695512 -0.00189051
vn 0.141149 0.267649 0.953122
v -0.00199563 0.0750164 -0.00663321
vn 0.0721854 0.494878 0.865959
v -0.0214703 0.069723 -0.00209581
vn -0.670207 -0.0927611 0.736354
v -0.0172742 0.0707863 -0.00161481
vn 0.0671085 0.331078 0.941214
v -0.0185113 0.0716392 -0.00207771
vn 0.0860354 0.410223 0.907918
v -0.00459253 0.0687476 -0.00355711
vn 0.184794 0.2595 0.947898
v 0.00478997 0.0632061 -0.00250601
vn -0.0339388 0.270112 0.962231
v -0.0101354 0.0676448 -0.00181171
vn 0.220362 0.363427 0.905186
v 0.00211837 0.0636329 -0.00279101
vn -0.0235189 0.314036 0.94912
v 0.00223867 0.0624386 -0.00236751
vn 0.0058863 0.298642 0.954347
v -0.00558853 0.0658893 -0.00239971
vn 0.250165 0.165808 0.9539
v -0.00431223 0.0741976 -0.00597651
vn 0.116955 0.487701 0.865141
v -0.00733643 0.0742243 -0.00539931
vn 0.187573 0.442514 0.876925
v -0.0200824 0.0717902 -0.00193941
vn -0.0009362 0.212411 0.97718
v -0.0215369 0.0718071 -0.00214521
vn -0.149268 -0.0207809 0.988578
v -0.0222446 0.0713612 -0.00231261
vn -0.754997 -0.222841 0.616702
v -0.0169643 0.0727185 -0.00277451
vn 0.152356 0.408586 0.899914
v -0.0209727 0.0680705 -0.00188811
vn -0.542013 0.0181146 0.840175
v -0.0210301 0.0667202 -0.00186081
vn -0.65522 0.0198246 0.755178
v -0.0201263 0.0666778 -0.00125941
vn -0.442404 0.105965 0.890533
v -0.0165161 0.0742391 -0.00345481
vn 0.205226 0.291867 0.934182
v -0.0209454 0.073383 -0.00209171
vn 0.174884 0.0510767 0.983263
v -0.0221158 0.0735037 -0.00197241
vn 0.0084616 -0.14049 0.990046
v -0.0218986 0.0748061 -0.00184911
vn 0.186226 0.0229624 0.982238
v -0.0222992 0.0771409 -0.00226511
vn 0.210435 0.394164 0.894624
v -0.0211077 0.0761556 -0.00225191
vn 0.330101 0.232488 0.914867
v -0.0207955 0.0774385 -0.00292161
vn 0.349966 0.45913 0.816531
v -0.0190059 0.0735218 -0.00267381
vn 0.23109 0.253593 0.939302
v -0.0196412 0.0751616 -0.00277101
vn 0.358404 0.16696 0.918516
v -0.0202912 0.0742799 -0.00242991
vn 0.335219 0.111318 0.935541
v -0.0147398 0.0773553 -0.00497881
vn 0.178281 0.558028 0.810445
v -0.0167294 0.0774999 -0.00463861
vn 0.223186 0.578676 0.784425
v -0.0179156 0.0752429 -0.00337601
vn 0.253443 0.235637 0.938212
v -0.0209106 0.074849 -0.00220241
vn 0.3638 0.0751505 0.928441
v -0.0226383 0.0729347 -0.00213551
vn -0.57626 -0.355125 0.736078
v -0.018692 0.0765892 -0.00352231
vn 0.322492 0.350518 0.879282
v -0.0226789 0.0760575 -0.00185201
vn 0.144643 0.178565 0.973238
v -0.0195147 0.077963 -0.00391521
vn 0.351672 0.598377 0.719911
v -0.0155781 0.0621743 0.000675388
vn -0.0103466 0.121308 0.992561
v -0.0172556 0.0643434 0.000145389
vn -0.162798 0.202805 0.965591
v -0.016833 0.0620815 0.000580989
vn -0.152957 0.0902594 0.984102
v -0.0143106 0.0671366 -0.000770412
vn 0.131713 0.359571 0.923775
v -0.0124241 0.06589 -0.000629212
vn 0.213417 0.300446 0.929616
v -0.015036 0.0650357 7.11891e-05
vn 0.0575908 0.268494 0.961558
v -0.0135392 0.0632896 0.000320988
vn 0.152404 0.201206 0.96762
v -0.0163109 0.0669685 -0.000522311
vn -0.0040624 0.32568 0.945471
v -0.0169162 0.0685915 -0.00116451
vn 0.0092 0.33843 0.940947
v -0.0231131 0.0776508 -0.00239151
vn 0.0135685 0.48368 0.87514
v -0.0233134 0.0783395 -0.00279041
vn -0.528557 0.785925 0.320858
v -0.0240506 0.0772301 -0.00236611
vn -0.894076 0.359298 0.267459
v -0.0238571 0.0758954 -0.00172171
vn -0.689946 -0.0158328 0.723688
v -0.0233486 0.0769601 -0.00204031
vn -0.0521998 0.38687 0.920656
v -0.0144846 0.0781306 -0.00573491
vn 0.155536 0.612585 0.77495
v -0.0175025 0.0782945 -0.00516121
vn 0.250753 0.602046 0.758066
v -0.0154128 0.0788133 -0.00605411
vn 0.153125 0.758355 0.633601
v -0.0168745 0.0791298 -0.00613131
vn 0.105734 0.94181 0.319082
v -0.0173638 0.0788223 -0.00550301
vn 0.218654 0.669204 0.71018
v -0.0193386 0.0784628 -0.00462961
vn 0.343877 0.598849 0.723276
v -0.018675 0.0788549 -0.00511031
vn 0.232209 0.727032 0.646145
v -0.0219122 0.0782101 -0.00298631
vn 0.203169 0.6918 0.692917
v -0.022989 0.0745861 -0.00178061
vn -0.224002 -0.186349 0.956607
v -0.0236163 0.0743523 -0.00234001
vn -0.918368 -0.362842 0.157943
v -0.0209165 0.0789274 -0.00516501
vn -0.40618 0.805054 -0.432326
v -0.0204554 0.0788594 -0.00430541
vn 0.16087 0.878715 0.449423
v -0.0189309 0.0792351 -0.00582961
vn -0.09918 0.994564 -0.0317005
v -0.0225212 0.0788129 -0.00403281
vn -0.507468 0.82658 -0.243397
v -0.0142965 0.0786749 -0.00611611
vn 0.166333 0.600912 0.781817
v -0.0172486 0.0716344 -0.00216081
vn 0.0824069 0.508106 0.857343
v -0.0150892 0.0687366 -0.00132631
vn 0.108029 0.367408 0.923765
v -0.00993133 0.0615602 -0.000188311
vn 0.225708 0.176061 0.958154
v -0.00860533 0.0596474 -0.000194411
vn 0.196273 0.228444 0.953567
v -0.00690993 0.0614651 -0.000883912
vn 0.207279 0.232101 0.95035
v -0.0139558 0.0609461 0.000694188
vn 0.0998453 0.083596 0.991485
v -0.0126349 0.0595859 0.000579989
vn 0.144787 0.154125 0.977386
v -0.0122328 0.061582 0.000341889
vn 0.199279 0.13179 0.97104
v -0.00537763 0.0594978 -0.000813111
vn 0.171215 0.256547 0.951246
v -0.00316643 0.0572817 -0.000387711
vn 0.131857 0.341739 0.930499
v -0.00248733 0.0595658 -0.00127931
vn 0.126056 0.264502 0.956111
v -0.0147432 0.0698007 -0.00178951
vn 0.143582 0.241644 0.959683
v -0.0111746 0.0634636 -0.000290112
vn 0.265044 0.253515 0.930313
v -0.015079 0.0707298 -0.00186231
vn 0.136572 0.332405 0.933196
v -0.00710703 0.0629129 -0.00127771
vn 0.236035 0.302668 0.923406
v -0.00334403 0.0613325 -0.00152401
vn 0.147119 0.248687 0.957346
v -0.000342432 0.0605106 -0.00174321
vn 0.0895463 0.239246 0.966821
v -0.0137817 0.0704677 -0.00205441
vn 0.158829 0.275609 0.948057
v -0.0108861 0.0599935 0.000186789
vn 0.190749 0.175893 0.965752
v -0.00895813 0.0629167 -0.000798512
vn 0.244025 0.283655 0.927357
v -0.0138677 0.0594248 0.000751088
vn 0.0902511 0.137634 0.986363
v -0.0149399 0.0596535 0.000788088
vn -0.0117504 0.092573 0.995637
v -0.0129943 0.0568375 0.00123689
vn 0.0331117 0.203686 0.978476
v -0.0188244 0.0653044 -0.000511312
vn -0.346 0.158285 0.924786
v -0.0103596 0.057718 0.000746588
vn 0.143017 0.265642 0.953405
v -0.00689333 0.057101 0.000302789
vn 0.164024 0.317935 0.933816
v -0.00974033 0.0543961 0.00156439
vn 0.0883757 0.26672 0.959714
v -0.00872033 0.0506296 0.00262129
vn 0.0509846 0.26595 0.962638
v -0.00556203 0.0534107 0.00140309
vn 0.107947 0.319064 0.941566
v -0.0117594 0.0527168 0.00210699
vn -0.011432 0.223802 0.974568
v -0.00834743 0.0555945 0.00103979
vn 0.136117 0.293546 0.946204
v -0.01965 0.064037 -0.000755511
vn -0.520622 0.0775257 0.85026
v -0.0162333 0.0696564 -0.00157941
vn 0.082755 0.234294 0.968637
v -0.0134686 0.079418 -0.00880691
vn -0.10394 0.994321 -0.0228386
v -0.012009 0.079533 -0.0100851
vn -0.0925175 0.9954 0.0248683
v -0.0141652 0.0791886 -0.00986001
vn -0.254447 0.964382 -0.0722834
v -0.0121738 0.0782647 -0.00619181
vn 0.125919 0.617763 0.776218
v -0.0125328 0.0791353 -0.00690241
vn 0.0700363 0.862528 0.501139
v -0.0144711 0.0792689 -0.00728401
vn -0.0128302 0.980387 0.196662
v -0.0159911 0.0791948 -0.00756281
vn -0.117706 0.9878 -0.101966
v -0.00952113 0.0796973 -0.0111543
vn -0.0099746 0.969777 0.243791
v -0.011591 0.0795309 -0.00885821
vn -0.0148878 0.993587 0.112087
v -0.0153894 0.0573675 0.00105169
vn -0.116119 0.121782 0.985741
v -0.0181056 0.056981 0.000301989
vn -0.441638 0.049329 0.895836
v -0.017965 0.0595578 0.000275288
vn -0.373339 0.008855 0.927653
v -0.018961 0.0591503 -0.000264111
vn -0.567642 -0.0027167 0.823271
v -0.0206075 0.0646835 -0.00149181
vn -0.648983 0.0199763 0.76054
v -0.016927 0.0578538 0.000709888
vn -0.277363 0.0606117 0.958852
v -0.0165355 0.0600517 0.000654188
vn -0.164842 0.0398066 0.985516
v -0.018528 0.0633432 -7.84111e-05
vn -0.384348 0.117604 0.915667
v -0.0190971 0.0613424 -0.000210612
vn -0.527478 -0.0106547 0.849502
v -0.0177853 0.0618219 0.000380088
vn -0.314008 0.0514402 0.948026
v -0.0203244 0.0621892 -0.00112991
vn -0.693339 -0.0331551 0.719849
v -0.0162583 0.0361261 -0.00786051
vn -0.970285 -0.235054 0.0574146
v -0.0166356 0.0375232 -0.00656771
vn -0.979758 -0.181605 -0.0842296
v -0.0168343 0.0383744 -0.00816021
vn -0.980276 -0.183658 0.0730046
v -0.0171115 0.0400297 -0.00727831
vn -0.95719 -0.270976 0.101778
v -0.0171446 0.0404918 -0.00566141
vn -0.972391 -0.198085 -0.123361
v -0.0172976 0.0409766 -0.00697051
vn -0.973369 -0.224184 0.047901
v -0.0150987 0.025448 -0.00590461
vn -0.947289 -0.0821972 -0.309657
v -0.0147851 0.0254803 -0.00714711
vn -0.96399 -0.166931 -0.207022
v -0.0145904 0.0242814 -0.00693381
vn -0.944235 -0.044158 -0.326299
v -0.0167646 0.0392039 -0.00663921
vn -0.981855 -0.189171 0.013211
v -0.0161964 0.0361993 -0.00681871
vn -0.959681 -0.276686 -0.049578
v -0.015931 0.0342422 -0.00848061
vn -0.989873 -0.141959 0.000509
v -0.0156185 0.0322879 -0.00823031
vn -0.988545 -0.140174 -0.0559401
v -0.0158712 0.0333893 -0.00693031
vn -0.982303 -0.0918697 -0.163222
v -0.0148132 0.026797 -0.00748821
vn -0.994625 -0.0926797 -0.0461787
v -0.0159281 0.0344723 -0.00734421
vn -0.99546 -0.0941439 0.0140111
v -0.0153527 0.0300968 -0.00683051
vn -0.974538 -0.149949 -0.166706
v -0.0154795 0.0306042 -0.00875461
vn -0.989773 -0.139808 0.0283363
v -0.0159602 0.0352299 -0.00664451
vn -0.982317 -0.139301 -0.125092
v -0.0144767 0.0250182 -0.00789161
vn -0.974147 -0.216249 -0.0653693
v -0.01478 0.0259138 -0.00806051
vn -0.981687 -0.189563 0.0189013
v -0.0147301 0.0254819 -0.00909661
vn -0.972942 -0.217612 0.0776454
v -0.0151633 0.0292743 -0.00793341
vn -0.984831 -0.171815 -0.0242188
v -0.0150215 0.0280065 -0.00806531
vn -0.991085 -0.128702 0.0344365
v -0.0150639 0.0271952 -0.00909861
vn -0.985795 -0.136613 0.0976971
v -0.0142817 0.0235653 -0.00823561
vn -0.987135 -0.055215 -0.150051
v -0.0147072 0.0227183 -0.00687421
vn -0.925061 -0.107401 -0.364319
v -0.0150863 0.0234695 -0.00606921
vn -0.949874 0.0017794 -0.312628
v -0.015747 0.0281059 -0.00499961
vn -0.941486 -0.107597 -0.319418
v -0.0150349 0.0279718 -0.00675111
vn -0.969879 -0.125941 -0.208502
v -0.00642363 0.0444784 0.00396609
vn 0.0884572 0.251587 0.963784
v -0.00604273 0.0407983 0.00488729
vn 0.0919732 0.220187 0.971112
v -0.00427933 0.0426164 0.00433909
vn 0.102668 0.232482 0.967167
v -0.00737573 0.0389287 0.00542979
vn 0.0682871 0.208641 0.975605
v -0.00811953 0.0423955 0.00470379
vn 0.0571055 0.240043 0.969081
v -0.00928573 0.0397566 0.00534149
vn -0.0155087 0.196461 0.980389
v -0.0156437 0.0251926 -0.00429851
vn -0.943814 -0.0922307 -0.317347
v -0.0109434 0.0401685 0.00515269
vn -0.125605 0.191815 0.97336
v -0.0102194 0.0364898 0.00581529
vn -0.136853 0.165526 0.976664
v -0.00823193 0.0368414 0.00587759
vn -0.0122018 0.192636 0.981194
v -0.0164353 0.0298882 -0.00325421
vn -0.967618 -0.108743 -0.227796
v -0.0159497 0.0303649 -0.00514191
vn -0.946328 -0.118082 -0.300866
v -0.0179768 0.0399374 8.51887e-05
vn -0.961149 -0.117925 0.249574
v -0.0182502 0.0406245 -0.00143611
vn -0.987693 -0.15249 -0.0347682
v -0.017897 0.0387189 -0.00110551
vn -0.988848 -0.148926 -0.000277
v -0.0148632 0.0326093 0.00398959
vn -0.740943 0.0318143 0.670814
v -0.0147188 0.0307965 0.00423159
vn -0.744753 -0.0185033 0.667084
v -0.0141471 0.0325569 0.00472449
vn -0.634104 0.0541488 0.771349
v -0.0150018 0.0339974 0.00376799
vn -0.725755 0.0103653 0.687875
v -0.0165278 0.0271676 -0.00146001
vn -0.993038 -0.0859889 -0.0805042
v -0.0169064 0.0311987 -0.00143261
vn -0.992769 -0.108727 -0.050873
v -0.0157704 0.0318411 -0.00620301
vn -0.948747 -0.186184 -0.255373
v -0.0163783 0.036215 -0.00600881
vn -0.935946 -0.219548 -0.275327
v -0.0162632 0.0328021 -0.00576071
vn -0.952109 -0.142883 -0.270321
v -0.0163982 0.0342953 -0.00513191
vn -0.952489 -0.0854349 -0.292345
v -0.0159713 0.0342635 -0.00651001
vn -0.979208 -0.0137466 -0.202392
v -0.014718 0.0358039 0.00399519
vn -0.612206 0.0105184 0.790628
v -0.0176739 0.0369205 -0.00164601
vn -0.991518 -0.123718 -0.0398136
v -0.0177088 0.0392465 -0.00315731
vn -0.964404 -0.13467 -0.227574
v -0.0173687 0.0344002 -0.00129521
vn -0.99068 -0.136212 0.0004735
v -0.0173087 0.035865 -0.00310741
vn -0.964352 -0.135127 -0.227521
v -0.0168906 0.032981 -0.00307251
vn -0.967609 -0.12705 -0.218155
v -0.0169118 0.0388421 -0.00538831
vn -0.965383 -0.118629 -0.232298
v -0.0163163 0.0320817 -0.00477061
vn -0.95463 -0.137961 -0.263909
v -0.0169047 0.0370234 -0.00489701
vn -0.950883 -0.135798 -0.278172
v -0.0174644 0.0365695 9.38838e-06
vn -0.965318 -0.141132 0.219643
v -0.0163229 0.0295735 0.00132419
vn -0.935169 -0.0808904 0.344843
v -0.0155845 0.0301705 0.00303299
vn -0.850029 -0.06752 0.522391
v -0.0163414 0.0321812 0.00187519
vn -0.903279 -0.0588234 0.425003
v -0.0152626 0.0231381 -0.00495671
vn -0.968147 -0.0894967 -0.233843
v -0.0173676 0.0380922 0.00111039
vn -0.917265 -0.133293 0.375312
v -0.0173255 0.0400509 0.00163649
vn -0.840843 -0.0335743 0.540236
v -0.0161187 0.0266283 -0.00330011
vn -0.964459 -0.0940593 -0.246922
v -0.0169713 0.0378741 0.00183669
vn -0.849535 -0.111978 0.51551
v -0.0167453 0.0298589 -0.000165412
vn -0.986764 -0.0866467 0.137071
v -0.0169287 0.0329198 0.000310189
vn -0.967732 -0.102476 0.230205
v -0.0156156 0.03305 0.00307239
vn -0.803171 -0.0174136 0.595494
v -0.0166258 0.0354729 0.00175779
vn -0.881075 -0.106901 0.460737
v -0.0163298 0.0374295 0.00266189
vn -0.755774 -0.0868081 0.649053
v -0.0120484 0.0391083 0.00513819
vn -0.245317 0.134725 0.960036
v -0.0157102 0.0352433 0.00307709
vn -0.752904 -0.0447604 0.656607
v -0.016503 0.0277596 0.000227588
vn -0.982406 -0.0793841 0.169046
v -0.0120819 0.036822 0.00533729
vn -0.308264 0.106578 0.945312
v -0.0129908 0.0334243 0.00540689
vn -0.482687 0.103378 0.86967
v -0.0132264 0.036242 0.00491369
vn -0.456527 0.0737378 0.886649
v -0.0160225 0.0392437 0.00311029
vn -0.661836 0.0140034 0.749518
v -0.0115061 0.0339298 0.00599989
vn -0.302738 0.144765 0.942015
v -0.0146324 0.0383833 0.00410439
vn -0.520464 0.0300827 0.853354
v -0.0136123 0.0396417 0.00454579
vn -0.393147 0.120855 0.911499
v -0.00407383 0.0460096 0.00333459
vn 0.0876019 0.251132 0.963981
v -0.0174863 0.0419121 -0.00626721
vn -0.985113 -0.171648 0.0094767
v -0.0176133 0.0419925 -0.00757991
vn -0.987737 -0.129212 0.0876414
v 0.0120884 -0.0389051 -0.00330671
vn 0.913947 0.0198885 -0.405347
v 0.0113042 -0.0368461 -0.00479571
vn 0.86875 -0.0146639 -0.495034
v 0.0124273 -0.0360603 -0.00249671
vn 0.942738 0.0045319 -0.333502
v 0.00988487 -0.0352093 -0.00721721
vn 0.801173 -0.033125 -0.597515
v 0.00983207 -0.0382387 -0.00690581
vn 0.814744 -0.014848 -0.579631
v 0.0128648 -0.0408291 -0.00151011
vn 0.949246 0.0116523 -0.31432
v 0.0116837 -0.0413203 -0.00429161
vn 0.875027 -0.0045209 -0.484053
v 0.000191669 -0.0516826 0.0161067
vn 0.0685044 -0.0195749 0.997459
v -0.000254232 -0.0504183 0.0161708
vn 0.0461679 -0.0067262 0.998911
v -0.00148893 -0.0512707 0.016146
vn -0.120906 -0.0382052 0.991929
v 0.00913857 -0.0374767 -0.00790211
vn 0.769421 -0.0311405 -0.637982
v 0.00814297 -0.0368161 -0.00899681
vn 0.869355 -0.0297558 -0.493291
v 0.000260369 -0.0540283 0.0160553
vn 0.0039906 -0.007777 0.999962
v 0.00183017 -0.053366 0.0159063
vn 0.15643 0.0333692 0.987125
v 0.0121546 -0.0438633 -0.00324031
vn 0.905794 -0.0712109 -0.417692
v 0.0130348 -0.0433202 -0.000526511
vn 0.962713 -0.0483544 -0.26617
v 0.0126957 -0.03801 -0.00127861
vn 0.953587 0.024506 -0.300119
v 0.0132579 -0.0385888 0.000263788
vn 0.976751 0.0597828 -0.205874
v 0.0126677 -0.0460888 -0.00127481
vn 0.932085 0.0092333 -0.362123
v 0.0118655 -0.0456696 -0.00302171
vn 0.905893 -0.126275 -0.404243
v 0.00817127 -0.0343189 -0.00909181
vn 0.893776 -0.0304064 -0.447483
v 0.00904867 -0.0324751 -0.00825101
vn 0.774795 -0.0203497 -0.631885
v -0.0109225 -0.0533339 0.00804449
vn -0.929666 -0.011157 0.368234
v -0.0104282 -0.0542741 0.00900889
vn -0.874329 -0.0405828 0.483634
v -0.0100293 -0.0520901 0.00972589
vn -0.841255 0.0239549 0.540107
v -0.00896973 -0.0584367 0.0109209
vn -0.795169 0.0127241 0.606255
v -0.00872743 -0.0619536 0.0115166
vn -0.766932 0.0469201 0.64001
v -0.00748893 -0.0589329 0.0126746
vn -0.704377 0.0184194 0.709587
v -0.00727103 -0.0633197 0.0130687
vn -0.659808 0.0448612 0.750094
v -0.00819213 -0.06496 0.0123397
vn -0.709578 0.0526332 0.702659
v 0.0102912 -0.0323373 -0.00666961
vn 0.835203 -0.0040605 -0.549927
v 0.0109125 -0.0466173 -0.00507551
vn 0.880763 0.0098535 -0.473455
v -0.00668423 -0.0655039 0.013659
vn -0.602355 0.0418698 0.79713
v -0.00781633 -0.0666301 0.0128375
vn -0.674379 0.0310869 0.737731
v -0.00702523 -0.0673896 0.0134927
vn -0.615556 0.007031 0.788061
v -0.00885413 -0.067218 0.0117561
vn -0.783952 -0.0136917 0.62067
v -0.00925323 -0.0651319 0.0111086
vn -0.803196 0.0428478 0.594172
v 0.0109419 -0.0395062 -0.00533381
vn 0.843625 0.0236564 -0.536411
v -0.00788843 -0.0680539 0.0127464
vn -0.687164 -0.0310739 0.725838
v 0.0116714 -0.0334247 -0.00420241
vn 0.906047 0.0062315 -0.423132
v 0.00856867 -0.0396064 -0.00859211
vn 0.84858 0.0449743 -0.527151
v 0.00980557 -0.0402487 -0.00708931
vn 0.800609 0.0149767 -0.599
v 0.0130109 -0.0359811 -0.000254111
vn 0.980078 0.0228012 -0.197298
v 0.010359 -0.0414478 -0.00632211
vn 0.81952 -0.0276424 -0.572383
v -0.0101296 -0.063506 0.00964599
vn -0.863672 0.0334903 0.502941
v 0.011207 -0.039199 0.0105204
vn 0.744406 0.0605042 0.664981
v 0.00959797 -0.0393717 0.0120341
vn 0.603928 0.066704 0.794243
v 0.0109457 -0.0424172 0.0111448
vn 0.734181 0.0611167 0.676197
v 0.00806027 -0.0486034 0.0136194
vn 0.503807 0.004632 0.863804
v 0.00747687 -0.0526223 0.0140475
vn 0.496968 0.0289353 0.867287
v 0.00885877 -0.0506551 0.0130944
vn 0.649564 -0.0142117 0.760174
v -0.00692113 -0.0691838 0.0135349
vn -0.644047 -0.0319324 0.764319
v -0.00582253 -0.0678149 0.0143818
vn -0.5611 0.0162108 0.827589
v -0.00515013 -0.0700349 0.0148519
vn -0.525865 -0.110002 0.843425
v -0.00963053 -0.0555597 0.0101391
vn -0.826493 -0.0409484 0.561456
v -0.00646713 -0.0707907 0.0138888
vn -0.602346 -0.355525 0.71469
v -0.00975573 -0.0615227 0.0100441
vn -0.834452 0.0513538 0.548683
v -0.00901983 -0.0479726 0.0105469
vn -0.752045 0.0462618 0.657487
v -0.00978603 -0.0446229 0.00977999
vn -0.781759 -0.0182553 0.623314
v -0.0103464 -0.0457996 0.00893579
vn -0.86506 -0.0149252 0.501447
v -0.0112023 -0.0469644 0.00666319
vn -0.97224 -0.0217944 0.232969
v -0.0114273 -0.0465332 0.00536719
vn -0.995858 -0.0119239 0.0901358
v -0.0111802 -0.04887 0.00655929
vn -0.979321 0.0137894 0.201844
v 0.00933917 -0.0439312 0.0127047
vn 0.588439 0.0425358 0.807422
v 0.00973257 -0.0424798 0.0122746
vn 0.619547 0.0838121 0.780472
v 0.00816077 -0.0432433 0.0134136
vn 0.477811 0.0794047 0.874866
v 0.00596737 -0.0494097 0.0145833
vn 0.360033 0.021539 0.932691
v 0.00557877 -0.0538852 0.0149518
vn 0.349397 0.0716899 0.934228
v 0.0101646 -0.0437876 -0.00631731
vn 0.840861 -0.0226638 -0.540777
v 0.00593147 -0.0705141 0.0159866
vn 0.294143 -0.484366 0.823936
v 0.00715967 -0.0707367 0.0153776
vn 0.388485 -0.589376 0.708318
v 0.00674897 -0.0696831 0.0158921
vn 0.402643 -0.192425 0.894903
v 0.0120744 -0.037326 0.00917569
vn 0.856122 0.0623473 0.512998
v 0.0108899 -0.0361727 0.0106752
vn 0.747142 0.0616108 0.661803
v 0.00129657 -0.0500607 0.0159941
vn 0.179012 0.011207 0.983783
v 0.00136787 -0.0472818 0.0159131
vn 0.174773 0.0475546 0.98346
v -0.000412831 -0.0482825 0.0161557
vn 0.0056447 0.0444725 0.998995
v 0.00630537 -0.0389211 0.0138635
vn 0.381079 0.0743908 0.921545
v 0.00423177 -0.0397058 0.0146382
vn 0.265153 0.0628471 0.962156
v 0.00578467 -0.0406826 0.0141985
vn 0.352746 0.0734036 0.932836
v 0.0126168 -0.045893 -0.0113765
vn 0.217416 -0.0434739 0.97511
v 0.0151124 -0.045671 -0.0116379
vn 0.0719932 -0.0261228 0.997063
v 0.013091 -0.0424122 -0.0113374
vn 0.159523 0.0214336 0.986961
v 0.00748347 -0.0462751 0.0139407
vn 0.448316 0.021798 0.893609
v 0.00879507 -0.045813 0.0131377
vn 0.567498 0.0157825 0.823223
v 0.012103 -0.0405341 0.00950489
vn 0.846573 0.0545625 0.529469
v 0.00614937 -0.0424723 0.0142069
vn 0.36031 0.086267 0.928835
v 0.00742467 -0.0401543 0.0134241
vn 0.456854 0.0805625 0.885886
v 0.0142586 -0.0338034 -0.0117548
vn 0.0405737 0.0204086 0.998968
v 0.0122487 -0.0353556 -0.0115788
vn 0.125915 0.0149093 0.991929
v 0.0153911 -0.0382404 -0.0117724
vn 0.0732723 0.0326508 0.996777
v 0.0117138 -0.0383368 -0.0114167
vn 0.142428 0.0597209 0.988002
v 0.0120077 -0.0442315 -0.0111278
vn 0.284169 -0.0263328 0.958413
v 0.00240797 -0.0448188 0.0155237
vn 0.204946 0.0849029 0.975084
v 0.00167157 -0.0417323 0.0152931
vn 0.109669 0.107399 0.988149
v 0.000523369 -0.0452603 0.0158696
vn 0.0718172 0.108643 0.991483
v 0.0161526 -0.0422814 -0.0116365
vn 0.0966584 0.0134271 0.995227
v 0.00904167 -0.0420083 -0.00798051
vn 0.846708 0.0281347 -0.531314
v 0.0171309 -0.0340177 -0.0117169
vn -0.0099066 0.0227783 0.999691
v -0.0109397 -0.0435904 0.00762189
vn -0.946547 0.0264493 0.321481
v -0.0108791 -0.0470618 0.00768619
vn -0.938399 -0.0045041 0.345525
v 0.0101197 -0.0438188 0.0120624
vn 0.669811 0.0351406 0.7417
v 0.00603877 -0.0453652 0.0145219
vn 0.35078 0.0491882 0.935165
v 0.00397577 -0.0565366 0.0157066
vn 0.235609 0.0873556 0.967914
v 0.00366027 -0.0517908 0.0154007
vn 0.269143 0.0415392 0.962204
v -0.0112222 -0.0453387 0.00671589
vn -0.973041 0.0006845 0.230631
v 0.0131077 -0.0483134 -0.0115777
vn 0.165924 -0.0033194 0.986133
v 0.00990257 -0.0358975 -0.0111856
vn 0.197826 -0.0040645 0.980229
v 0.0104172 -0.033771 -0.01122
vn 0.218799 -0.0240887 0.975473
v 0.00798967 -0.033461 -0.0104774
vn 0.839545 -0.108042 0.532439
v 0.00784517 -0.0356207 -0.0106767
vn 0.83381 -0.0409014 0.550534
v 0.00202367 -0.0567493 0.0160647
vn 0.0983379 0.0577142 0.993478
v -0.0113973 -0.0522677 0.00643079
vn -0.976235 0.0250375 0.215262
v -0.0114323 -0.0499229 0.00506099
vn -0.994129 0.0470175 0.097455
v -0.00781903 -0.0457488 0.0116441
vn -0.665655 0.0329703 0.745531
v -0.00892563 -0.0442219 0.0106764
vn -0.689015 -0.0338144 0.723957
v 0.00811167 -0.0388587 -0.0105577
vn 0.715218 0.137616 0.685219
v 0.00914577 -0.038069 -0.0110015
vn 0.276805 0.0695896 0.958403
v 0.00766277 -0.0374855 -0.0102898
vn 0.946095 0.0560472 0.319005
v -0.0103256 -0.0487089 0.00897009
vn -0.850716 0.0323132 0.524631
v 0.00794407 -0.0384915 -0.00960001
vn 0.964121 0.107337 -0.242795
v -0.0109108 -0.0504484 0.00789679
vn -0.934295 0.0323507 0.355029
v -0.00320273 -0.0506291 0.0157928
vn -0.316551 -0.0177325 0.94841
v -0.00244563 -0.0478597 0.0159237
vn -0.26757 0.0935844 0.958983
v 0.00326687 -0.0700582 0.0167574
vn 0.105699 -0.260733 0.959607
v 0.00471437 -0.0706743 0.0162936
vn 0.202304 -0.537109 0.818893
v 0.00524807 -0.0694919 0.0164966
vn 0.259249 -0.159211 0.952597
v 0.00966197 -0.0476684 0.012482
vn 0.673324 -0.0272553 0.738845
v 0.000829168 -0.0713222 0.015743
vn 0.0114067 -0.949691 0.312981
v 0.00316267 -0.0712011 0.0160786
vn 0.0782069 -0.831763 0.549595
v 0.00147847 -0.0707475 0.0167473
vn 0.0020205 -0.514489 0.857494
v 0.0108597 -0.0404629 -0.0110153
vn 0.216549 0.108663 0.970206
v 0.00965067 -0.0453207 0.0124433
vn 0.637339 0.0037594 0.770574
v 0.00169687 -0.0696601 0.0168392
vn -0.01444 -0.0397466 0.999106
v 0.0108879 -0.0532501 0.0104581
vn 0.83697 -0.011794 0.547121
v 0.00999227 -0.0547002 0.0117507
vn 0.787725 0.0077237 0.615979
v 0.0108907 -0.0563435 0.0105525
vn 0.829858 0.0259808 0.557369
v 0.0127975 -0.0595655 0.00745089
vn 0.910841 0.0724667 0.406346
v 0.0134077 -0.0605453 0.00603949
vn 0.954059 0.0732467 0.290527
v 0.0133027 -0.057394 0.00588099
vn 0.954105 0.0362334 0.297271
v 0.0135408 -0.0701979 0.00757069
vn 0.91104 -0.362474 0.196515
v 0.0138595 -0.068782 0.00707709
vn 0.98174 -0.047432 0.184219
v 0.0134331 -0.0693572 0.00855499
vn 0.945693 -0.111731 0.305255
v 0.00539007 -0.0713053 0.0152936
vn 0.142433 -0.898823 0.414524
v 0.00980137 -0.0618192 0.0129731
vn 0.76305 0.190907 0.617502
v 0.0111015 -0.0619346 0.0111233
vn 0.835765 0.160909 0.524982
v 0.0104717 -0.0591955 0.0113949
vn 0.811149 0.101885 0.575896
v 0.0106017 -0.0453395 0.0116377
vn 0.708602 -0.0113447 0.705517
v 0.0117317 -0.068414 0.0119884
vn 0.820077 -0.0065858 0.572215
v 0.0115423 -0.0664009 0.0120017
vn 0.833219 0.123306 0.53902
v 0.0105963 -0.0669601 0.0134278
vn 0.76348 0.053896 0.643578
v 0.00406607 -0.0690846 0.0167487
vn 0.126198 -0.0651836 0.989861
v 0.00282937 -0.0681264 0.0168576
vn 0.0178507 0.0155731 0.999719
v 0.00994197 -0.0573144 0.011888
vn 0.781451 0.0499047 0.621968
v 0.00943007 -0.0592513 0.012744
vn 0.74927 0.112134 0.652703
v 0.00796117 -0.0398433 -0.00993981
vn 0.965069 0.20151 0.167439
v 0.00120137 -0.0650559 0.0166186
vn -0.0714585 0.063842 0.995398
v 0.00101377 -0.0681732 0.0167798
vn -0.0810747 0.0434344 0.995761
v 0.00471517 -0.0676217 0.0167144
vn 0.168565 0.0168968 0.985546
v 0.00905527 -0.0405676 -0.0105762
vn 0.389793 0.164683 0.906058
v 0.0119371 -0.0533061 0.00875449
vn 0.878186 -0.0137152 0.478123
v 0.011754 -0.0584018 0.00926879
vn 0.86801 0.0632715 0.4925
v 0.0127494 -0.0555495 0.00707699
vn 0.919367 0.0211264 0.392833
v 0.00429697 -0.0715947 0.012978
vn -0.0280333 -0.99949 0.0152673
v 0.00355197 -0.0715221 0.0117965
vn -0.0432868 -0.994391 -0.0964997
v 0.00593047 -0.0716762 0.0109637
vn -0.113534 -0.991527 -0.063125
v 0.0126683 -0.0667742 0.0102079
vn 0.886727 0.115685 0.447586
v 0.0131965 -0.0653741 0.00839549
vn 0.927554 0.147417 0.343384
v 0.0126562 -0.0646405 0.00935279
vn 0.891145 0.174769 0.418709
v 0.0115196 -0.047369 -0.011118
vn 0.34391 -0.0202885 0.938784
v 0.00439037 -0.0441186 0.0149699
vn 0.278154 0.079957 0.957203
v 0.00523277 -0.064663 0.0163617
vn 0.205178 0.102083 0.973386
v 0.00337727 -0.0651611 0.0166874
vn 0.0592131 0.0843859 0.994672
v 0.0137185 -0.0647238 0.00643839
vn 0.969165 0.0945511 0.22755
v 0.0140633 -0.0671681 0.00496509
vn 0.997183 0.0197358 0.0723665
v 0.0139761 -0.0637014 0.00440239
vn 0.995291 0.0571768 0.0782807
v 0.0118395 -0.0644398 0.0108231
vn 0.854162 0.182631 0.486881
v 0.0121911 -0.0620281 0.00922759
vn 0.881308 0.135711 0.452636
v 0.0107017 -0.0646007 0.0127538
vn 0.801868 0.174624 0.571415
v 0.0128656 -0.0689409 0.0101207
vn 0.898998 -0.0450986 0.435624
v 0.0135244 -0.0674771 0.00829179
vn 0.949939 0.0648752 0.305625
v 0.0138781 -0.0671636 0.00666939
vn 0.984932 0.0553959 0.163832
v 0.00746977 -0.0712897 0.0141632
vn 0.202667 -0.907735 0.367347
v 0.0128724 -0.0711134 0.00777359
vn 0.64636 -0.749832 0.141317
v 0.0128381 -0.0703917 0.00958639
vn 0.857472 -0.384868 0.341495
v 0.012992 -0.0628006 0.00773919
vn 0.918264 0.127713 0.374808
v 0.0111774 -0.0455496 -0.0108569
vn 0.353318 -0.0247732 0.935175
v 0.00975727 -0.0638124 0.0136899
vn 0.741771 0.195765 0.641445
v 0.00962567 -0.0652074 0.0142271
vn 0.694865 0.133008 0.706733
v 0.011388 -0.0500016 -0.0110286
vn 0.391825 0.034679 0.919386
v 0.0112466 -0.0699861 0.0124105
vn 0.759001 -0.203513 0.618466
v 0.0121639 -0.0698692 0.0111469
vn 0.837764 -0.178976 0.515868
v 0.00476917 -0.0418391 0.0146108
vn 0.292742 0.07673 0.953108
v 0.0139382 -0.0695073 0.00602569
vn 0.978525 -0.182402 0.0960072
v 0.00319467 -0.0714903 0.0145301
vn 0.0108676 -0.991799 0.127341
v 0.0137701 -0.0613381 0.00475519
vn 0.988993 0.068777 0.131008
v 0.010319 -0.0689795 0.0136412
vn 0.711139 -0.114424 0.693677
v 0.00338917 -0.0424808 0.0150423
vn 0.220842 0.0985833 0.970314
v 0.00692457 -0.0673221 0.0161393
vn 0.377604 -0.0065487 0.925944
v 0.0137053 -0.0644098 0.00119329
vn 0.965272 0.031909 -0.259292
v 0.0140993 -0.0669389 0.00288159
vn 0.995976 0.0225713 -0.0867311
v 0.0139068 -0.0688681 0.00162599
vn 0.971479 -0.0397145 -0.233776
v 0.0107593 -0.0429588 -0.0107427
vn 0.290877 0.0618143 0.954761
v 0.00830497 -0.0695742 0.015099
vn 0.511279 -0.236581 0.82621
v 0.00929877 -0.0689956 0.0145408
vn 0.605469 -0.165069 0.778562
v 0.00919027 -0.0675044 0.0148723
vn 0.599648 -0.0198398 0.800018
v 0.00948577 -0.069873 0.01415
vn 0.597896 -0.26381 0.756918
v 0.00965967 -0.0468539 -0.0102715
vn 0.508037 0.0370724 0.860537
v 0.00973297 -0.0711603 0.0131605
vn 0.407457 -0.759043 0.507773
v 0.0108019 -0.0709208 0.0124478
vn 0.5992 -0.591817 0.539178
v 0.0102495 -0.0703078 0.0133263
vn 0.649792 -0.326445 0.686443
v 0.013478 -0.0707208 0.00587369
vn 0.794509 -0.597811 0.106666
v 0.0117839 -0.0709864 0.0111455
vn 0.668333 -0.61509 0.418325
v 0.0122028 -0.0712613 0.00943959
vn 0.575022 -0.792423 0.203506
v 0.0104143 -0.0714733 0.0116469
vn 0.307708 -0.912929 0.2681
v 0.0112805 -0.0715509 0.0100087
vn 0.324059 -0.929929 0.173831
v 0.00900117 -0.0706101 0.0141595
vn 0.469342 -0.518388 0.714837
v 0.00861807 -0.0711917 0.0137309
vn 0.28431 -0.832035 0.476324
v 0.00868657 -0.0716039 0.0125606
vn 0.143696 -0.959722 0.241424
v 0.00971477 -0.0718888 0.0100809
vn 0.110151 -0.989407 0.0945594
v 0.00949697 -0.0443511 -0.0101877
vn 0.569151 0.0090918 0.822183
v 0.0108948 -0.0718282 0.00834889
vn 0.19824 -0.978766 0.0521295
v 0.0112452 -0.0570105 -0.00497011
vn 0.922095 -0.0121267 -0.386774
v 0.0126438 -0.0556642 -0.00193121
vn 0.929264 -0.0213577 -0.368798
v 0.0121836 -0.0596283 -0.00266571
vn 0.918581 -0.0275539 -0.394271
v 0.00794567 -0.0718495 0.0113886
vn -0.0008199 -0.996241 0.0866168
v 0.00625957 -0.0716388 0.0132267
vn 0.0250023 -0.991286 0.129331
v 0.00817457 -0.0642051 0.0152282
vn 0.528974 0.140748 0.836885
v 0.0129535 -0.0582028 -0.000887211
vn 0.942772 -0.0219526 -0.332715
v 0.0136921 -0.0580227 0.00422789
vn 0.992588 0.0258237 0.118752
v 0.0137299 -0.0546563 0.00273889
vn 0.999856 -0.0150582 -0.0077862
v 0.0135017 -0.0539341 0.00488739
vn 0.975344 -0.0097177 0.220478
v 0.0135094 -0.0577071 0.000892088
vn 0.977751 -0.006019 -0.209682
v 0.0134919 -0.0537093 0.000429689
vn 0.972632 -0.0319575 -0.230142
v 0.0131305 -0.0606593 -0.000225512
vn 0.944723 -0.002015 -0.327863
v 0.0125453 -0.0646215 -0.00171611
vn 0.910767 -0.0104882 -0.412788
v 0.0137183 -0.0576415 0.00267509
vn 0.998678 0.0085786 -0.0506908
v 0.00226227 -0.0623477 0.0164177
vn 0.0279901 0.0873477 0.995785
v 0.00824117 -0.0719102 0.00917699
vn -0.0971554 -0.994764 -0.0317044
v 0.0135566 -0.0607616 0.00122359
vn 0.977207 0.0169083 -0.211614
v 0.00946697 -0.0490443 -0.00997231
vn 0.736614 0.114073 0.666624
v 0.0101693 -0.0508291 -0.0102374
vn 0.602733 0.0749398 0.794416
v 0.00835657 -0.0415167 -0.00908521
vn 0.940326 0.0871341 -0.32893
v 0.00813407 -0.0707779 0.0145904
vn 0.430743 -0.628376 0.647768
v 0.00964087 -0.0705676 0.0137425
vn 0.563038 -0.441781 0.698439
v 0.00180987 -0.0715894 0.0131204
vn 0.0060053 -0.999972 -0.0045803
v 0.00820407 -0.0412452 -0.00992861
vn 0.906397 0.149851 0.394955
v 0.00847137 -0.0428235 -0.00956511
vn 0.945204 0.198 0.259588
v 0.00923817 -0.0423996 -0.010287
vn 0.46793 0.174426 0.866382
v -0.000950531 -0.0715866 0.0139948
vn 0.0162939 -0.997339 0.0710526
v 0.00893487 -0.0453445 -0.0100238
vn 0.698128 -0.0810478 0.711371
v 0.00869027 -0.0442791 -0.00879221
vn 0.9929 0.0329324 -0.1143
v 0.00881477 -0.0475125 -0.00951441
vn 0.931574 0.111307 0.346094
v 0.00866107 -0.0466406 -0.00952491
vn 0.946402 0.092954 0.309325
v 0.00862567 -0.0459461 -0.00947451
vn 0.973655 0.0604456 0.219869
v 0.0138018 -0.0609084 0.00286829
vn 0.99748 0.0365212 -0.0608322
v 0.00887837 -0.0482602 -0.00888361
vn 0.979655 0.166281 -0.11237
v 0.00964427 -0.051339 -0.00967671
vn 0.883324 0.124286 0.451987
v 0.00946817 -0.050762 -0.00846231
vn 0.964597 0.149504 -0.21726
v 0.00964617 -0.0527321 -0.00920931
vn 0.976343 0.126805 0.175141
v 0.00912147 -0.04946 -0.00899421
vn 0.988325 0.152255 -0.0056399
v 0.00908517 -0.0463835 -0.00810631
vn 0.906694 0.0524141 -0.418519
v 0.0123744 -0.071545 0.00538159
vn 0.381879 -0.919635 0.0918672
v 0.0118602 -0.0715504 0.00803309
vn 0.346773 -0.935291 0.070561
v 0.0100183 -0.0522278 -0.00752221
vn 0.931123 0.0863556 -0.354335
v -0.00248073 -0.0631836 0.0158625
vn -0.304079 0.0492439 0.951373
v -0.00399453 -0.0636534 0.0152814
vn -0.430448 0.0446659 0.90151
v -0.00312803 -0.0662565 0.0157888
vn -0.363753 0.0413884 0.930575
v 0.00954597 -0.0486536 -0.00769711
vn 0.882417 0.106147 -0.458337
v 0.0104242 -0.0500876 -0.00630881
vn 0.891324 0.0629365 -0.448978
v -0.00565413 -0.0623669 0.0143008
vn -0.549469 0.0338784 0.834827
v -0.00387433 -0.0601348 0.0151602
vn -0.411978 0.0315246 0.910648
v 0.0111639 -0.0532148 -0.00515421
vn 0.907695 0.0257106 -0.418843
v 0.00532597 -0.0609092 0.0158379
vn 0.272922 0.127126 0.9536
v 0.00356847 -0.0610666 0.016198
vn 0.136339 0.0970378 0.985898
v 0.0130232 -0.050653 0.00661269
vn 0.934958 -0.047075 0.351622
v 0.00185307 -0.0595971 0.0162423
vn 0.0392937 0.0596959 0.997443
v -0.00223103 -0.0600999 0.015793
vn -0.289745 0.0399266 0.956271
v 0.00911707 -0.0632767 0.0142119
vn 0.674886 0.200287 0.710221
v 0.00801907 -0.0558959 0.013797
vn 0.613689 0.0424673 0.788405
v 0.00889977 -0.0535999 0.0130094
vn 0.682945 0.0066321 0.730439
v 0.00902707 -0.0569238 0.0129364
vn 0.726067 0.0527482 0.685597
v 0.000737669 -0.0607821 0.016311
vn -0.0554629 0.0569008 0.996838
v -0.00537503 -0.0594947 0.0143702
vn -0.517164 0.0182944 0.855691
v 0.00686637 -0.0568745 0.0146425
vn 0.489922 0.0893834 0.867172
v 0.00829297 -0.059932 0.0140231
vn 0.643333 0.144994 0.751731
v 0.00574347 -0.0579218 0.0153049
vn 0.361106 0.118094 0.925017
v -0.0104132 -0.0599521 0.00876419
vn -0.894601 0.0309285 0.445795
v -0.00957463 -0.0599103 0.0101561
vn -0.835273 0.0423302 0.548204
v -0.00986903 -0.058015 0.00959239
vn -0.84565 -0.0008646 0.533736
v 0.00661667 -0.0639394 0.0159128
vn 0.33966 0.127161 0.931913
v 0.00683237 -0.0607299 0.0152245
vn 0.460381 0.159175 0.873334
v -0.0105532 -0.0562966 0.00845379
vn -0.903955 -0.0367324 0.426046
v -0.00481803 -0.056708 0.0146253
vn -0.474547 -0.0127349 0.880138
v -0.00282303 -0.0569435 0.0154905
vn -0.322885 0.001161 0.946437
v 0.0108973 -0.0480051 0.0110353
vn 0.785598 -0.0833437 0.613098
v 0.0113552 -0.0505372 0.00992849
vn 0.838858 -0.0692937 0.539921
v 0.0118758 -0.0478873 0.00964099
vn 0.855685 -0.101291 0.507487
v 0.010121 -0.0511442 0.011672
vn 0.783885 -0.0402125 0.619602
v 0.0140339 -0.0645892 0.00326019
vn 0.997234 0.0435277 -0.0602569
v -0.00338493 -0.0535303 0.0154545
vn -0.327341 -0.0728708 0.942092
v -0.00611623 -0.0580632 0.0138482
vn -0.589136 0.011777 0.807948
v -0.00679313 -0.0555709 0.013336
vn -0.643508 -0.0386097 0.764465
v -0.00828303 -0.0565385 0.0117986
vn -0.751551 -0.0195455 0.659385
v -0.00852663 -0.0537116 0.0117333
vn -0.764649 -0.0196242 0.644149
v -0.00458793 -0.0515596 0.0151456
vn -0.467574 -0.0332088 0.88333
v -0.00623073 -0.0522368 0.0140575
vn -0.621704 -0.0036503 0.783243
v -0.00517303 -0.0539114 0.0146356
vn -0.496257 -0.0717301 0.865207
v -0.00421903 -0.0489857 0.0152676
vn -0.487841 0.0957121 0.86767
v -0.00485403 -0.0657358 0.0149069
vn -0.503154 0.0340073 0.863527
v -0.00101743 -0.0582347 0.0159975
vn -0.175255 0.0366087 0.983842
v 0.000438168 -0.0570682 0.0161136
vn -0.0431781 0.0345144 0.998471
v -0.00732723 -0.0532836 0.0130419
vn -0.701482 -0.0237412 0.712291
v -0.00772253 -0.0511232 0.012535
vn -0.73118 0.0727877 0.67829
v -0.00527073 -0.0501359 0.0146717
vn -0.583167 0.0683678 0.80947
v -0.00637893 -0.0499404 0.0137328
vn -0.67754 0.108369 0.727459
v -0.00890193 -0.0513365 0.01115
vn -0.781572 0.0593134 0.620989
v -0.00245783 -0.0446679 0.0153869
vn -0.343336 0.169347 0.923819
v -0.00346863 -0.0432829 0.0146066
vn -0.466966 0.143639 0.872531
v -0.00417813 -0.0460002 0.0147736
vn -0.526869 0.154942 0.835704
v 0.011727 -0.0454979 0.010384
vn 0.820197 -0.0406685 0.570633
v 0.0135422 -0.0509523 0.00494309
vn 0.967907 -0.0357406 0.248754
v -0.00136423 -0.0548955 0.0158851
vn -0.171073 -0.0262117 0.98491
v 0.0134853 -0.0410572 0.000898289
vn 0.990759 0.0059869 -0.135499
v -0.00120443 -0.0431969 0.0154224
vn -0.191465 0.159996 0.968371
v -0.00106123 -0.0455031 0.0158868
vn -0.122576 0.136489 0.983029
v -0.000109132 -0.0433141 0.0155868
vn -0.0407003 0.149874 0.987867
v 0.00351847 -0.0474265 0.0153757
vn 0.276301 0.0273961 0.960681
v -0.00708463 -0.0480341 0.0126019
vn -0.702744 0.120958 0.701085
v -0.00528793 -0.0433711 0.0134764
vn -0.556686 0.0582965 0.828675
v 0.0118845 -0.0489567 -0.00334191
vn 0.895969 0.0524996 -0.441002
v 0.01281 -0.0517805 -0.00171941
vn 0.921942 0.0044208 -0.387304
v -0.00688663 -0.0440485 0.0123411
vn -0.608469 0.013469 0.793463
v -0.00798263 -0.0434677 0.0115119
vn -0.611422 -0.0604726 0.788991
v 0.0132554 -0.0361398 0.00207659
vn 0.997636 0.0367256 -0.0580898
v 0.01345 -0.0391367 0.00166769
vn 0.997411 0.0567827 -0.0441346
v 0.0122104 -0.0498368 0.00861199
vn 0.88824 -0.0819232 0.452017
v 0.000151968 -0.0696597 0.0167545
vn -0.120956 -0.0378788 0.991935
v -0.000987532 -0.0669166 0.0164491
vn -0.202162 0.051407 0.978002
v 0.0117806 -0.0466812 -0.00313641
vn 0.905253 0.0307093 -0.423761
v -0.000409431 -0.0709626 0.0165108
vn -0.10161 -0.583056 0.806053
v -0.00106653 -0.0713878 0.015583
vn -0.0221807 -0.955684 0.293556
v -0.00276143 -0.0714663 0.0150108
vn -0.0643349 -0.958626 0.277302
v -0.00259743 -0.0686296 0.0160755
vn -0.331418 0.0399093 0.94264
v -0.00155553 -0.0697803 0.0164477
vn -0.24629 -0.0587696 0.967413
v -0.00222993 -0.071084 0.0160169
vn -0.22371 -0.608599 0.761289
v -0.00390033 -0.0711412 0.0153196
vn -0.348436 -0.578904 0.737199
v -0.00520963 -0.0713793 0.0143314
vn -0.358509 -0.738466 0.571086
v -0.00409133 -0.0714884 0.0146059
vn -0.122621 -0.940629 0.316515
v -0.00411823 -0.0682991 0.0154187
vn -0.456287 0.0261551 0.889448
v 0.0128376 -0.0428889 0.00825429
vn 0.93017 0.0103148 0.366985
v 0.0122053 -0.0435471 0.00961669
vn 0.859391 0.016258 0.51106
v 0.0125908 -0.0463218 0.00855469
vn 0.916642 -0.0608549 0.395049
v -0.0111718 -0.0548919 0.00701539
vn -0.95366 -0.0389384 0.298356
v -0.00632633 -0.0600786 0.0137091
vn -0.614618 0.0273958 0.788349
v -0.00613583 -0.04577 0.0131029
vn -0.644652 0.110273 0.756481
v 0.0130203 -0.0489715 -0.00101511
vn 0.923161 0.0533043 -0.380701
v -0.00326663 -0.0700594 0.0158692
vn -0.389311 -0.094734 0.916222
v 0.012846 -0.0393247 0.00782479
vn 0.929061 0.0518157 0.366281
v 0.0135836 -0.0504108 0.000425589
vn 0.968344 0.0115146 -0.249353
v -0.00709593 -0.0613697 0.0131396
vn -0.662958 0.0285804 0.74811
v 0.013477 -0.0400688 0.00307029
vn 0.999387 0.0315758 -0.0151313
v 0.0137774 -0.0467808 0.00399819
vn 0.998219 0.0311691 0.0508636
v 0.0136406 -0.0488387 0.00503699
vn 0.975515 -0.0293145 0.217971
v 0.0138272 -0.050911 0.00351659
vn 0.996083 -0.0183469 0.0864968
v 0.0133472 -0.0372353 0.00412189
vn 0.998394 0.056465 0.0046761
v 0.0134659 -0.047701 0.000511988
vn 0.962242 0.0676091 -0.263667
v 0.0132896 -0.034408 0.00409729
vn 0.998688 0.0366418 0.0357872
v 0.0138168 -0.0516698 0.00189399
vn 0.995972 -0.0211812 -0.0871289
v 0.00896157 -0.0340894 -0.0109086
vn 0.278845 -0.0651805 0.958121
v 0.0135303 -0.0445274 0.00171899
vn 0.989699 0.0236652 -0.141193
v 0.00939237 -0.0503851 -0.00959891
vn 0.897558 0.193489 0.396171
v 0.0131578 -0.0360495 0.00620109
vn 0.978148 0.058786 0.199426
v 0.0138034 -0.0487113 0.00209389
vn 0.995591 0.0314624 -0.0883653
v 0.0135065 -0.0390288 0.00500009
vn 0.997519 0.0512085 0.0483069
v 0.0134188 -0.0456457 0.00627309
vn 0.970498 -0.0139022 0.240706
v 0.0135671 -0.0425637 0.00486449
vn 0.997882 0.0208366 0.0616267
v 0.0126644 -0.0368205 0.00785349
vn 0.928011 0.0588337 0.367877
v 0.0133644 -0.0398484 0.00626719
vn 0.976757 0.0328301 0.211822
v -0.000535231 -0.0405742 0.0152061
vn -0.0957179 0.0915399 0.99119
v 0.0125714 -0.0335623 -0.00163621
vn 0.958703 0.0247637 -0.283328
v 0.014134 -0.0687705 0.00341869
vn 0.998938 -0.0414858 -0.0200532
v 0.0140033 -0.0701016 0.00306289
vn 0.97763 -0.208511 -0.027609
v 0.0132614 -0.04189 0.00684799
vn 0.971221 0.0152522 0.237691
v -0.00548913 -0.0481159 0.0141832
vn -0.636693 0.145357 0.757294
v -0.000767731 -0.062264 0.0162258
vn -0.170431 0.0511975 0.984039
v -0.00218763 -0.0420182 0.014973
vn -0.311813 0.118684 0.942702
v 0.0139838 -0.069846 0.00456559
vn 0.972947 -0.217689 0.0773646
v 0.0109691 -0.0307792 -0.00547681
vn 0.880656 0.0079923 -0.473688
v 0.0116714 -0.0334247 -0.00420241
vn 0.906047 0.0062315 -0.423132
v 0.0109691 -0.0307792 -0.00547681
vn 0.880656 0.0079923 -0.473688
v 0.0119266 -0.0298906 -0.00334701
vn 0.926485 0.0031529 -0.376319
v 0.0125714 -0.0335623 -0.00163621
vn 0.958703 0.0247637 -0.283328
v 0.0126716 -0.0311694 -0.00119701
vn 0.962608 -0.0013678 -0.270896
v 0.0130979 -0.0327092 0.000504688
vn 0.98928 0.0141543 -0.145345
v 0.0129491 -0.0299225 -2.1511e-05
vn 0.985433 -0.0102282 -0.169759
v 0.0130622 -0.0271529 0.000306389
vn 0.99351 -0.0131239 -0.112982
v 0.0131245 -0.0299718 0.00131309
vn 0.997854 0.0113955 -0.0644767
v 0.0129651 -0.024002 0.00502799
vn 0.979711 0.0160384 0.199771
v 0.0123385 -0.0234552 0.00698259
vn 0.926465 0.0416951 0.374065
v 0.0121776 -0.0263367 0.00742779
vn 0.916982 0.0251964 0.398133
v 0.0119919 -0.0323246 0.00845449
vn 0.883298 0.0648696 0.464303
v 0.0115118 -0.0307442 0.00921739
vn 0.849531 0.0579762 0.524343
v 0.0110531 -0.0327727 0.010061
vn 0.785619 0.0676143 0.615005
v 0.0130428 -0.0310334 0.00470879
vn 0.990876 0.0496407 0.125303
v 0.0126651 -0.0318754 0.00690869
vn 0.950877 0.0688605 0.301813
v 0.0131578 -0.0360495 0.00620109
vn 0.978148 0.058786 0.199426
v 0.012287 -0.0320705 -0.00247701
vn 0.946534 0.0142801 -0.322288
v 0.013112 -0.0284615 0.00271789
vn 0.999318 0.0120325 0.0349142
v 0.0131895 -0.0319926 0.00262409
vn 0.999604 0.0279149 -0.003457
v 0.012941 -0.0268251 0.00423509
vn 0.991781 -0.0149249 0.127078
v 0.0126365 -0.028219 0.00605499
vn 0.969443 0.0302353 0.243447
v 0.0132554 -0.0361398 0.00207659
vn 0.997636 0.0367256 -0.0580898
v 0.0117372 -0.0245094 0.00818839
vn 0.855597 0.029725 0.516788
v 0.0117522 -0.0219811 0.00798189
vn 0.861935 0.0830209 0.500176
v 0.0108768 -0.023568 0.00934289
vn 0.765032 0.058305 0.641347
v 0.0130421 -0.0251037 0.00407729
vn 0.993825 -0.0355305 0.105121
v 0.012109 -0.0294184 0.00792289
vn 0.912156 0.0550345 0.406132
v 0.0130109 -0.0359811 -0.000254111
vn 0.980078 0.0228012 -0.197298
v 0.0131922 -0.0247744 0.00249569
vn 0.999623 -0.0093004 0.02584
v 0.0124861 -0.0347857 0.00799909
vn 0.91229 0.0728382 0.403016
v 0.0127348 -0.0288086 -0.00131111
vn 0.960105 -0.0158631 -0.279191
v 0.0117542 -0.0277974 0.00847789
vn 0.864374 0.0620183 0.49901
v 0.011067 -0.0264403 0.00932229
vn 0.800042 0.0614679 0.596787
v 0.0132896 -0.034408 0.00409729
vn 0.998688 0.0366418 0.0357872
v 0.0111834 -0.029 0.00946129
vn 0.806429 0.0663554 0.587597
v 0.0103446 -0.0280747 0.010368
vn 0.726406 0.068329 0.683861
v 0.0117502 -0.0345605 0.00926439
vn 0.843314 0.0794811 0.531511
v 0.0120744 -0.037326 0.00917569
vn 0.856122 0.0623473 0.512998
v 0.0107912 -0.0206494 0.00910069
vn 0.779931 0.0973123 0.618254
v 0.0100942 -0.0222182 0.0100534
vn 0.696876 0.0541058 0.715148
v 0.00980867 -0.0269158 0.0107751
vn 0.67583 0.0768171 0.733044
v 0.00983357 -0.0252426 0.0106246
vn 0.670584 0.0784415 0.737675
v 0.0108899 -0.0361727 0.0106752
vn 0.747142 0.0616108 0.661803
v 0.00999567 -0.0342173 0.0113247
vn 0.658734 0.0835801 0.747719
v 0.00981027 -0.02362 0.0103652
vn 0.662891 0.075395 0.74491
v 0.00965257 -0.0205681 0.0103394
vn 0.657457 0.0851842 0.748662
v -0.000116431 -0.0278652 0.014358
vn 0.0042296 0.0701395 0.997528
v -0.00160323 -0.0287372 0.0143599
vn -0.0708048 0.148615 0.986357
v -0.000331532 -0.0304356 0.0146116
vn 0.0304804 0.0700857 0.997075
v 0.00457627 -0.028303 0.0136356
vn 0.290208 0.0384671 0.95619
v 0.00501467 -0.0273198 0.0134867
vn 0.350318 0.0739313 0.933708
v 0.00405317 -0.0268835 0.0137433
vn 0.277191 0.0796426 0.957508
v 0.00180877 -0.0245562 0.0139534
vn 0.113721 0.0881032 0.989599
v -8.33184e-06 -0.0257753 0.0142175
vn 0.0394929 0.0937078 0.994816
v 0.00239007 -0.0270593 0.0141477
vn 0.153241 0.0684739 0.985814
v -0.00234473 -0.016809 0.0133381
vn -0.166791 0.165866 0.971941
v -0.00249753 -0.0181392 0.0134607
vn -0.156557 0.0109482 0.987608
v -0.00104903 -0.0178033 0.0135185
vn -0.0261499 0.0689326 0.997279
v 0.00642587 -0.0293049 0.0130719
vn 0.383615 0.0620216 0.921408
v 0.00622047 -0.0274983 0.0129847
vn 0.392168 0.0798833 0.916419
v 0.00222537 -0.0352849 0.0146998
vn 0.13053 0.0857962 0.987725
v 0.00216677 -0.0324818 0.0145127
vn 0.151707 0.0718079 0.985814
v -0.000358331 -0.0349189 0.0148796
vn -0.0166507 0.0969684 0.995148
v 0.00331217 -0.0244223 0.0136658
vn 0.211641 0.075295 0.974443
v 0.00453697 -0.0243052 0.0133502
vn 0.307993 0.0743448 0.948479
v 0.00315147 -0.0230664 0.0136561
vn 0.208484 0.0960319 0.9733
v 0.00126057 -0.0309815 0.0144386
vn 0.0931278 0.0594607 0.993877
v 0.000313668 -0.0323668 0.0146576
vn 0.0587121 0.0616366 0.99637
v -0.000585831 -0.0238787 0.014016
vn -0.0113967 0.0877524 0.996077
v 0.00597607 -0.0235687 0.012732
vn 0.379351 0.084835 0.921355
v 0.00620937 -0.0254086 0.0128248
vn 0.383753 0.0740173 0.920465
v 0.00331997 -0.0194773 0.0132012
vn 0.229557 0.0809503 0.969923
v 0.00279347 -0.0213003 0.0134404
vn 0.201655 0.106631 0.973635
v 0.00494027 -0.0216238 0.0129802
vn 0.314838 0.0939511 0.944484
v 0.00776277 -0.0289049 0.012378
vn 0.478062 0.0709492 0.875456
v 0.00490417 -0.026254 0.0133362
vn 0.336765 0.103699 0.935861
v 0.00829427 -0.0263374 0.0118783
vn 0.522303 0.0795891 0.849038
v -0.00232553 -0.0230979 0.013874
vn -0.146137 0.0518527 0.987904
v -0.00266433 -0.0241429 0.0138021
vn -0.179433 0.0649695 0.981623
v 0.00814427 -0.0227316 0.0116408
vn 0.523849 0.0792975 0.848112
v 0.00739887 -0.0241678 0.0121635
vn 0.461661 0.0784859 0.883577
v 0.00875197 -0.0240662 0.0112919
vn 0.585663 0.0774094 0.80685
v -0.00103903 -0.0215652 0.0138636
vn -0.0449545 0.0983573 0.994135
v 0.00139957 -0.0224718 0.0138422
vn 0.096824 0.0931972 0.990929
v 0.00151747 -0.0203541 0.0136173
vn 0.125673 0.0831052 0.988585
v -0.00244183 -0.0273101 0.0140425
vn -0.158892 0.0642822 0.985201
v 0.00917247 -0.0223625 0.0108503
vn 0.616624 0.0602017 0.784953
v 0.00822217 -0.0207724 0.0113505
vn 0.525531 0.0867039 0.846345
v 0.00924927 -0.0283705 0.011406
vn 0.60749 0.0696337 0.791269
v 0.0100509 -0.0295727 0.010792
vn 0.690469 0.0752691 0.719435
v -0.0104545 -0.0278327 -0.00755801
vn -0.954435 0.10313 -0.280032
v -0.0103931 -0.0267102 -0.00681511
vn -0.908059 0.123707 -0.400157
v -0.0100251 -0.0265493 -0.00769051
vn -0.965361 0.0786952 -0.248769
v 0.00243957 -0.0297354 0.0142816
vn 0.171372 0.0619658 0.983256
v 0.00661507 -0.0198845 0.0121524
vn 0.417106 0.0950895 0.90387
v 0.00686817 -0.0221095 0.0122186
vn 0.422683 0.0871457 0.902078
v -0.0118324 -0.0188535 -0.00561891
vn -0.900411 -0.0173457 -0.434695
v -0.0115969 -0.0202528 -0.00577511
vn -0.892952 -0.0561464 -0.446636
v -0.0121994 -0.0206548 -0.00434911
vn -0.950724 -0.085774 -0.297937
v 0.00964137 -0.0318497 0.0114247
vn 0.622387 0.0711162 0.779472
v 0.00896377 -0.030051 0.0117479
vn 0.563047 0.0640261 0.823941
v 0.00733177 -0.0313998 0.0127674
vn 0.439352 0.061698 0.896194
v 0.00346277 -0.0255807 0.013774
vn 0.24136 0.100254 0.965243
v 0.0108449 -0.0306817 0.0101255
vn 0.754042 0.0741433 0.652628
v -0.0118025 -0.0290792 -0.00352991
vn -0.976294 -0.103008 -0.190364
v -0.0118002 -0.0301935 -0.00249741
vn -0.980671 -0.0621781 -0.185523
v -0.0119393 -0.0279759 -0.00221811
vn -0.988245 -0.055287 -0.142529
v -0.0116996 -0.0353659 -0.00193821
vn -0.981042 -0.0487986 -0.187552
v -0.0114433 -0.0344045 -0.00354001
vn -0.962162 -0.0273231 -0.271104
v -0.0114022 -0.0360059 -0.00355141
vn -0.953214 -0.0705544 -0.293949
v -0.0118213 -0.0380534 0.00255559
vn -0.996775 -0.0153329 0.0787717
v -0.0118375 -0.0388903 0.00366459
vn -0.992713 -0.0974942 0.0708251
v -0.0118476 -0.0372776 0.00379189
vn -0.999454 0.0078058 0.0320968
v 0.00500137 -0.0186708 0.0126423
vn 0.325667 0.0887735 0.941308
v -0.01245 -0.0269426 0.000665488
vn -0.986553 -0.0564454 0.153387
v -0.012363 -0.027989 0.000903588
vn -0.978212 -0.0071768 0.207486
v -0.0122109 -0.0268724 0.00146669
vn -0.964092 -0.0459369 0.261564
v 0.00178457 -0.018169 0.0134122
vn 0.133279 0.0922701 0.986774
v 0.000528268 -0.0148452 0.0131603
vn 0.0615188 0.0919736 0.993859
v 0.000708168 -0.0172589 0.0133793
vn 0.0549893 0.100143 0.993452
v -0.0126811 -0.0197141 -0.00292491
vn -0.988794 -0.0499869 -0.140672
v -0.0124701 -0.0220843 -0.00210461
vn -0.981515 -0.0973302 -0.164788
v -0.0126955 -0.0197795 -0.00170501
vn -0.993745 -0.0595049 -0.0944996
v -0.0109777 -0.0177072 -0.00705481
vn -0.875897 0.039245 -0.480899
v -0.0109055 -0.0199475 -0.00704311
vn -0.882458 -0.0771457 -0.464022
v 0.00431147 -0.0352363 0.0143106
vn 0.256416 0.111214 0.960147
v 0.00387667 -0.0334133 0.0141658
vn 0.251466 0.0852599 0.964104
v 0.00568417 -0.033438 0.0135977
vn 0.349528 0.093414 0.932257
v -0.0123343 -0.02527 -0.00135841
vn -0.97926 -0.0694186 -0.190347
v -0.0121581 -0.0239813 -0.00270451
vn -0.990383 -0.0674572 -0.120796
v -0.012271 -0.0321838 0.000530689
vn -0.999549 -0.0299763 -0.0016841
v -0.012155 -0.0338719 0.00136589
vn -0.979573 -0.024755 0.199558
v -0.0121448 -0.0314695 0.00153279
vn -0.971753 -0.0200213 0.235151
v 0.00466047 -0.0317088 0.0138672
vn 0.300937 0.0677231 0.951236
v 0.00603967 -0.035575 0.0137541
vn 0.383775 0.0845131 0.919551
v -0.00115843 -0.015947 0.0133199
vn -0.0703903 0.125167 0.989636
v -0.00178093 -0.0157527 0.0131381
vn -0.251092 0.165539 0.953703
v -0.0111613 -0.0287293 -0.00561751
vn -0.90062 -0.0742571 -0.428217
v -0.0115844 -0.0277938 -0.00464451
vn -0.932199 -0.0465188 -0.358944
v -0.0108307 -0.0278274 -0.00616171
vn -0.914083 0.0310185 -0.40434
v 0.00725167 -0.0341468 0.0130155
vn 0.429695 0.0870026 0.898773
v -0.0118969 -0.027862 -0.00347981
vn -0.987162 -0.0688086 -0.144143
v -0.0107547 -0.0320304 0.00879009
vn -0.935201 0.0302932 0.352821
v -0.0103805 -0.0317523 0.00954339
vn -0.876526 0.02493 0.480709
v -0.0103835 -0.0294624 0.00951449
vn -0.866299 0.0217567 0.499052
v 0.00523707 -0.030176 0.0135325
vn 0.319291 0.0592833 0.9458
v 0.00467007 -0.037038 0.014354
vn 0.305837 0.0599151 0.950197
v -0.0127665 -0.02236 0.000426289
vn -0.990281 -0.0366993 0.134154
v -0.0125719 -0.0213756 0.00104919
vn -0.97242 -0.0229027 0.232109
v -0.0128093 -0.0208825 -0.000284712
vn -0.998655 -0.0516656 -0.0043843
v -0.0123319 -0.0199166 0.00227029
vn -0.961601 -0.0518657 0.269507
v -0.0121887 -0.0239814 0.00208759
vn -0.967712 -0.0296582 0.250308
v -0.0115649 -0.0205036 0.00475499
vn -0.965691 -0.0288968 0.258082
v 0.00350997 -0.0170295 0.0129421
vn 0.235948 0.0864576 0.967912
v 0.00870807 -0.033872 0.0122355
vn 0.520956 0.0810285 0.849729
v -0.0124233 -0.0279789 -0.000164111
vn -0.993867 -0.0440258 -0.101438
v 0.00178017 -0.0163291 0.0132174
vn 0.129473 0.106303 0.985868
v 0.00630537 -0.0389211 0.0138635
vn 0.381079 0.0743908 0.921545
v 0.00580287 -0.0375758 0.013936
vn 0.37655 0.0588715 0.924524
v 0.00423177 -0.0397058 0.0146382
vn 0.265153 0.0628471 0.962156
v -0.011452 -0.0263529 0.00507449
vn -0.981641 0.0024165 0.190723
v -0.0109928 -0.0278176 0.00794819
vn -0.964881 0.0155813 0.262224
v -0.0109807 -0.0232706 0.00734919
vn -0.967792 0.0212286 0.250856
v -0.0119539 -0.0385896 0.00145079
vn -0.995811 -0.0871603 0.0276222
v -0.0121617 -0.0367221 0.00133009
vn -0.993912 -0.044842 0.100638
v 0.00742467 -0.0401543 0.0134241
vn 0.456854 0.0805625 0.885886
v 0.00792157 -0.0367821 0.0129197
vn 0.472802 0.060583 0.879084
v -0.0113719 -0.0320513 0.00648449
vn -0.98144 0.028689 0.18961
v -0.0109964 -0.0351343 -0.00452301
vn -0.904906 -0.0741654 -0.4191
v -0.0110515 -0.0340567 -0.00473531
vn -0.913797 -0.0459406 -0.403564
v -0.00914183 -0.036143 -0.00796901
vn -0.937596 -0.137282 -0.31948
v -0.00923913 -0.0374201 -0.00703071
vn -0.920691 -0.0600606 -0.385644
v -0.00969613 -0.0361329 -0.00658371
vn -0.874132 -0.133904 -0.466865
v -0.011258 -0.0298536 -0.00487181
vn -0.925795 -0.129089 -0.355303
v -0.0115546 -0.0305731 -0.00350681
vn -0.970036 -0.0821214 -0.228662
v -0.0121056 -0.022631 -0.00350461
vn -0.987062 -0.0517225 -0.151769
v -0.0119344 -0.0225879 -0.00479461
vn -0.953848 -0.040646 -0.297525
v -0.0121715 -0.0243619 -0.00404551
vn -0.981732 -0.0497509 -0.183647
v -0.0104551 -0.0208098 -0.00766811
vn -0.930664 -0.225371 -0.288223
v -0.0103178 -0.0204787 -0.00849491
vn -0.940862 -0.127013 -0.31408
v 0.00916917 -0.0351412 0.0120708
vn 0.552117 0.0835378 0.829571
v -0.00957743 -0.0346526 -0.00742091
vn -0.898609 -0.124822 -0.42062
v -0.0113207 -0.0379796 0.00721019
vn -0.953484 -0.109715 0.280767
v -0.0111506 -0.039472 0.00646219
vn -0.952376 -0.177183 0.248167
v -0.0105961 -0.0401884 0.00799879
vn -0.93644 -0.0589286 0.345843
v 0.00963577 -0.0363464 0.0118655
vn 0.605597 0.0530553 0.794001
v -0.000693032 -0.0334541 0.0147032
vn -0.0520376 0.0583046 0.996942
v 0.000155869 -0.0192005 0.0136116
vn 0.0243873 0.0854788 0.996041
v -0.0117785 -0.025471 -0.00472921
vn -0.892444 -0.139529 -0.42904
v -0.0110153 -0.0261691 -0.00566291
vn -0.850817 -0.069102 -0.520899
v -0.0116498 -0.0265324 -0.00461711
vn -0.89893 -0.0895804 -0.428836
v -0.0117403 -0.0385765 0.00467449
vn -0.985709 -0.108256 0.129069
v -0.0113593 -0.0401711 0.00490809
vn -0.981547 -0.0896682 0.168892
v -0.0115601 -0.0388889 0.00553699
vn -0.964528 -0.199703 0.172641
v -0.0100799 -0.0258258 -0.00851081
vn -0.991507 0.0922974 -0.0916217
v -0.0101567 -0.0252903 -0.00714081
vn -0.910774 -0.0056964 -0.412865
v -0.00970943 -0.024453 -0.00823471
vn -0.975902 0.0208657 -0.21721
v -0.0121566 -0.0290495 0.00144699
vn -0.961945 -0.0320556 0.271355
v -0.0123535 -0.0300149 0.000590189
vn -0.99754 -0.0437999 0.0547274
v -0.00969963 -0.0387796 0.0103416
vn -0.837819 -0.259794 0.480174
v -0.010054 -0.0392736 0.00942119
vn -0.882528 -0.162015 0.441469
v -0.00948873 -0.0400307 0.0104051
vn -0.83813 -0.0858563 0.538671
v -0.0126719 -0.023647 0.000139889
vn -0.997407 -0.0672936 0.0255275
v -0.00970023 -0.0364137 0.0111364
vn -0.800586 0.0037645 0.599206
v -0.0104149 -0.0369443 0.00987009
vn -0.9028 -0.0656229 0.425025
v -0.00976213 -0.0378914 0.0109397
vn -0.811233 -0.200587 0.549241
v -0.0114849 -0.0373494 -0.00237731
vn -0.978115 -0.0301031 -0.205878
v -0.0100986 -0.0408267 0.00932019
vn -0.898868 0.0086054 0.438134
v -0.0106669 -0.0394801 -0.00449191
vn -0.899314 -0.0495974 -0.434481
v -0.0101463 -0.0377608 -0.00565751
vn -0.855768 -0.0687439 -0.512772
v -0.00943973 -0.0393974 -0.00666821
vn -0.894327 0.0258714 -0.446665
v -0.0115368 -0.0398976 -0.00105191
vn -0.989466 -0.103184 -0.101536
v -0.0113412 -0.0413971 -0.00171871
vn -0.987509 -0.0598682 -0.145745
v -0.0115066 -0.0417721 -0.000154111
vn -0.994682 -0.0627559 -0.0816709
v 0.00959797 -0.0393717 0.0120341
vn 0.603928 0.066704 0.794243
v -0.0118336 -0.0330951 0.00232739
vn -0.983183 -0.0158 0.18194
v -0.00138353 -0.019925 0.0135882
vn -0.115067 0.120598 0.98601
v -0.0111011 -0.0355124 0.00829389
vn -0.951672 0.0019082 0.30711
v -0.0107249 -0.0380993 0.00877569
vn -0.911501 -0.159124 0.379269
v -0.00271283 -0.0194462 0.0132863
vn -0.173653 0.0635671 0.982753
v -0.0117434 -0.0363677 0.00242479
vn -0.988854 0.0115468 0.148441
v -0.0116706 -0.0376416 0.00560939
vn -0.989021 -0.0231032 0.14596
v -0.0113203 -0.0237663 -0.00600131
vn -0.838627 -0.0926318 -0.536772
v -0.00965353 -0.0422622 0.0100511
vn -0.799939 -0.030106 0.599326
v -0.00978603 -0.0446229 0.00977999
vn -0.781759 -0.0182553 0.623314
v -0.00892563 -0.0442219 0.0106764
vn -0.689015 -0.0338144 0.723957
v -0.0103464 -0.0457996 0.00893579
vn -0.86506 -0.0149252 0.501447
v -0.010322 -0.0427551 0.00898059
vn -0.887055 0.0152298 0.461414
v -0.0109397 -0.0435904 0.00762189
vn -0.946547 0.0264493 0.321481
v -0.0116796 -0.0348486 0.00491579
vn -0.993246 0.0278819 0.112626
v -0.0115115 -0.035721 0.00651939
vn -0.983818 0.0174495 0.17832
v -0.0121253 -0.0343325 -9.17123e-05
vn -0.991642 -0.0360943 -0.123867
v -0.0117043 -0.0326371 -0.00253931
vn -0.9736 -0.0397036 -0.224781
v -0.0104449 -0.0189395 -0.00808191
vn -0.904552 -0.0025904 -0.426355
v -0.0120594 -0.0355708 0.00174829
vn -0.923393 0.0272763 0.382885
v -0.011997 -0.0255636 -0.00274631
vn -0.993092 -0.0786614 -0.0870683
v -0.0102069 -0.0382409 0.00985119
vn -0.869063 -0.247669 0.42824
v -0.0125644 -0.0229085 0.00100389
vn -0.960611 -0.0661092 0.26992
v -0.00297683 -0.0210245 0.0135804
vn -0.182702 0.126449 0.975003
v -0.0113575 -0.0429824 0.00566279
vn -0.985924 0.0285475 0.164737
v -0.0112222 -0.0453387 0.00671589
vn -0.973041 0.0006845 0.230631
v -0.00165003 -0.0252343 0.014152
vn -0.114506 0.120506 0.986086
v 0.00136957 -0.0303078 0.0144168
vn 0.114415 0.0186138 0.993259
v -0.0106474 -0.0311748 -0.00571251
vn -0.868089 -0.0912363 -0.487953
v -0.0104894 -0.0295374 -0.00662461
vn -0.89638 -0.175587 -0.407029
v -0.00992593 -0.0309531 -0.00686431
vn -0.949217 -0.125505 -0.288506
v -0.00108853 -0.032464 0.0146941
vn -0.0146377 0.0330097 0.999348
v -0.00171323 -0.0339151 0.0146503
vn -0.0899542 -0.0042938 0.995937
v -0.0117618 -0.0349084 0.00212439
vn -0.969159 0.0110935 0.246187
v -0.0114273 -0.0465332 0.00536719
vn -0.995858 -0.0119239 0.0901358
v -0.0115413 -0.0438882 0.00411629
vn -0.99899 -0.013463 0.042865
v -0.0114483 -0.0456177 0.00325339
vn -0.996813 -0.0450687 -0.0658203
v -0.0117465 -0.0314997 0.00360969
vn -0.993134 0.0049619 0.116877
v -0.0118708 -0.0315614 0.00237629
vn -0.979039 -0.027105 0.201861
v -0.0115153 -0.021549 -0.00590621
vn -0.869359 -0.05134 -0.491507
v -0.0103355 -0.021796 -0.00738181
vn -0.823539 -0.112295 -0.556033
v -0.0119025 -0.0280189 0.00269979
vn -0.979659 -0.0202212 0.199649
v -0.0105302 -0.027049 0.00922479
vn -0.884907 0.0037398 0.465753
v -0.0119581 -0.0264909 -0.00371821
vn -0.984843 -0.0783921 -0.154723
v -0.00393993 -0.0263551 0.0137973
vn -0.236923 0.0503051 0.970225
v -0.00383433 -0.0276479 0.0138163
vn -0.20852 0.104465 0.972423
v -0.00139333 -0.0264191 0.0142856
vn -0.104508 0.0251647 0.994206
v -0.00265653 -0.0258898 0.0140007
vn -0.188247 0.0571642 0.980457
v -0.00361863 -0.0253167 0.0137775
vn -0.218119 0.129849 0.967245
v -0.00281843 -0.0250138 0.01387
vn -0.198203 0.122468 0.97248
v -0.00896393 -0.0379779 -0.00824011
vn -0.975308 -0.0023185 -0.220836
v -0.00381833 -0.0245264 0.0135867
vn -0.215918 0.0943597 0.971842
v -0.00312353 -0.0222287 0.0136027
vn -0.195235 0.080397 0.977456
v -0.00443343 -0.0233524 0.0134122
vn -0.27203 0.0677685 0.959899
v -0.0113173 -0.0315956 -0.00436131
vn -0.944046 -0.065691 -0.323207
v -0.0111658 -0.0328763 -0.00431281
vn -0.943306 -0.0525471 -0.32774
v -0.00474513 -0.0202181 0.0129677
vn -0.284658 0.0906153 0.954337
v -0.00485453 -0.0218091 0.0131939
vn -0.331692 0.0960996 0.93848
v -0.0109818 -0.0417488 -0.00332601
vn -0.961146 -0.0312059 -0.274269
v -0.0107617 -0.0435703 -0.00427341
vn -0.937573 -0.05148 -0.343957
v -0.0114045 -0.0432026 -0.00142001
vn -0.992579 -0.0625216 -0.104301
v -0.0114819 -0.0387894 -0.00292951
vn -0.959158 -0.0262716 -0.281649
v -0.0110155 -0.0376393 -0.00404561
vn -0.916499 -0.0628375 -0.395071
v -0.0115866 -0.0394054 -0.00218161
vn -0.991477 -0.0890351 -0.0951088
v -0.0113743 -0.0402323 -0.00262421
vn -0.962682 -0.131817 -0.236364
v -0.00849683 -0.0413695 0.0114254
vn -0.676757 -0.123262 0.725814
v -0.0115454 -0.0426425 0.00195529
vn -0.996101 -0.082372 -0.031588
v -0.011467 -0.0428225 0.000215989
vn -0.993831 -0.108344 -0.0236892
v -0.00592303 -0.0174844 0.0123976
vn -0.354533 0.103548 0.929292
v -0.00580253 -0.0191133 0.0126112
vn -0.354407 0.0650621 0.932825
v -0.00408543 -0.0185577 0.0130627
vn -0.236302 0.0470778 0.970538
v -0.00233963 -0.0156094 0.0129495
vn -0.176317 0.117203 0.977331
v -0.00329433 -0.0161128 0.012949
vn -0.198414 0.168996 0.965439
v -0.00389113 -0.0170789 0.0130037
vn -0.251562 0.119144 0.96048
v -0.00311913 -0.0177888 0.0131848
vn -0.258858 0.114266 0.959133
v -0.00597433 -0.0159273 0.0121091
vn -0.310442 0.0451874 0.949518
v -0.00456553 -0.0158734 0.0125855
vn -0.276259 0.0728688 0.958317
v -0.00542333 -0.0149233 0.0123683
vn -0.311352 0.0405518 0.949429
v -0.00266943 -0.0379443 0.0149322
vn -0.143999 -0.0343109 0.988983
v -0.00114673 -0.0370249 0.0151169
vn -0.0453591 0.0269682 0.998607
v -0.00219813 -0.0364147 0.0148909
vn -0.161601 0.145994 0.975997
v -0.0119211 -0.0302512 0.00228369
vn -0.979803 -0.0126465 0.199564
v -0.00322093 -0.0334802 0.0145239
vn -0.163145 -0.0034013 0.986596
v -0.00296213 -0.035195 0.0144949
vn -0.165238 0.0843366 0.982641
v -0.0115937 -0.038601 -0.00174631
vn -0.993048 -0.0261372 -0.114768
v -0.0110783 -0.0411292 0.00657239
vn -0.970631 0.0283222 0.2389
v -0.0104493 -0.0350215 0.00984069
vn -0.887853 0.0309815 0.459083
v -0.0115439 -0.0419029 0.00389659
vn -0.996187 -0.0096234 0.0867166
v -0.010043 -0.0319841 -0.00668031
vn -0.933054 -0.007693 -0.359655
v -0.00995923 -0.0233954 -0.00764431
vn -0.875461 -0.110928 -0.470386
v -0.00997883 -0.0235639 -0.00858121
vn -0.96186 -0.264995 0.067849
v -0.00128143 -0.0385925 0.0149629
vn -0.0815329 -0.0176905 0.996514
v -0.0102861 -0.0415051 -0.00535981
vn -0.914222 -0.0088643 -0.405116
v -0.00947593 -0.0413963 -0.00726431
vn -0.920424 0.0273413 -0.389964
v 0.00314107 -0.0374055 0.0147712
vn 0.175262 0.0725127 0.981848
v 0.00251057 -0.0393398 0.0149752
vn 0.156932 0.0662197 0.985387
v -0.0115196 -0.038526 0.00625919
vn -0.957987 -0.173696 0.228233
v -0.000168232 -0.0365443 0.0150503
vn 0.108846 0.0531613 0.992636
v 0.000617469 -0.0364798 0.0149076
vn 0.0980797 0.067611 0.992879
v -0.00225493 -0.0397932 0.0148137
vn -0.224438 -0.0225149 0.974228
v -0.000535231 -0.0405742 0.0152061
vn -0.0957179 0.0915399 0.99119
v 0.00137577 -0.038352 0.015019
vn 0.0581662 0.0761767 0.995396
v -0.0125285 -0.02603 3.2189e-05
vn -0.997493 -0.0489336 -0.0511248
v -0.00346733 -0.0391467 0.0145848
vn -0.245282 -0.160497 0.956074
v -0.00374283 -0.0410978 0.0142604
vn -0.399867 -0.0235925 0.91627
v -0.000108332 -0.0379034 0.0150091
vn 0.02295 0.0181039 0.999573
v -0.00427563 -0.0380784 0.0146601
vn -0.260783 -0.0781716 0.962227
v -0.0118937 -0.0376806 -0.000404311
vn -0.986195 -0.0776061 -0.146277
v -0.00961333 -0.0343946 0.0110862
vn -0.77182 0.0676855 0.632228
v -0.00218763 -0.0420182 0.014973
vn -0.311813 0.118684 0.942702
v -0.0117532 -0.0400222 0.00271809
vn -0.99396 -0.0847321 0.0697381
v -0.0102525 -0.0331217 0.00992579
vn -0.863678 0.065386 0.499786
v 0.00167157 -0.0417323 0.0152931
vn 0.109669 0.107399 0.988149
v -0.0106777 -0.0361942 -0.00503581
vn -0.87581 -0.0834886 -0.47538
v -0.00983763 -0.0318628 0.010421
vn -0.813109 0.054675 0.579538
v -0.0113072 -0.0437528 0.000380388
vn -0.99054 -0.134401 -0.0277103
v -0.0118471 -0.0347742 0.00318009
vn -0.999958 -0.0013238 0.0090769
v -0.0105733 -0.0329634 -0.00567021
vn -0.887003 -0.0459186 -0.459474
v -0.010319 -0.0346064 -0.00594061
vn -0.876907 -0.0973971 -0.470689
v -0.0117729 -0.0401598 0.000822688
vn -0.992958 -0.101643 -0.0608594
v -0.0100113 -0.0303958 -0.00749711
vn -0.962957 -0.253133 -0.092937
v -0.00986693 -0.0316631 -0.00774851
vn -0.994254 -0.0201145 -0.105144
v -0.00991103 -0.0331698 -0.00698341
vn -0.915604 -0.0424283 -0.399837
v -0.0128407 -0.0185935 0.000653588
vn -0.985465 -0.055347 0.160611
v -0.0124992 -0.0255347 0.000961589
vn -0.975614 -0.0523233 0.213166
v -0.0121343 -0.0306749 -0.000867612
vn -0.983556 -0.0426604 -0.175493
v -0.0112207 -0.0450283 0.00122209
vn -0.987901 -0.108119 -0.111181
v -0.0124323 -0.0287332 0.000745889
vn -0.986277 -0.0225474 0.163551
v -0.0108347 -0.0192507 0.00764469
vn -0.948268 -0.0087396 0.317349
v -0.0110068 -0.0322274 -0.00502211
vn -0.902647 -0.0883845 -0.421208
v -0.0122078 -0.0352378 0.00114539
vn -0.99771 -0.008687 0.0670741
v -0.0124251 -0.0183278 -0.00405661
vn -0.96269 0.0343734 -0.268417
v 0.0126644 -0.0368205 0.00785349
vn 0.928011 0.0588337 0.367877
v -0.00317853 -0.0288658 0.014228
vn -0.189102 0.142446 0.971571
v -0.00230723 -0.029777 0.0144959
vn -0.122791 0.103748 0.986995
v -0.00228943 -0.0318043 0.0145796
vn -0.104641 0.0623628 0.992553
v -0.00355683 -0.0304559 0.0142729
vn -0.227398 0.078063 0.970668
v -0.00373843 -0.0319813 0.0144065
vn -0.232617 0.0687783 0.970133
v -0.00464913 -0.029035 0.013868
vn -0.314502 0.110885 0.942758
v -0.00510403 -0.0273535 0.0135123
vn -0.337945 0.0830936 0.937491
v -0.00297973 -0.0296368 0.014293
vn -0.215065 0.0713523 0.97399
v -0.00208283 -0.0330627 0.0147013
vn -0.0788821 -0.0051157 0.996871
v -0.00346863 -0.0432829 0.0146066
vn -0.466966 0.143639 0.872531
v -0.00381513 -0.0367857 0.0146479
vn -0.225058 0.141137 0.964069
v -0.00462473 -0.0358209 0.0142167
vn -0.282749 0.100399 0.953925
v -0.00564413 -0.037044 0.0141333
vn -0.36154 0.0995112 0.927031
v -0.00969153 -0.0256139 0.0102315
vn -0.732185 -0.0711117 0.677383
v -0.0104506 -0.0248513 0.00936999
vn -0.89296 0.0114987 0.449988
v -0.00981293 -0.0271521 0.0101845
vn -0.730655 0.0351276 0.681843
v -0.0106873 -0.0123479 0.00859209
vn -0.856911 -0.0056612 0.515434
v -0.0113492 -0.013184 0.00718869
vn -0.924431 -0.0528745 0.377666
v -0.0105652 -0.0157985 0.00844929
vn -0.907317 -0.0304013 0.419346
v -0.00654223 -0.0359172 0.0134955
vn -0.404963 0.108681 0.907851
v -0.00564633 -0.0355937 0.0137852
vn -0.374442 0.0625513 0.925138
v -0.012463 -0.00781205 -0.00480471
vn -0.908163 -0.102074 -0.405981
v -0.0114835 -0.00682205 -0.00699421
vn -0.872858 -0.242303 -0.423567
v -0.0112299 -0.00884965 -0.00685501
vn -0.880993 -0.0986076 -0.46274
v -0.00848743 -0.0262868 0.0113073
vn -0.64651 0.010362 0.762836
v -0.00895363 -0.0249635 0.0111964
vn -0.640404 -0.0575544 0.765879
v -0.00920463 -0.0262742 0.0106388
vn -0.71273 -0.0116303 0.701342
v -0.00714193 -0.0161549 0.0117619
vn -0.44834 0.0891402 0.889407
v -0.0125074 -0.015647 0.00248939
vn -0.968158 -0.0584012 0.243434
v -0.0113976 -0.0158799 0.00632369
vn -0.948066 -0.0677918 0.310764
v -0.0122036 -0.0120004 0.00482949
vn -0.956324 -0.0585703 0.286381
v -0.00461823 -0.0394811 0.0141546
vn -0.348523 -0.219229 0.911301
v -0.00541063 -0.0408763 0.0134661
vn -0.450989 -0.139182 0.881611
v -0.00815173 -0.0277449 0.0116415
vn -0.680802 0.0114864 0.732377
v -0.00885973 -0.0271156 0.011107
vn -0.679336 0.020959 0.733528
v -0.00883893 -0.0283034 0.0110213
vn -0.67484 0.0771246 0.733923
v -0.00916003 -0.0206631 0.010845
vn -0.645705 0.0379967 0.762641
v -0.00921513 -0.0231438 0.0108693
vn -0.660273 0.0513354 0.749269
v -0.00836293 -0.0221753 0.0114026
vn -0.530229 0.0326646 0.847225
v -0.0133441 -0.0117213 -0.00121321
vn -0.990141 -0.070164 -0.121232
v -0.0132553 -0.0136898 -0.000437512
vn -0.996496 -0.0688459 0.0475034
v -0.0133271 -0.0120934 -0.000177111
vn -0.987373 -0.0531417 0.149234
v -0.00657763 -0.0385156 0.0136691
vn -0.454707 -0.204881 0.866756
v -0.00534233 -0.0384926 0.0141943
vn -0.365699 -0.178125 0.913529
v -0.00621343 -0.0212167 0.0124656
vn -0.373652 0.0682405 0.925056
v -0.00674083 -0.0226792 0.0124027
vn -0.458843 0.0662176 0.886046
v -0.010297 -0.0157988 -0.00826081
vn -0.975514 -0.0942913 -0.198702
v -0.0103544 -0.0152958 -0.00933411
vn -0.994192 -0.0983505 -0.0436924
v -0.0101963 -0.0168161 -0.00893501
vn -0.992074 -0.0178715 -0.124378
v -0.0123855 -0.0166135 -0.00353201
vn -0.964798 0.0146376 -0.262583
v -0.0118094 -0.0163923 -0.00528261
vn -0.919727 -0.0014988 -0.392555
v -0.0110568 -0.0148899 0.00749999
vn -0.92321 -0.0975588 0.371707
v -0.0108759 -0.00826365 -0.00903901
vn -0.940136 -0.226397 0.254734
v -0.0105429 -0.00905765 -0.00824881
vn -0.982431 -0.116332 -0.145932
v -0.0107831 -0.00761875 -0.00808381
vn -0.971803 -0.2 -0.124898
v -0.00811753 -0.0269834 0.0117856
vn -0.630242 0.0465377 0.775003
v -0.00680423 -0.0306655 0.0130423
vn -0.523807 0.102903 0.845599
v -0.00724623 -0.0317446 0.0128253
vn -0.564157 0.0728607 0.822447
v -0.00615003 -0.0315273 0.0134271
vn -0.417761 0.0794397 0.905077
v -0.0103919 -0.0166379 -0.00785261
vn -0.926979 0.028393 -0.374036
v -0.0108562 -0.0155732 -0.00702891
vn -0.87836 -0.0834391 -0.470661
v -0.0129686 -0.0110442 0.00205369
vn -0.980477 -0.0575861 0.188013
v -0.0118203 -0.0139139 -0.00596481
vn -0.893135 -0.0391817 -0.448078
v -0.00858103 -0.0373985 0.0123553
vn -0.678535 -0.0706994 0.731158
v -0.00528793 -0.0433711 0.0134764
vn -0.556686 0.0582965 0.828675
v -0.00690353 -0.0422845 0.0124165
vn -0.562426 -0.0965921 0.821186
v -0.00788983 -0.0231811 0.0116591
vn -0.50482 0.0718338 0.860231
v -0.00850883 -0.0235892 0.0113947
vn -0.529385 0.0779053 0.844797
v -0.0130781 -0.0157589 -0.000762712
vn -0.994683 -0.0679456 -0.0773877
v -0.01275 -0.0161096 -0.00219621
vn -0.970913 -0.0531513 -0.233459
v -0.0129329 -0.0180115 -0.000981112
vn -0.993338 -0.0602753 -0.0982185
v -0.00689663 -0.0403546 0.0128547
vn -0.509576 -0.226506 0.830077
v -0.00484633 -0.0242054 0.0133646
vn -0.287961 0.0562757 0.955987
v -0.0123883 -0.0145895 -0.00382261
vn -0.954941 -0.0849526 -0.284378
v -0.0123204 -0.0130619 -0.00480431
vn -0.945291 -0.0062375 -0.326169
v -0.00480813 -0.0313458 0.0139909
vn -0.339772 0.0650907 0.938253
v -0.00401983 -0.0313506 0.0141989
vn -0.301043 0.126929 0.945126
v -0.0130294 -0.0171422 -9.51116e-05
vn -0.996512 -0.0535564 0.0640042
v -0.00841223 -0.0192572 0.0112239
vn -0.49563 0.0183846 0.868339
v -0.00925783 -0.0175009 0.0106291
vn -0.662276 0.0488659 0.747665
v -0.0107467 -0.0105632 -0.00747631
vn -0.921641 -0.0646319 -0.382624
v -0.0118516 -0.0112386 -0.00545531
vn -0.890195 -0.0053636 -0.455548
v -0.0104976 -0.0101425 -0.00901751
vn -0.997933 -0.0642114 -0.0024935
v -0.0106058 -0.00908425 -0.00898391
vn -0.934255 -0.18851 0.302708
v -0.00994643 -0.0223643 0.00996799
vn -0.836051 0.0485587 0.546499
v -0.00739153 -0.0274853 0.0123333
vn -0.568139 0.0735126 0.819643
v -0.0129678 -0.0107729 -0.00305871
vn -0.94614 -0.0618064 -0.317804
v -0.00635043 -0.0284093 0.0130133
vn -0.47372 0.0739956 0.877561
v -0.00630823 -0.0267256 0.0129227
vn -0.470958 0.0812998 0.878401
v -0.00547183 -0.0328507 0.013767
vn -0.361705 0.0668153 0.929895
v -0.00656103 -0.0325808 0.013432
vn -0.4495 0.0507074 0.89184
v -0.00752773 -0.0260341 0.0120213
vn -0.555454 0.0407421 0.830549
v -0.00761733 -0.0242918 0.0120378
vn -0.521125 0.0486576 0.852092
v -0.00733993 -0.0212821 0.0120492
vn -0.497024 0.0706528 0.864856
v -0.00995623 -0.0170377 0.00969639
vn -0.846595 0.0167536 0.531974
v -0.0100532 -0.0194222 0.00961719
vn -0.86971 0.0181088 0.493231
v -0.00908193 -0.0387903 0.0113145
vn -0.761321 -0.213147 0.612339
v -0.0129996 -0.0129866 0.000783189
vn -0.976845 -0.0697288 0.202266
v -0.00824503 -0.0157943 0.0109865
vn -0.494021 0.0751682 0.866194
v -0.00735703 -0.0142936 0.0113868
vn -0.441217 0.0462364 0.896208
v -0.00838023 -0.0138248 0.0109595
vn -0.491583 0.0177741 0.870649
v -0.0126415 -0.0180749 -0.00249491
vn -0.986596 0.0086394 -0.162953
v -0.00801453 -0.039127 0.0123923
vn -0.648945 -0.207536 0.731983
v -0.00745183 -0.0378738 0.013233
vn -0.594094 -0.0900859 0.799335
v -0.00629773 -0.0253991 0.0128142
vn -0.461794 0.0420215 0.885991
v -0.00897023 -0.0311523 0.0114603
vn -0.721691 0.0641834 0.689234
v -0.00840323 -0.0325869 0.0120936
vn -0.616997 0.0637682 0.784378
v -0.00809853 -0.031435 0.012239
vn -0.584789 0.0571199 0.809172
v -0.00991293 -0.0150475 0.00970679
vn -0.804463 0.0123749 0.593874
v -0.00818663 -0.0301768 0.0120598
vn -0.594522 0.0864453 0.799419
v -0.00770273 -0.0358427 0.0129082
vn -0.547972 0.0766665 0.832976
v -0.00671303 -0.0347104 0.0133867
vn -0.460059 0.0504959 0.886451
v -0.00828313 -0.0342767 0.0123043
vn -0.617757 0.0737217 0.782906
v -0.00915263 -0.0145143 0.0104463
vn -0.619965 0.0276523 0.784142
v -0.0129665 -0.016104 0.000450288
vn -0.984383 -0.0288843 0.173656
v -0.00591693 -0.0241096 0.0129505
vn -0.404204 0.0739526 0.911674
v -0.0104371 -0.021736 0.00886569
vn -0.928879 0.0310625 0.369079
v -0.0131753 -0.0112124 0.000464488
vn -0.978486 -0.0421523 0.20196
v -0.0134241 -0.0107656 -0.000426711
vn -0.992795 -0.0296099 0.116114
v -0.0129541 -0.0147616 0.000585888
vn -0.972475 -0.032206 0.23077
v -0.00783353 -0.0176762 0.0115281
vn -0.484799 0.0629594 0.872356
v -0.01301 -0.0135784 -0.00215801
vn -0.969679 -0.0845084 -0.229307
v -0.0134754 -0.00965865 -0.00135021
vn -0.995801 -0.0445351 -0.0799785
v -0.00569523 -0.0395542 0.0136784
vn -0.388229 -0.276047 0.879247
v -0.00710063 -0.036822 0.013368
vn -0.510974 0.117977 0.851462
v -0.0131208 -0.0150605 -7.38123e-05
vn -0.987957 -0.0638444 0.140946
v -0.0109277 -0.00899505 -0.00947671
vn -0.838025 -0.181827 0.514445
v -0.00528373 -0.0261029 0.013303
vn -0.365409 0.0854367 0.926918
v -0.00490923 -0.0250532 0.0133659
vn -0.318796 0.0604833 0.945892
v -0.00672553 -0.0375344 0.0137243
vn -0.45335 0.0244017 0.890999
v -0.00882963 -0.0398472 0.0113834
vn -0.764592 -0.146347 0.62768
v -0.00649373 -0.0151192 0.0119985
vn -0.392018 0.0646498 0.917683
v -0.0105078 -0.0145051 -0.00815551
vn -0.961988 -0.0677699 -0.264548
v -0.0104052 -0.0134722 -0.00943681
vn -0.993502 -0.0153916 -0.112772
v -0.00624293 -0.0335706 0.0135072
vn -0.427113 0.0447663 0.903089
v -0.00722413 -0.0189898 0.011876
vn -0.473274 0.0474706 0.879635
v -0.0110495 -0.0141667 -0.00721141
vn -0.861605 -0.0341994 -0.506426
v -0.0106241 -0.012678 -0.00760381
vn -0.932887 0.0426246 -0.357639
v -0.0125951 -0.0125735 -0.00378411
vn -0.949 -0.0359502 -0.313221
v -0.00793513 -0.0204381 0.0114721
vn -0.519567 0.0622043 0.852163
v -0.00673613 -0.0202159 0.0122798
vn -0.438713 0.0510721 0.897175
v -0.00979133 -0.0242678 0.0103731
vn -0.774424 -0.0111344 0.632569
v -0.00601543 -0.0301011 0.0133987
vn -0.44299 0.0966017 0.891307
v -0.0104075 -0.0113105 -0.00824491
vn -0.98519 -0.0395084 -0.166853
v -0.00957733 -0.0295364 0.0105642
vn -0.754318 0.0750411 0.652207
v -0.0112874 -0.00670255 -0.00928661
vn -0.964329 -0.132105 0.229386
v -0.00960163 -0.0263265 0.0102062
vn -0.43286 0.0086592 0.90142
v -0.0104192 -0.0118221 -0.00907621
vn -0.997821 0.0344841 -0.0562522
v -0.00749083 -0.0307119 0.0125381
vn -0.548769 0.103242 0.829575
v -0.00708323 -0.0297442 0.0126631
vn -0.52905 0.101868 0.842454
v -0.00883233 -0.0295559 0.0114056
vn -0.705098 0.13653 0.695843
v -0.00494193 -0.0344242 0.0142027
vn -0.313044 0.0132866 0.949646
v -0.00444283 -0.0329819 0.0142033
vn -0.311992 0.056999 0.948373
v -0.00791383 -0.0287831 0.0120978
vn -0.612412 0.111206 0.782678
v -0.00688663 -0.0440485 0.0123411
vn -0.608469 0.013469 0.793463
v -0.00798263 -0.0434677 0.0115119
vn -0.611422 -0.0604726 0.788991
v -0.00733643 -0.0331616 0.012879
vn -0.560376 0.0506169 0.82669
v -0.00881573 -0.0357944 0.0120286
vn -0.673989 0.0648021 0.735894
v -0.00777463 -0.0321768 0.012427
vn -0.557978 0.0478012 0.828478
v -0.00910913 -0.0329812 0.011454
vn -0.721222 0.0654917 0.689601
v -0.0103353 -0.0177023 -0.00826111
vn -0.918688 0.053632 -0.391327
v 0.015438 0.0794256 -0.00993761
vn -0.352087 0.385409 0.852933
v 0.0155852 0.0783116 -0.00935781
vn -0.255116 0.390606 0.884501
v 0.016681 0.0797405 -0.00953051
vn -0.0963334 0.462525 0.881357
v 0.0187085 0.0767952 -0.00950061
vn 0.840075 0.0252638 0.541882
v 0.0188726 0.0747325 -0.0105068
vn 0.819976 -0.202249 0.535477
v 0.0193089 0.0765014 -0.0108057
vn 0.868271 0.0060537 0.496054
v 0.0180263 0.0779534 -0.00896711
vn 0.463667 0.23116 0.855323
v 0.0170373 0.0784771 -0.00904961
vn -0.107247 0.274284 0.95565
v 0.0170031 0.0773417 -0.00873331
vn -0.0421822 0.297908 0.953662
v 0.0178586 0.0789935 -0.00916331
vn 0.372974 0.408447 0.833103
v 0.017366 0.0806927 -0.0102533
vn 0.328233 0.683403 0.652092
v 0.0164284 0.0805862 -0.0100837
vn -0.162311 0.650843 0.74166
v 0.0148828 0.0790323 -0.0100088
vn -0.322968 0.378329 0.867502
v 0.0136114 0.0808904 -0.0112884
vn -0.145094 0.511912 0.846696
v 0.0153225 0.0813877 -0.0112669
vn -0.124854 0.612755 0.780348
v 0.0147124 0.0824332 -0.0120204
vn -0.0953697 0.522468 0.847309
v 0.0154804 0.0803935 -0.0103904
vn -0.284724 0.537398 0.793811
v 0.0176537 0.0761204 -0.00842801
vn 0.417193 0.150712 0.896235
v 0.0179662 0.0771087 -0.00872261
vn 0.448686 0.170298 0.877314
v 0.0144337 0.0797401 -0.0104135
vn -0.265273 0.394235 0.879892
v 0.0126219 0.0821371 -0.0121579
vn -0.0954823 0.512364 0.853444
v 0.0181199 0.0796599 -0.00994241
vn 0.629452 0.508219 0.587796
v 0.0182448 0.0753347 -0.00904801
vn 0.817752 -0.119176 0.563098
v 0.0176235 0.0750194 -0.00832481
vn 0.612872 -0.0662402 0.787401
v 0.0163587 0.0811112 -0.0108117
vn -0.0881123 0.743902 0.662454
v 0.0163742 0.0819084 -0.0116347
vn 0.0571904 0.606749 0.792833
v 0.0186491 0.0811607 -0.0120964
vn 0.457527 0.367365 0.80976
v 0.01978 0.0808004 -0.0124872
vn 0.321745 0.183846 0.928806
v 0.0192572 0.0824904 -0.0126396
vn 0.267764 0.223129 0.937292
v 0.0170205 0.0813179 -0.0110923
vn 0.211289 0.780111 0.588884
v 0.0174469 0.0827616 -0.0122702
vn 0.231741 0.411291 0.881553
v 0.0161876 0.0827342 -0.0121083
vn 0.0230258 0.50132 0.864956
v 0.0175817 0.0815396 -0.0116953
vn 0.374305 0.591143 0.714455
v 0.0177008 0.0810143 -0.0111639
vn 0.495457 0.68362 0.535897
v 0.0183802 0.0801995 -0.0110107
vn 0.714647 0.482626 0.506313
v 0.0185803 0.0784078 -0.00979731
vn 0.836382 0.251036 0.487284
v 0.0182104 0.0809078 -0.0114879
vn 0.549156 0.576025 0.605494
v 0.0187166 0.0804442 -0.0116638
vn 0.725771 0.41872 0.545829
v 0.0188769 0.0787864 -0.0108148
vn 0.845557 0.283867 0.452164
v 0.0194467 0.0793543 -0.0119497
vn 0.616045 0.247929 0.747677
v 0.0190697 0.0776163 -0.0105854
vn 0.887015 0.163146 0.431959
v 0.0205967 0.081533 -0.0127783
vn 0.168287 0.108819 0.979713
v 0.0211092 0.0792057 -0.0126608
vn 0.214736 0.0841474 0.97304
v 0.019586 0.0775092 -0.0114575
vn 0.782935 0.160248 0.601111
v 0.0206359 0.0768033 -0.0122906
vn 0.437497 0.0799735 0.895656
v 0.0239119 0.0815065 -0.0127145
vn -0.0359542 -0.0140368 0.999255
v 0.0219169 0.0810927 -0.0127921
vn 0.0157088 0.0278173 0.99949
v 0.0232386 0.0785505 -0.0127802
vn 0.0361115 0.0310027 0.998867
v 0.0198831 0.0756817 -0.0116318
vn 0.70663 -0.0260946 0.707102
v 0.0205875 0.0750799 -0.0121676
vn 0.404133 0.0019793 0.914698
v 0.0243809 0.0744741 -0.0125514
vn 0.048299 0.0434019 0.99789
v 0.0222407 0.076614 -0.0126501
vn 0.110664 0.0661561 0.991654
v 0.0215438 0.0740309 -0.0123716
vn 0.156098 0.0174511 0.987588
v 0.0198957 0.0735406 -0.0119446
vn 0.418165 -0.163182 0.893593
v 0.0206815 0.0713911 -0.0123215
vn 0.130126 -0.0655814 0.989326
v 0.0228103 0.0703586 -0.0124922
vn 0.0527571 -0.03539 0.99798
v 0.0202986 0.0686342 -0.0124968
vn 0.0628588 -0.0783873 0.994939
v 0.0219892 0.0662976 -0.0126362
vn -0.014567 -0.0343031 0.999305
v 0.00597037 0.000244053 0.010191
vn 0.418354 0.0990999 0.902862
v 0.00633037 -0.00310275 0.0104048
vn 0.435358 0.0999653 0.89469
v 0.00802537 -0.000603347 0.00924909
vn 0.523089 0.0937999 0.847101
v -0.0129931 0.00309175 -0.00646671
vn -0.886866 -0.142124 -0.439624
v -0.0124824 0.00169375 -0.00670371
vn -0.866108 -0.0947963 -0.490786
v -0.013486 0.00199825 -0.00483671
vn -0.940057 -0.0934507 -0.327963
v 0.00499577 -0.0104911 0.0118396
vn 0.343594 0.11556 0.931981
v 0.00476067 -0.00910705 0.0117333
vn 0.311709 0.112429 0.943503
v 0.00351127 -0.0108095 0.0123551
vn 0.234347 0.10522 0.966442
v -0.0114737 -0.00457305 -0.00752011
vn -0.882785 0.0432407 -0.467783
v -0.0120032 -0.00551725 -0.00703721
vn -0.890282 -0.070113 -0.449981
v -0.0121779 -0.00437285 -0.00631781
vn -0.906959 -0.0322847 -0.419979
v -0.0137356 0.00425325 -0.00493491
vn -0.944666 -0.059016 -0.322682
v 0.00965257 -0.0205681 0.0103394
vn 0.657457 0.0851842 0.748662
v 0.00993937 -0.0184425 0.00972709
vn 0.721525 0.105278 0.684337
v 0.00895667 -0.0189435 0.0106623
vn 0.600198 0.0964881 0.79401
v -0.0136478 -0.00291905 -0.00276921
vn -0.971363 -0.0570149 -0.230659
v -0.0138741 -0.00232635 -0.00123471
vn -0.999022 -0.0304167 0.0320947
v -0.0139043 -0.000726847 -0.00207181
vn -0.993783 -0.0703353 -0.0863071
v -0.0115834 -0.00281405 -0.00959511
vn -0.969504 -0.0954542 0.22572
v -0.0114893 -0.00487435 -0.00946041
vn -0.930468 -0.0052038 0.366336
v -0.0110733 -0.00405005 -0.00854701
vn -0.998339 -0.0477964 0.0321815
v 0.00959657 -0.00654905 0.00866889
vn 0.690581 0.0824979 0.718535
v 0.0106962 -0.00544555 0.00725369
vn 0.794237 0.0509121 0.605471
v 0.00989387 -0.00368975 0.00805269
vn 0.704652 0.0551743 0.707405
v -0.0115028 0.000748953 -0.00939731
vn -0.99297 -0.00177 -0.11835
v -0.0118418 0.000478453 -0.00784521
vn -0.915506 0.03557 -0.400729
v -0.0115015 0.00145235 -0.00859901
vn -0.989813 -0.0289499 -0.139401
v 0.010117 0.0152413 -0.0103524
vn 0.988461 -0.106774 0.107443
v 0.0103877 0.0169916 -0.0101298
vn 0.957761 -0.284858 0.0393779
v 0.0106747 0.0159509 -0.00932141
vn 0.823976 -0.0723683 -0.561985
v 0.00559657 -0.0143324 0.0120157
vn 0.362963 0.112673 0.924966
v 0.00723347 -0.0134088 0.0111399
vn 0.499539 0.107282 0.859623
v 0.00563137 -0.011983 0.0117663
vn 0.377096 0.0924216 0.921551
v -0.0107891 -0.00318815 0.00770519
vn -0.855657 0.0056609 0.517512
v -0.0115523 -0.00120175 0.00637509
vn -0.898363 -0.0435183 0.437092
v -0.0115874 -0.00431505 0.00623799
vn -0.906691 0.0231873 0.421158
v 0.00933427 -0.0135104 0.00969219
vn 0.660976 0.093829 0.744518
v 0.00733667 -0.0157312 0.0113519
vn 0.489389 0.0992595 0.866398
v 0.00897247 -0.0168298 0.010417
vn 0.618208 0.100358 0.779581
v -0.0131904 -0.00842515 -0.00275701
vn -0.950539 -0.0781775 -0.300605
v -0.0134754 -0.00965865 -0.00135021
vn -0.995801 -0.0445351 -0.0799785
v -0.013503 -0.00795575 -0.00174191
vn -0.987361 -0.0731394 -0.140602
v -0.00838023 -0.0138248 0.0109595
vn -0.491583 0.0177741 0.870649
v -0.00882183 -0.011853 0.010539
vn -0.57285 0.0402837 0.81867
v -0.00915263 -0.0145143 0.0104463
vn -0.619965 0.0276523 0.784142
v 0.00712647 -0.00732605 0.0105443
vn 0.48348 0.0936216 0.870334
v 0.00658977 -0.00881615 0.0109142
vn 0.445698 0.0866549 0.890979
v 0.00791097 -0.00856705 0.0101322
vn 0.533393 0.0979874 0.840173
v 0.00630707 -0.0103425 0.0112629
vn 0.430617 0.105413 0.896357
v 0.0108992 -0.00110855 0.00682059
vn 0.779319 0.0792793 0.621592
v 0.0112975 -0.00298035 0.00637459
vn 0.821179 0.0224399 0.57023
v 0.00813097 -0.0100049 0.0102764
vn 0.544543 0.0957784 0.833246
v 0.0126543 0.0167704 -0.00633031
vn 0.945128 -0.0469882 -0.323303
v 0.0128369 0.0194229 -0.00598341
vn 0.951451 -0.0496549 -0.30377
v 0.0131221 0.0183867 -0.00449471
vn 0.987983 -0.0649692 -0.140243
v 0.00763877 -0.011731 0.0106468
vn 0.517497 0.0798937 0.851947
v 0.00880127 -0.0114171 0.00984439
vn 0.585631 0.0666568 0.807833
v 0.00368447 -0.0131865 0.0124245
vn 0.259207 0.100343 0.960595
v 0.00230057 -0.0119622 0.0126662
vn 0.185935 0.0933819 0.978115
v 0.00193897 -0.0133914 0.0129194
vn 0.167906 0.096852 0.981034
v 0.0139063 0.0263039 -0.0117357
vn 0.376128 0.0941993 0.921767
v 0.0153243 0.0251405 -0.0120293
vn 0.179432 0.0484699 0.982575
v 0.0144827 0.0284237 -0.0121226
vn 0.243163 0.0546771 0.968443
v 0.00994537 -0.0162391 0.00938959
vn 0.733181 0.0788539 0.675446
v 0.0106176 -0.00814985 0.00770259
vn 0.789403 0.0632616 0.610606
v 0.00916817 -0.00864315 0.00925199
vn 0.651725 0.0928845 0.752747
v 0.00961717 -0.0105282 0.00912659
vn 0.703986 0.0724886 0.706505
v -0.013156 0.00569665 -0.00630441
vn -0.916901 -0.0406727 -0.397038
v -0.0137284 0.00624255 -0.00482221
vn -0.936395 -0.0265005 -0.349947
v -0.013224 0.00727225 -0.00628191
vn -0.928537 -0.073338 -0.363923
v 0.00959347 -0.00112865 0.00813189
vn 0.660542 0.0792712 0.746593
v 0.00848107 -0.00296985 0.00921069
vn 0.570612 0.0770545 0.817597
v -0.0139176 0.00831085 -0.00481981
vn -0.940566 -0.106991 -0.322317
v -0.0135408 0.00843665 -0.00601021
vn -0.90608 -0.16883 -0.387963
v -0.0113492 -0.013184 0.00718869
vn -0.924431 -0.0528745 0.377666
v -0.0106873 -0.0123479 0.00859209
vn -0.856911 -0.0056612 0.515434
v -0.011679 -0.00890455 0.00661029
vn -0.914657 0.0129852 0.404022
v -0.011769 -0.000796247 -0.00817641
vn -0.911083 -0.0132827 -0.412009
v -0.0123379 -0.00113245 -0.00716561
vn -0.87952 -0.0810944 -0.468901
v -0.0137028 0.000392653 -0.00365991
vn -0.971267 -0.0757695 -0.22561
v -0.0134435 -0.00163935 -0.00382181
vn -0.965572 -0.10923 -0.236091
v -0.00773263 -0.0125247 0.0111899
vn -0.450919 0.0330089 0.891954
v 0.0116238 -0.00556795 0.00586889
vn 0.869868 0.0234435 0.492727
v 0.0120463 -0.00274565 0.00508039
vn 0.905018 0.0314207 0.424211
v 0.0120211 0.0222723 -0.010572
vn 0.582915 -0.0959841 0.806844
v 0.012708 0.0240424 -0.0109053
vn 0.528645 0.018201 0.848648
v 0.0114684 0.023978 -0.00995291
vn 0.954321 -0.0564899 0.293393
v -0.00893293 -0.00374675 0.00992129
vn -0.550557 0.0861131 0.830344
v -0.00985463 -0.00288855 0.00905439
vn -0.761389 0.018951 0.648018
v -0.00939193 -0.00461025 0.00978349
vn -0.637535 0.056743 0.768329
v 0.00815417 -0.00545425 0.00967929
vn 0.550705 0.102399 0.828395
v 0.00569387 -0.00761685 0.0112883
vn 0.372456 0.102053 0.922422
v -0.0109324 -0.00620715 0.00777179
vn -0.863296 0.0530677 0.5019
v -0.00990863 -0.00575965 0.00924359
vn -0.755163 0.0476727 0.653801
v -0.0136535 -0.00652665 -0.00113471
vn -0.995673 -0.087964 0.0299681
v -0.0134067 -0.00639885 -0.00281671
vn -0.957807 -0.0872534 -0.273848
v -0.0136214 -0.00156375 0.000156588
vn -0.981855 -0.0313735 0.187019
v -0.0138214 -0.000388647 -0.000695211
vn -0.987501 -0.0751304 0.138557
v -0.0142327 0.00304035 -0.00225061
vn -0.995021 -0.0804903 -0.0587847
v 0.00500137 -0.0186708 0.0126423
vn 0.325667 0.0887735 0.941308
v 0.00649987 -0.0178614 0.0119187
vn 0.415879 0.0859737 0.905347
v 0.00543687 -0.0165027 0.0123499
vn 0.362883 0.0793994 0.928446
v 0.00843237 -0.00742255 0.00972619
vn 0.582089 0.0759058 0.809575
v 0.00607787 -0.00594185 0.0108411
vn 0.419317 0.112411 0.900854
v -0.011743 0.00191445 -0.00797921
vn -0.906413 -0.162505 -0.389882
v 0.0107912 -0.0206494 0.00910069
vn 0.779931 0.0973123 0.618254
v 0.0108203 -0.0173544 0.00843439
vn 0.813412 0.0859498 0.575303
v 0.010494 -0.0151081 0.00865719
vn 0.774948 0.0817381 0.626717
v 0.00260227 -0.0149504 0.0129241
vn 0.182022 0.106697 0.977489
v 0.0125922 0.0139356 -0.00581981
vn 0.963898 -0.0567488 -0.260154
v 0.0121038 0.010746 -0.00677391
vn 0.925244 -0.0396495 -0.377296
v 0.011891 0.0127705 -0.00738841
vn 0.89363 -0.0398305 -0.447033
v 0.0127007 0.0107904 -0.00474521
vn 0.988275 -0.0378802 -0.147915
v 0.0129287 0.0141854 -0.00351131
vn 0.998357 -0.0552137 -0.0153446
v 0.0126972 0.0103902 -0.00299111
vn 0.998839 -0.0313382 0.0365948
v 0.00782297 -0.01835 0.0113578
vn 0.495973 0.0953676 0.863085
v 0.00350997 -0.0170295 0.0129421
vn 0.235948 0.0864576 0.967912
v 0.0107275 -0.0135868 0.00810509
vn 0.805428 0.0943008 0.585144
v 0.00402477 -0.00686615 0.0117076
vn 0.276241 0.0880341 0.957048
v -0.00770103 -0.0104746 0.011205
vn -0.471531 0.0344279 0.881177
v 0.00661507 -0.0198845 0.0121524
vn 0.417106 0.0950895 0.90387
v 0.00111497 -0.012444 0.0129056
vn 0.103288 0.104225 0.989176
v 0.00822217 -0.0207724 0.0113505
vn 0.525531 0.0867039 0.846345
v 0.00410457 -0.015096 0.0126213
vn 0.260719 0.12195 0.957682
v 0.0158601 -0.00857385 -0.011995
vn 0.0459693 -0.022256 0.998695
v 0.0152398 -0.00472985 -0.0117336
vn 0.0941668 -0.0499989 0.9943
v 0.013354 -0.00719365 -0.0116616
vn 0.184353 -0.0613623 0.980943
v -0.0131519 -0.00698685 0.00183369
vn -0.980304 -0.0253851 0.195857
v -0.0133057 -0.00752835 3.81886e-05
vn -0.984833 -0.0401334 0.168799
v -0.0132793 -0.00935185 0.000253289
vn -0.989046 -0.0203558 0.146196
v -0.0122026 -0.00195025 0.00484549
vn -0.925848 -0.0322711 0.376516
v -0.0124417 -0.00526775 0.00422779
vn -0.941854 0.0083731 0.335919
v -0.013037 0.00901805 -0.00711451
vn -0.906118 -0.0683678 -0.417463
v -0.012646 0.00789375 -0.00787511
vn -0.969637 -0.0509804 -0.239175
v 0.00124667 -0.010556 0.0126918
vn 0.113234 0.124605 0.985724
v 0.00258957 -0.00887985 0.0122263
vn 0.195399 0.107498 0.974814
v 0.000528268 -0.0148452 0.0131603
vn 0.0615188 0.0919736 0.993859
v -0.00154623 -0.0144477 0.0131497
vn -0.0873487 0.0511328 0.994865
v -0.000491131 -0.0122281 0.0130037
vn -0.0080238 0.105497 0.994387
v -0.00182343 -0.012788 0.0129575
vn -0.113757 0.135855 0.984176
v -0.0137622 -0.00453915 -0.00176801
vn -0.993816 -0.0476744 -0.100284
v -0.0137674 -0.00532215 -0.000744912
vn -0.990082 -0.0767544 0.117672
v 0.00178017 -0.0163291 0.0132174
vn 0.129473 0.106303 0.985868
v 0.0136127 -0.0192003 -0.0116025
vn 0.292127 -0.005793 0.956362
v 0.0135726 -0.021624 -0.011569
vn 0.215283 -0.019228 0.976362
v 0.0150912 -0.0184054 -0.0119026
vn 0.0945766 0.0060103 0.995499
v -0.0134927 -0.00829615 -0.000762812
vn -0.992216 -0.0353121 0.119416
v 0.017973 -0.0140921 -0.0119065
vn -0.0078586 0.0152701 0.999852
v 0.0150032 -0.0135283 -0.0118561
vn 0.116675 0.0217281 0.992932
v 0.0116995 0.0284719 -0.0110105
vn 0.632764 0.140949 0.761409
v 0.0129093 0.028262 -0.0114857
vn 0.380311 0.0953986 0.919925
v 0.0118686 0.0300232 -0.0112408
vn 0.514911 0.0613981 0.855042
v 0.0165323 0.00198045 -0.0118345
vn -0.0256716 0.0567041 0.998061
v 0.0140375 0.00309905 -0.0119824
vn 0.0592196 0.0446423 0.997246
v 0.013988 0.000354453 -0.0117433
vn 0.0566373 0.0883428 0.994479
v -0.0122418 0.00552015 -0.00800081
vn -0.942029 -0.170591 -0.28893
v -0.0122013 0.00459655 -0.00795851
vn -0.91168 -0.0081238 -0.410821
v -0.0128579 0.00440375 -0.00684911
vn -0.889145 -0.0218079 -0.457106
v 0.0196479 0.00647345 -0.0117991
vn -0.0635382 0.0573835 0.996328
v 0.0158297 0.00697055 -0.0120713
vn -0.0068417 0.0418566 0.9991
v -0.0131753 -0.0112124 0.000464488
vn -0.978486 -0.0421523 0.20196
v -0.0129686 -0.0110442 0.00205369
vn -0.980477 -0.0575861 0.188013
v 0.0171902 -0.0196275 -0.0118355
vn -0.0226182 0.0212723 0.999518
v 0.0124936 -0.00424605 -0.0112003
vn 0.226655 -0.0052404 0.973961
v -0.0119221 0.00617375 0.00643389
vn -0.886691 -0.0014892 0.462361
v -0.0129705 0.00723855 0.00407949
vn -0.93112 -0.0705329 0.357827
v -0.0123191 0.00221545 0.00531409
vn -0.922361 -0.0514626 0.382886
v 0.0120283 0.0243289 -0.00859201
vn 0.89454 -0.0360252 -0.445534
v 0.0124852 0.026401 -0.00776841
vn 0.891101 -0.0431358 -0.45175
v 0.0127042 0.0242436 -0.00712141
vn 0.927595 -0.0482065 -0.370464
v 0.00510627 -0.00504765 0.0112143
vn 0.361393 0.103027 0.926704
v 0.0170574 -0.0110696 -0.0120062
vn -0.0084382 0.0127716 0.999883
v 0.010685 -0.0113134 0.00785449
vn 0.81063 0.0528235 0.583172
v -0.0147637 0.00899815 -0.00183781
vn -0.994538 -0.104353 -0.0020065
v -0.014434 0.00659045 -0.00285791
vn -0.986071 -0.0758744 -0.148014
v -0.0144234 0.00760145 -0.000645812
vn -0.978813 -0.111297 0.171865
v -0.013423 -0.000634947 -0.00462731
vn -0.961389 -0.0734562 -0.265207
v -0.0129273 -0.00196585 -0.00568001
vn -0.91811 -0.148758 -0.367349
v -0.00115843 -0.015947 0.0133199
vn -0.0703903 0.125167 0.989636
v -0.00178093 -0.0157527 0.0131381
vn -0.251092 0.165539 0.953703
v 0.0113551 0.0113358 -0.00832121
vn 0.817846 -0.0400275 -0.574043
v 0.0132759 -0.0105387 -0.0117261
vn 0.186381 0.0256054 0.982144
v 0.00698557 0.0161543 0.00499759
vn 0.511286 0.255598 0.820522
v 0.00581397 0.0173627 0.00534349
vn 0.467029 0.130844 0.874508
v 0.00483677 0.0161245 0.00610089
vn 0.386119 0.251558 0.887486
v 0.00657177 0.0147715 0.00576579
vn 0.46511 0.364239 0.806848
v 0.0153479 -0.0234266 -0.0117722
vn 0.0389504 -0.0131256 0.999155
v 0.0184081 -0.00468515 -0.0118331
vn 0.0079358 -0.0464993 0.998887
v -0.00611653 -0.0141006 0.0119949
vn -0.374315 0.0871711 0.923195
v -0.00649373 -0.0151192 0.0119985
vn -0.392018 0.0646498 0.917683
v -0.00542333 -0.0149233 0.0123683
vn -0.311352 0.0405518 0.949429
v 0.0145619 -0.00180005 -0.0116112
vn 0.082996 0.0341731 0.995964
v -0.00794153 -0.0136055 0.0111628
vn -0.388725 0.0224044 0.921081
v 0.0174141 -0.00155675 -0.0116602
vn 0.0106172 -0.0174081 0.999792
v 0.0119139 -0.0165494 -0.0108238
vn 0.459911 0.0608916 0.885875
v 0.0126574 -0.0183808 -0.0111767
vn 0.450046 -0.008292 0.892967
v 0.0135191 -0.0167636 -0.0115338
vn 0.304155 0.0046884 0.952611
v -0.00735703 -0.0142936 0.0113868
vn -0.441217 0.0462364 0.896208
v -0.0127904 0.00659965 -0.00744481
vn -0.927006 -0.114798 -0.357045
v -0.0124834 0.00689005 -0.00850721
vn -0.985044 -0.123041 -0.120618
v 0.0203168 -0.00133185 -0.0116106
vn -0.0124577 -0.0591275 0.998173
v 0.0197215 -0.00842055 -0.0118641
vn -0.03951 -0.0136317 0.999126
v 0.0146138 -0.029148 -0.0119568
vn 0.0609413 2.65e-05 0.998141
v 0.0165555 -0.0266259 -0.011878
vn -0.0075018 -0.0292956 0.999543
v 0.0124611 -0.0202747 -0.0111417
vn 0.416795 -0.0530711 0.90745
v -0.0142254 0.00833345 0.000482988
vn -0.957761 -0.118947 0.261811
v -0.0138047 0.00641455 0.00111959
vn -0.957393 -0.0765202 0.278466
v 0.017607 -0.0236063 -0.0117414
vn -0.0142346 -0.0076579 0.999869
v 0.00535077 0.0136685 0.00691269
vn 0.36322 0.419197 0.832073
v 0.00761657 0.0129006 0.00613959
vn 0.517633 0.42641 0.741775
v 0.00751387 0.0173379 0.00435479
vn 0.550342 0.10902 0.827791
v -0.00256863 -0.01368 0.0130128
vn -0.195656 0.0872489 0.976784
v 0.0110715 0.0198694 -0.00910681
vn 0.958062 -0.0918073 -0.271458
v 0.0113055 0.0214004 -0.00911231
vn 0.945495 -0.107492 -0.307385
v 0.0122351 0.0204899 -0.00769311
vn 0.876148 -0.0647711 -0.477672
v 0.00812837 0.0146397 0.00476249
vn 0.591635 0.344865 0.728722
v 0.0133332 0.0205081 -0.00420001
vn 0.990697 -0.0504614 -0.126385
v 0.0177978 -0.030043 -0.0119062
vn -0.0088518 0.0250354 0.999647
v -0.00858323 0.00668335 0.00950589
vn -0.415139 0.179616 0.891851
v -0.00840403 0.00467535 0.00993039
vn -0.448694 0.136331 0.883226
v -0.00749263 0.00712885 0.00981179
vn -0.332763 0.095417 0.938171
v -0.00624463 -0.0126089 0.011926
vn -0.368571 0.0194531 0.929396
v -0.00472033 -0.0134801 0.012387
vn -0.25298 0.0771073 0.964394
v -0.00474413 -0.0115176 0.0123536
vn -0.228381 0.0240576 0.973275
v 0.012225 -0.0138958 -0.0112012
vn 0.326134 0.0791829 0.942002
v 0.0104197 0.0100807 -0.00925131
vn 0.889585 0.0259171 -0.456033
v 0.0103121 0.0121235 -0.00945621
vn 0.894683 -0.0197603 -0.446265
v 0.0100127 0.0107388 -0.0103604
vn 0.979424 0.0894886 0.180889
v 0.0103186 0.00918305 -0.0103716
vn 0.942495 0.0936228 0.32084
v -0.00947493 0.00632925 0.00904739
vn -0.550464 0.127739 0.825029
v -0.0134661 -0.00551155 0.000270289
vn -0.975583 -0.0712379 0.207755
v 0.0113772 0.0209257 -0.0102278
vn 0.855249 -0.0926425 0.50987
v -0.013086 0.010367 -0.00702791
vn -0.886731 0.0163878 -0.461994
v -0.0137269 0.00954415 -0.00610511
vn -0.915726 -0.0468691 -0.39906
v -0.00950363 0.00413015 0.00926039
vn -0.586431 0.0714329 0.806843
v -0.0154268 0.0274475 0.00279159
vn -0.860731 -0.055461 0.50603
v -0.0153375 0.0251326 0.00278219
vn -0.874683 -0.0350707 0.483424
v -0.0145987 0.0252565 0.00397079
vn -0.81022 -0.0208918 0.585754
v -0.0142691 0.0278406 0.00447819
vn -0.736893 -0.0298826 0.675348
v 0.0133709 0.0314527 -0.0118853
vn 0.302586 -0.0006459 0.953122
v 0.011728 0.0324047 -0.0112245
vn 0.672962 -0.0720825 0.736157
v 0.0191112 -0.0171676 -0.0117873
vn -0.0506237 0.0199717 0.998518
v -0.0148384 0.0227216 0.00349049
vn -0.849744 -0.0473872 0.525061
v 0.0113128 0.00921535 -0.00807671
vn 0.832536 -0.0328178 -0.552998
v -0.0127463 0.0114164 -0.00772131
vn -0.96043 -0.114047 -0.254103
v -0.0127751 0.0101931 -0.00782811
vn -0.962946 0.004131 -0.269664
v -0.0155845 0.0301705 0.00303299
vn -0.850029 -0.06752 0.522391
v 0.0117817 -0.0230029 -0.0111423
vn 0.368342 -0.11203 0.922916
v 0.0129756 -0.0250501 -0.0116453
vn 0.155873 -0.0544891 0.986273
v -0.0130062 0.000119653 -0.00585031
vn -0.9117 -0.0136435 -0.410629
v 0.0115694 0.0178689 -0.0111285
vn 0.604469 -0.193993 0.772647
v 0.0108729 0.0183272 -0.00965291
vn 0.986276 -0.143718 -0.0812723
v 0.0104444 0.000704753 0.00701129
vn 0.763772 0.0918394 0.638919
v -0.0147188 0.0307965 0.00423159
vn -0.744753 -0.0185033 0.667084
v -0.00616993 0.00733055 0.010111
vn -0.284285 -0.0272242 0.958353
v -0.00587663 0.00585875 0.0104896
vn -0.18832 0.183673 0.96478
v -0.00506203 0.00716665 0.0104556
vn -0.218845 -0.0565319 0.974121
v -0.00381343 0.00114285 0.0113177
vn -0.0994273 0.0157117 0.994921
v -0.00481293 0.00234825 0.0113222
vn -0.128619 0.063918 0.989632
v -0.00513143 4.19534e-05 0.0112391
vn -0.155114 0.0347991 0.987284
v -0.000429931 -0.00408865 0.0121039
vn 0.023986 0.104126 0.994275
v -0.00266473 -0.00281695 0.0119729
vn -0.114887 0.127828 0.98512
v -0.00233923 -0.00430235 0.0121297
vn -0.0837801 0.0559475 0.994912
v 0.00777817 0.00253095 0.00903999
vn 0.509638 0.070964 0.857458
v -0.00680483 0.00357105 0.0107299
vn -0.277976 0.124817 0.952444
v -0.00812423 0.00272245 0.0103818
vn -0.452782 -0.0155807 0.891485
v -0.00669903 -0.00137715 0.0109093
vn -0.352469 0.0526289 0.934342
v -0.00663973 -0.00298125 0.0110778
vn -0.349245 0.0565352 0.935324
v -0.00555413 -0.00199085 0.0113589
vn -0.226385 0.0742774 0.971202
v -0.00427223 -0.00274605 0.0115875
vn -0.19816 0.0757064 0.977242
v -0.00422383 -0.00112535 0.0114507
vn -0.119878 0.103453 0.987384
v -0.00419803 0.00557275 0.0106798
vn -0.0755768 0.156549 0.984774
v -0.00508793 0.00433505 0.0109522
vn -0.131827 0.204235 0.970005
v -0.00341003 0.00377765 0.0112162
vn -0.0345957 0.202363 0.978699
v -0.00895953 -0.000811947 0.00978869
vn -0.557627 0.0638917 0.827629
v -0.00804353 -0.000796447 0.0102882
vn -0.445153 0.0341062 0.894805
v -0.00893493 0.000259953 0.00978159
vn -0.548541 0.0335591 0.83545
v -0.00659873 0.000810953 0.0109766
vn -0.317801 0.0160247 0.948022
v -0.00590733 0.00796385 0.0103998
vn -0.342307 -0.181688 0.921854
v -0.00332953 0.00665145 0.0107428
vn -0.133683 -0.0715577 0.988437
v 0.0114602 -0.0281787 -0.011457
vn 0.250033 -0.0313395 0.96773
v -0.00658553 0.00843565 0.0101864
vn -0.324353 -0.0185411 0.945755
v -0.00530043 0.00844445 0.010658
vn -0.234945 0.0063706 0.971988
v -0.00776093 0.00124035 0.0103823
vn -0.471363 0.0091034 0.881892
v -0.00870793 0.00169645 0.00971709
vn -0.538681 -0.0178368 0.842321
v -0.00405083 0.00783035 0.0108378
vn -0.152075 -0.0767606 0.985384
v -0.00883903 0.00307675 0.00983739
vn -0.588195 0.0108543 0.808647
v -0.00777073 0.00919765 0.00976149
vn -0.394589 0.018215 0.918677
v 0.00942147 0.00150785 0.00800369
vn 0.653052 0.0873494 0.752258
v -0.00949463 0.00247925 0.00934799
vn -0.563295 -0.0107647 0.826186
v -0.00966523 0.00130355 0.00924519
vn -0.596276 -0.0001766 0.80278
v -0.00368293 -0.00463245 0.0119057
vn -0.174659 0.103567 0.979167
v -0.00784293 -0.00299265 0.0105017
vn -0.446968 0.0594438 0.892573
v -0.00361573 -0.00184155 0.0116636
vn -0.159951 0.154037 0.975032
v -0.00558373 -0.00400445 0.0114002
vn -0.255496 0.0780761 0.963652
v -0.00205963 -0.00565365 0.0121846
vn -0.0635339 0.112439 0.991625
v 0.00911837 0.00334345 0.00801019
vn 0.634515 0.0327546 0.772217
v 0.00698547 0.00557435 0.00924819
vn 0.436373 0.115491 0.892323
v 0.00877357 0.00504005 0.00834159
vn 0.58367 0.0763689 0.808391
v 0.0106757 0.00300255 0.00649999
vn 0.808189 0.0596465 0.585895
v 0.00981547 0.00314585 0.00741139
vn 0.69765 0.0455904 0.714987
v 0.00633037 0.00971445 0.00854559
vn 0.395706 0.339422 0.853352
v 0.00717487 0.00804935 0.00868649
vn 0.456957 0.235722 0.857686
v 0.00795027 0.0100121 0.00754159
vn 0.537168 0.34483 0.769768
v 0.00938387 0.00906065 0.00672219
vn 0.704732 0.283819 0.65023
v 0.00884667 0.0112572 0.00611179
vn 0.653446 0.37714 0.656334
v 0.00492167 0.0114079 0.00833689
vn 0.316165 0.427245 0.847054
v 0.00458207 0.00955605 0.00929649
vn 0.311597 0.338955 0.887703
v 0.00550467 0.00768165 0.00955369
vn 0.362532 0.21539 0.90674
v 0.00953397 0.00677675 0.00735769
vn 0.708498 0.184248 0.681236
v 0.0100741 0.00485815 0.00715879
vn 0.753546 0.0773442 0.652829
v 0.00655617 0.0115742 0.00756389
vn 0.415282 0.43111 0.801052
v 0.00837057 0.00731865 0.00816829
vn 0.554518 0.208224 0.8057
v 0.00558907 0.00319805 0.0100859
vn 0.377213 0.0853559 0.922185
v 0.00281107 0.0108348 0.00931179
vn 0.249967 0.403994 0.879946
v 0.0121825 0.0413452 0.000832789
vn 0.600901 0.209309 0.771432
v 0.0117783 0.0431389 0.000539089
vn 0.542989 0.315378 0.778267
v 0.0107912 0.0407765 0.00185399
vn 0.459095 0.200744 0.865409
v 0.0110944 0.0171307 -0.00905441
vn 0.815446 -0.0991036 -0.570287
v 0.0119172 0.0183002 -0.00795961
vn 0.868463 -0.0311912 -0.494772
v 0.0129326 0.0427553 -0.000339811
vn 0.714685 0.282154 0.640012
v -0.00273913 -0.000993647 0.0115444
vn -0.0953839 0.125294 0.987524
v -0.000720832 -9.44666e-06 0.0116792
vn 6.02e-05 0.100191 0.994968
v -0.00252123 0.000781853 0.0115538
vn -0.0877867 0.0527834 0.99474
v 0.00161887 -0.00430785 0.0119797
vn 0.134281 0.141357 0.980809
v 0.00320057 -0.00390625 0.0115704
vn 0.241033 0.135084 0.96107
v 0.00177447 -0.00323845 0.0118613
vn 0.162177 0.11425 0.980125
v 0.0129474 0.0407499 0.000253689
vn 0.723372 0.164623 0.670547
v -0.00374623 0.000161853 0.011396
vn -0.121343 0.0601164 0.990789
v -0.00118473 -0.00190265 0.0118988
vn -0.0206672 0.132878 0.990917
v 0.00109017 -0.00178655 0.0117504
vn 0.110368 0.10313 0.988526
v -0.000888031 0.00891295 0.0108171
vn 0.080565 0.246961 0.965671
v -0.00248343 0.00766155 0.0109822
vn -0.0707502 0.0166175 0.997356
v -0.000850831 0.00703645 0.011096
vn -0.0236336 0.0673606 0.997449
v 0.0122848 0.0397448 0.00107309
vn 0.609802 0.125658 0.782529
v 0.0110618 0.0294239 -0.010404
vn 0.985379 0.0796495 0.150615
v 1.50686e-05 0.00444325 0.0111599
vn -0.0061861 0.0657039 0.99782
v 0.00137267 0.00302505 0.0111984
vn 0.105925 0.0828165 0.990919
v 0.00210407 0.00517785 0.0110179
vn 0.188812 0.0804401 0.978713
v -0.00373773 0.00921535 0.010779
vn -0.0751085 0.194144 0.978093
v -0.00290243 0.00229865 0.0114133
vn -0.0456515 0.0808387 0.995681
v -0.00154413 0.00338025 0.0112934
vn -0.0037996 0.163171 0.986591
v 0.00340807 -0.00238925 0.0113572
vn 0.232076 0.105432 0.966967
v 0.00484577 -0.00278215 0.0110414
vn 0.342665 0.098115 0.93432
v 0.00478417 -0.00149715 0.0108789
vn 0.339443 0.0947172 0.935846
v 0.00120027 -0.00533285 0.0122001
vn 0.0954135 0.105423 0.98984
v 0.00215277 -0.00617655 0.0121127
vn 0.178913 0.0755945 0.980957
v 0.00244047 -0.00501515 0.0119785
vn 0.198265 0.133814 0.970971
v 0.00161297 9.00534e-05 0.0115361
vn 0.122765 0.106451 0.98671
v 0.000600069 0.00144415 0.0114294
vn 0.0709549 0.122444 0.989936
v 0.000743569 0.00706595 0.0110126
vn 0.13013 0.157752 0.978867
v -0.00112783 0.00166325 0.0114934
vn 0.0186015 0.11407 0.993299
v 0.00306317 -0.000797747 0.0113387
vn 0.221257 0.0664567 0.972948
v 0.00189917 -0.00753235 0.0123064
vn 0.156256 0.0748948 0.984873
v 0.00410767 0.00173105 0.0107725
vn 0.297417 0.123428 0.946736
v 0.00317487 0.000465453 0.0112036
vn 0.224253 0.115162 0.967703
v 0.00438127 1.66533e-05 0.0109256
vn 0.332845 0.0973323 0.937945
v 0.00232427 0.00161575 0.0112168
vn 0.173838 0.127959 0.976426
v -0.00219433 0.00521565 0.0107982
vn -0.0881763 0.0921987 0.991829
v -6.93316e-05 -0.00685535 0.0123958
vn 0.0412184 0.101693 0.993962
v -0.000879332 0.00589485 0.0110901
vn -0.11537 -0.0289915 0.992899
v -0.00187053 0.00650735 0.0109673
vn -0.140499 -0.0686481 0.987698
v 0.0132949 0.044201 -0.00167121
vn 0.775374 0.354858 0.52237
v 0.0136798 0.0427159 -0.00135801
vn 0.811782 0.264468 0.520641
v -0.000148231 0.00278845 0.0113003
vn 0.0466117 0.10634 0.993237
v 0.0133057 0.0387143 0.000280288
vn 0.743222 0.0850376 0.663619
v 0.0138898 0.0412102 -0.00104811
vn 0.823337 0.178513 0.538748
v 0.0113679 0.033275 -0.0105103
vn 0.982616 -0.14599 0.114684
v 0.0117848 0.0345331 -0.0107923
vn 0.869965 -0.235632 0.433172
v 0.0118353 0.0339908 -0.00962851
vn 0.886225 -0.153483 -0.437091
v 0.00930627 0.0144689 0.00372309
vn 0.684434 0.289967 0.668931
v 0.00871527 0.0158009 0.00381819
vn 0.628941 0.219341 0.745871
v 0.0129866 0.0120325 -0.0121277
vn 0.228096 0.0329243 0.973082
v 0.0154277 0.0114829 -0.0123248
vn 0.02227 0.0310901 0.999268
v 0.0145242 0.0150247 -0.0123219
vn 0.095018 -0.0212759 0.995248
v 0.0102051 0.012059 -0.0109313
vn 0.840263 0.0450301 0.540305
v -0.00716593 0.0165025 0.00777379
vn -0.165861 0.151498 0.974443
v -0.00886503 0.0152172 0.00767949
vn -0.295851 0.254359 0.920746
v -0.00747383 0.0144211 0.00835159
vn -0.202045 0.354389 0.91301
v -0.00850263 0.0174159 0.00742039
vn -0.245592 0.0325587 0.968826
v -0.00705703 0.0194706 0.00781939
vn -0.114485 -0.0588267 0.991682
v 0.00413957 -0.00314565 0.0112892
vn 0.260977 0.0840918 0.961676
v 0.000892169 -0.00862925 0.0124529
vn 0.0983497 0.091696 0.990918
v -0.00536543 0.0153394 0.00833259
vn -0.0688186 0.30463 0.949982
v -0.00916743 0.0192545 0.00737419
vn -0.282526 -0.0812576 0.955812
v -0.00867973 0.0215638 0.00776369
vn -0.224436 -0.0606478 0.9726
v 0.000302968 0.00596125 0.0111413
vn 0.0349961 0.0412496 0.998536
v 0.00283567 0.00301175 0.0109308
vn 0.231459 0.092355 0.968451
v 0.0116523 0.0223449 -0.00899601
vn 0.882972 -0.0950715 -0.459698
v 0.011542 0.0230884 -0.00901631
vn 0.903977 -0.0784573 -0.420322
v 0.0121359 0.0225196 -0.00808781
vn 0.883717 -0.0696628 -0.462808
v 0.00371627 -0.00513935 0.0116757
vn 0.26808 0.120088 0.955883
v 0.0106559 0.0164099 -0.0108654
vn 0.703297 -0.186487 0.686
v 0.0110054 0.0156129 -0.0112
vn 0.537835 -0.117827 0.834776
v 0.0119001 0.0296886 -0.00899691
vn 0.835223 -0.0318833 -0.548986
v 0.0124934 0.028339 -0.00808471
vn 0.865848 -0.0340846 -0.499145
v 0.0117426 0.0274402 -0.00900411
vn 0.863414 -0.0405328 -0.502866
v -0.010819 0.0194399 0.00672889
vn -0.429221 -0.0772648 0.899889
v -0.00988223 0.0171378 0.00701649
vn -0.364024 0.0523531 0.929917
v 0.0136185 0.0180343 -0.0120138
vn 0.260812 -0.0839133 0.961736
v 0.0121357 0.0149066 -0.0117999
vn 0.318929 -0.0689335 0.945269
v 0.0113591 0.0322185 -0.010138
vn 0.972438 -0.130259 -0.193383
v 0.0120771 0.0322194 -0.00911961
vn 0.804568 -0.0974524 -0.58581
v 0.0115377 0.0257101 -0.00923131
vn 0.962908 0.0573736 -0.26366
v 0.00476767 -0.00384595 0.0111134
vn 0.323411 0.110866 0.939741
v 0.0108143 0.0143836 -0.00910751
vn 0.815007 -0.05879 -0.576462
v 0.0112555 0.0129793 -0.00844701
vn 0.802027 -0.0353088 -0.596243
v 0.00397677 0.00368145 0.0105325
vn 0.285595 0.0857207 0.954509
v 0.00996487 0.0135248 -0.0103002
vn 0.998687 -0.0510129 -0.004729
v -0.0100046 0.0212631 0.00731119
vn -0.366068 -0.0818346 0.926983
v 0.0105955 0.0139007 -0.0112574
vn 0.616287 -0.0619324 0.785083
v -0.00840953 0.0241472 0.00781619
vn -0.170754 0.0723854 0.982651
v -0.00990463 0.02331 0.00744779
vn -0.336816 0.0133897 0.941475
v 0.0130093 0.0164255 -0.00439371
vn 0.990372 -0.064185 -0.122651
v 0.0112276 0.0301263 -0.00983781
vn 0.890437 0.026838 -0.454314
v 0.0113874 0.0309958 -0.00969611
vn 0.85221 -0.10382 -0.512796
v 0.0123244 0.0205369 -0.0109771
vn 0.540676 -0.152734 0.82725
v 0.0132633 0.0221222 -0.0112895
vn 0.450779 -0.0740191 0.889561
v -0.0110121 0.0247984 0.00687349
vn -0.404304 0.0307172 0.914109
v -0.0113232 0.0225488 0.00680629
vn -0.464305 -0.0361447 0.884937
v 0.0124382 0.00702865 9.18908e-06
vn 0.988088 0.0776124 0.132883
v 0.0125663 0.00401935 0.00184759
vn 0.978909 0.100925 0.177625
v 0.0127841 0.00401065 -0.000479312
vn 0.995763 0.0750966 0.0530763
v -0.0120499 0.0191542 0.00603639
vn -0.531438 -0.0620288 0.844823
v -0.0113357 0.0169858 0.00633179
vn -0.478184 0.0479145 0.876952
v 0.0118148 0.00834445 0.00233149
vn 0.943526 0.144249 0.298247
v 0.012224 0.00644765 0.00182159
vn 0.96893 0.130258 0.210255
v 0.0122123 0.00913085 0.000519789
vn 0.972226 0.0636167 0.225234
v -0.0120705 0.0209207 0.00621749
vn -0.541481 -0.0895317 0.835932
v 0.0119119 0.00468895 0.00402059
vn 0.925675 0.111732 0.361443
v 0.011559 0.00109925 0.00533939
vn 0.874067 0.0853022 0.478258
v 0.01102 0.00553605 0.00560799
vn 0.861267 0.123584 0.492895
v 0.00938157 -0.0285947 -0.0107462
vn 0.398013 -0.0475093 0.916149
v 0.00943377 -0.0316717 -0.0108703
vn 0.409048 -0.0478921 0.911255
v -0.00990923 0.0262196 0.00725279
vn -0.268003 0.104599 0.957723
v -0.0127904 0.0228239 0.00589149
vn -0.622778 -0.0424124 0.781248
v 0.0119595 -0.0320112 -0.0115944
vn 0.181896 0.0059243 0.9833
v 0.0142586 -0.0338034 -0.0117548
vn 0.0405737 0.0204086 0.998968
v -0.0122813 0.0247943 0.00627689
vn -0.54044 0.0135001 0.841274
v 0.00794377 -0.0321798 -0.00968961
vn 0.991794 -0.125017 0.0267381
v 0.00817127 -0.0343189 -0.00909181
vn 0.893776 -0.0304064 -0.447483
v 0.00798967 -0.033461 -0.0104774
vn 0.839545 -0.108042 0.532439
v 0.0113744 0.00724225 0.00419349
vn 0.906065 0.180367 0.382771
v 0.0111832 0.0108939 0.00282279
vn 0.872861 0.193847 0.447813
v 0.0123713 0.00179355 0.00339139
vn 0.949756 0.0669328 0.305752
v 0.0104951 0.00787725 0.00571189
vn 0.830477 0.214001 0.514307
v 0.0110783 0.0308713 -0.0106295
vn 0.953969 -0.0543189 0.294944
v 0.0125453 0.00997485 -0.00126891
vn 0.990227 -0.0030437 0.139434
v 0.011734 -0.00108935 0.00550679
vn 0.882816 0.0815208 0.462591
v 0.0129126 0.000243153 0.00135589
vn 0.989317 0.0545195 0.135199
v 0.0109966 0.0136759 0.00198289
vn 0.798072 0.182009 0.574416
v 0.0102362 0.0130749 0.00329949
vn 0.775827 0.264492 0.572832
v 0.0171309 -0.0340177 -0.0117169
vn -0.0099066 0.0227783 0.999691
v 0.00896157 -0.0340894 -0.0109086
vn 0.278845 -0.0651805 0.958121
v 0.0127372 0.0151333 -0.00140711
vn 0.96466 -0.058015 0.257031
v 0.012765 0.0125711 -0.00207391
vn 0.990519 -0.0398825 0.131462
v 0.0119106 0.0139947 0.000563389
vn 0.883966 0.0567429 0.464096
v 0.0124388 0.0122237 -0.000682912
vn 0.96167 0.0086747 0.274072
v -0.00185763 -0.0113031 0.0127371
vn -0.108391 0.0898534 0.990039
v 0.0136217 0.0281509 -0.00408341
vn 0.994234 -0.0551367 -0.0919718
v 0.0132651 0.0256934 -0.00565471
vn 0.968311 -0.0456108 -0.245547
v 0.0132232 0.0294305 -0.00658071
vn 0.945346 -0.0640637 -0.319713
v -0.00236263 -0.00771115 0.0125603
vn -0.0786223 0.115156 0.990231
v 0.00996987 0.0109015 0.00490349
vn 0.78655 0.302375 0.538432
v 0.0124425 -0.00111615 0.00378139
vn 0.952832 0.0589333 0.297721
v 0.0124869 -0.00453765 0.00406739
vn 0.948574 0.0090357 0.316426
v 0.0138829 0.0242426 -0.0115604
vn 0.401948 0.013389 0.915565
v 0.012953 0.0259078 -0.0111561
vn 0.459359 0.103574 0.882191
v 0.0126839 0.00583185 -0.00363801
vn 0.995093 0.0141692 -0.0979258
v 0.0125966 0.00751625 -0.00166431
vn 0.997387 0.0235098 0.0683087
v 0.0130141 -0.00441745 0.00167979
vn 0.988741 0.0101047 0.149295
v -0.00319583 -0.0124276 0.0126532
vn -0.187039 0.0808143 0.979023
v -0.00335133 -0.00987875 0.0125483
vn -0.13353 0.0480252 0.98988
v 0.00904867 -0.0324751 -0.00825101
vn 0.774795 -0.0203497 -0.631885
v 0.00913857 0.0129868 0.00476509
vn 0.68231 0.36513 0.633351
v 0.0119465 0.0109011 0.00104389
vn 0.937058 0.0782394 0.340294
v 0.0104172 -0.033771 -0.01122
vn 0.218799 -0.0240887 0.975473
v 0.013124 -0.00224675 0.000198389
vn 0.997466 0.0319409 0.0635676
v 0.0130498 -1.44671e-06 -0.00125231
vn 0.998738 0.0431281 -0.0257377
v -0.00411623 -0.00776955 0.0122368
vn -0.187153 0.108112 0.976363
v 0.0129474 -0.00119845 -0.00252141
vn 0.988132 0.0247975 -0.151589
v 0.0128487 0.00135605 -0.00306781
vn 0.989618 0.0053471 -0.143627
v 0.0126302 -0.000451747 -0.00397011
vn 0.964144 -0.0034756 -0.265356
v 0.0130673 -0.00254725 -0.00186871
vn 0.989633 0.0371345 -0.138735
v 0.0126372 0.00271115 -0.00428851
vn 0.973041 -0.0091862 -0.230448
v 0.0147437 0.0216371 -0.011957
vn 0.227359 -0.0593721 0.972
v 0.0131616 0.0200056 -0.0115924
vn 0.421253 -0.141624 0.895817
v 0.0135541 0.0256408 -0.00370521
vn 0.998201 -0.0419433 -0.0428452
v 0.0134107 0.0232458 -0.00408151
vn 0.994604 -0.0370479 -0.0969088
v -0.00345363 -0.0138933 0.0127154
vn -0.255242 0.103008 0.961375
v 0.0112666 -0.0113464 -0.0111215
vn 0.331551 0.0718012 0.940701
v 0.0102636 0.00791275 -0.0103223
vn 0.944099 -0.0595456 0.324239
v 0.0104953 0.00675775 -0.0107392
vn 0.726011 -0.14003 0.673276
v 0.0110365 0.00837695 -0.010944
vn 0.573371 0.0085618 0.819251
v 0.00979347 -0.00496765 -0.0103283
vn 0.716119 0.0890331 0.692277
v 0.00935667 -0.00369975 -0.0102792
vn 0.884834 0.0906589 0.457002
v 0.00957387 -0.00480355 -0.00914841
vn 0.933784 -0.01277 -0.357608
v 0.00938327 -0.00599805 -0.00960191
vn 0.999496 -0.0031644 0.0315845
v 0.0101276 -0.00613755 -0.00850601
vn 0.77475 -0.0392497 -0.631049
v 0.00969367 -0.00758445 -0.00885181
vn 0.881824 -0.114335 -0.457509
v 0.0118737 -0.000292447 -0.00617731
vn 0.909469 -0.010193 -0.415647
v 0.0122186 0.00210925 -0.00548671
vn 0.931886 -0.0356903 -0.360991
v 0.0125321 0.000814853 -0.011647
vn 0.153013 0.0873335 0.984357
v 0.012018 0.00305615 -0.0116574
vn 0.219908 -0.002631 0.975517
v 0.0120542 -0.00667685 -0.00554481
vn 0.912837 -0.0234838 -0.407647
v 0.0116857 -0.00815035 -0.00630481
vn 0.866728 -0.0564097 -0.49558
v 0.0110142 -0.00727965 -0.00740861
vn 0.80721 -0.0498296 -0.588157
v 0.0105068 0.00830945 -0.00918641
vn 0.916593 -0.0343021 -0.398348
v 0.0102379 0.00690575 -0.00952691
vn 0.955251 -0.124017 -0.268542
v 0.0110339 -0.00576095 -0.0108141
vn 0.344848 -0.0508469 0.93728
v 0.0106722 -0.00413745 -0.0107013
vn 0.308668 0.0584697 0.949371
v 0.00980097 -0.0114248 -0.0104833
vn 0.549796 0.158905 0.820045
v 0.0100094 -0.00982945 -0.0107132
vn 0.563984 0.0042215 0.825775
v 0.0108199 0.000137153 -0.0112399
vn 0.267761 0.0916119 0.95912
v -0.00460483 -0.00879205 0.0122673
vn -0.206238 0.087272 0.974602
v 0.00973817 -0.00681305 -0.0103499
vn 0.764951 -0.0860517 0.638314
v 0.011787 -0.00891685 -0.0113722
vn 0.290928 -0.0240146 0.956443
v 0.0109211 -0.00948695 -0.00719251
vn 0.80284 -0.0666858 -0.592453
v 0.0105028 0.00542975 -0.00893511
vn 0.798768 -0.103776 -0.592621
v 0.00981177 0.00592795 -0.010038
vn 0.967763 -0.249642 0.0333626
v 0.0122956 -0.00587875 -0.0112343
vn 0.300829 -0.0791214 0.95039
v 0.0100242 -0.00576735 -0.0103678
vn 0.571401 0.0001407 0.820671
v 0.0134124 0.00560755 -0.0119356
vn 0.166454 -0.0055303 0.986034
v 0.0117294 0.00636265 -0.0114166
vn 0.370673 -0.0444996 0.927697
v 0.0124834 -0.00138625 -0.011353
vn 0.166425 0.0948914 0.981478
v -0.000903531 -0.00957175 0.0126861
vn 0.0011108 0.087797 0.996138
v 0.00981847 -0.00312585 -0.00900631
vn 0.829745 -0.0172026 -0.557878
v 0.00921267 -0.00237395 -0.0101035
vn 0.973453 0.0703892 0.217796
v 0.00953977 -0.00896375 -0.00882231
vn 0.840292 -0.0873046 -0.535058
v 0.00906677 -0.00855415 -0.0101008
vn 0.939135 -0.0667036 0.337009
v 0.0108148 -0.00168505 -0.00802811
vn 0.802032 -0.0260102 -0.596714
v 0.0120579 -0.00375745 -0.00594241
vn 0.906589 -0.0165691 -0.42169
v 0.0105469 -0.00245445 -0.0108326
vn 0.314371 0.109016 0.94302
v 0.0114165 0.00667365 -0.00776131
vn 0.866533 -0.0577382 -0.49577
v 0.0119222 -0.00701965 -0.0112605
vn 0.296608 -0.0932257 0.950438
v 0.00993287 -0.0131749 -0.0103404
vn 0.572057 0.11329 0.812352
v 0.00934567 0.000391453 -0.0105858
vn 0.928761 -0.017837 0.370251
v 0.00943167 0.00250655 -0.0105908
vn 0.934578 -0.0576943 0.351048
v 0.00985307 0.000615753 -0.00925841
vn 0.8549 -0.0540836 -0.515966
v 0.0116492 0.0161783 -0.00827821
vn 0.826562 -0.0549266 -0.56016
v 0.0106653 -0.00770755 -0.0108693
vn 0.393153 -0.073221 0.916553
v 0.0120214 0.00842935 -0.00688131
vn 0.914264 -0.0457357 -0.402529
v 0.0112337 0.0194507 -0.0104465
vn 0.840884 -0.155026 0.518537
v 0.0122737 0.00454295 -0.00570331
vn 0.94476 -0.0194982 -0.327184
v 0.0109471 -0.00487755 -0.00764921
vn 0.803902 -0.0415461 -0.593309
v 0.0125027 -0.00272445 -0.00449741
vn 0.95649 0.0211348 -0.290999
v 0.00951607 -0.00126465 -0.00942251
vn 0.894911 -0.0678904 -0.44105
v 0.010185 0.00389625 -0.00910621
vn 0.794719 -0.0748647 -0.602343
v 0.0107183 0.00133215 -0.00826221
vn 0.811885 -0.034551 -0.582794
v 0.00978637 0.00238275 -0.00941311
vn 0.867886 -0.0139814 -0.496566
v 0.0112007 0.02807 -0.0100486
vn 0.997244 0.0741237 -0.0031694
v 0.0119144 0.0270559 -0.0108807
vn 0.601494 0.128888 0.788412
v 0.012203 0.00683825 -0.00592251
vn 0.952214 -0.0492006 -0.301444
v 0.00944157 -0.00111465 -0.0107205
vn 0.778668 0.0705177 0.623461
v 0.0101301 0.00486495 -0.0108345
vn 0.664888 -0.124642 0.73647
v 0.00966117 0.00484775 -0.0100221
vn 0.994556 -0.103057 0.0154053
v 0.0102376 0.00186035 -0.0112581
vn 0.415317 -0.0047614 0.909664
v 0.00988667 0.00517875 -0.00956031
vn 0.832588 -0.13299 -0.53769
v 0.0113863 0.00337095 -0.00737971
vn 0.863457 -0.0507694 -0.501861
v 0.0122487 -0.0353556 -0.0115788
vn 0.125915 0.0149093 0.991929
v -0.00345903 -0.00636925 0.0121459
vn -0.128985 0.143285 0.98124
v -0.00494393 -0.00601575 0.0119159
vn -0.242503 0.128778 0.961566
v 0.010688 0.00368065 -0.0112093
vn 0.390885 -0.0761775 0.917282
v 0.00948617 0.00372755 -0.00998451
vn 0.980078 -0.138753 -0.142108
v 0.0119561 0.0145585 -0.00756021
vn 0.87812 -0.0694868 -0.473368
v 0.00574807 0.0209872 0.00564159
vn 0.405554 -0.211605 0.889241
v 0.00786507 0.0233601 0.00552889
vn 0.466575 -0.204001 0.860634
v 0.00580907 0.0232377 0.00626099
vn 0.310279 -0.172707 0.934826
v 0.00275557 0.0249937 0.00712729
vn 0.18903 0.0710516 0.979397
v 0.00553587 0.0250741 0.00650759
vn 0.257368 0.0395748 0.965503
v 0.00504497 0.0271693 0.00632319
vn 0.226834 0.191076 0.955006
v 0.00371807 0.0213867 0.00658059
vn 0.316171 -0.153642 0.936178
v 0.00791687 0.0266637 0.00555799
vn 0.395659 0.119167 0.910634
v 0.00701467 0.0246299 0.00607229
vn 0.378345 -0.0299849 0.925179
v 0.0124132 0.00859745 -0.00556951
vn 0.96716 -0.0443823 -0.250262
v 0.00407827 0.0233722 0.00677599
vn 0.247791 -0.086577 0.964937
v 0.00622587 0.0290163 0.00556559
vn 0.27736 0.175153 0.944666
v 0.00460577 0.0288412 0.00597239
vn 0.218458 0.181114 0.958892
v 0.00129527 0.0269666 0.00700779
vn 0.16118 0.195754 0.967317
v 0.00302277 0.0285749 0.00637909
vn 0.171539 0.180619 0.968479
v -0.000682031 0.0293685 0.00679069
vn 0.121476 0.194089 0.973434
v -0.000722631 0.0273133 0.00727409
vn 0.126163 0.207093 0.970152
v 0.00309557 0.0268957 0.00671239
vn 0.166502 0.189718 0.967618
v -0.00320513 0.0286364 0.00718489
vn 0.0729945 0.212882 0.974348
v -0.00295163 0.0270021 0.00754489
vn 0.0577877 0.193279 0.979441
v 0.00819757 0.0291717 0.00484179
vn 0.369888 0.150228 0.916851
v 0.00719377 0.0307496 0.00502179
vn 0.312569 0.108258 0.943706
v 0.00226497 0.0222793 0.00712829
vn 0.234129 -0.0841538 0.968557
v -0.000845331 0.0250529 0.00772059
vn 0.126229 0.0965987 0.987287
v 0.00412337 0.0312509 0.00580919
vn 0.189031 0.157721 0.969222
v -7.10313e-05 0.0221873 0.00760559
vn 0.162372 -0.0488619 0.985519
v -0.00363653 0.0244066 0.00802369
vn 0.0425568 0.0840139 0.995556
v 0.0107838 0.0103537 -0.0110942
vn 0.561956 0.124229 0.817785
v 0.0135844 0.00873785 -0.0120034
vn 0.180579 0.0434104 0.982602
v -0.00968293 0.0107931 0.00871599
vn -0.528105 0.0875303 0.844656
v -0.0101826 0.0100852 0.00839909
vn -0.599793 -0.0133128 0.800044
v -0.00906493 0.00974965 0.00913219
vn -0.489114 -0.0226081 0.871927
v -0.00902903 0.00813075 0.00895209
vn -0.500741 0.0379776 0.864764
v -0.0106334 0.00814755 0.00791419
vn -0.657627 0.0331812 0.752613
v 0.0119991 0.00959905 -0.0115385
vn 0.371219 0.072924 0.925677
v -0.0115657 0.0110994 0.00722699
vn -0.715865 0.0035924 0.69823
v 0.0128656 0.0344207 -0.0115055
vn 0.436033 -0.116605 0.892344
v 0.0114443 0.0120982 -0.0115579
vn 0.38739 0.0496135 0.92058
v -0.010476 0.0121893 0.00799519
vn -0.553651 0.175535 0.814038
v 0.0187285 0.0107206 -0.0121744
vn -0.0510655 0.0317939 0.998189
v 0.0179108 0.015204 -0.0122261
vn -0.0590577 -0.0013459 0.998254
v 0.0164162 0.0186944 -0.0123023
vn 0.0257914 -0.0293354 0.999237
v 0.011282 0.021793 -0.0101114
vn 0.879343 -0.0612283 0.472236
v 0.0112606 0.0225314 -0.00976041
vn 0.983275 -0.112479 0.143245
v -0.00880863 0.0112064 0.00913179
vn -0.38807 0.178501 0.904179
v -0.00830163 0.00864665 0.00937249
vn -0.495287 -0.0783843 0.865186
v -0.00638223 0.0105031 0.0100459
vn -0.219766 0.220605 0.950282
v 0.0145586 0.0352431 -0.0120824
vn 0.260507 -0.046535 0.96435
v 0.0129941 0.032004 -0.00773921
vn 0.891886 -0.0897404 -0.443268
v 0.00959267 0.0312771 0.00405639
vn 0.457399 0.101351 0.883467
v 0.0116497 0.0170252 0.000832389
vn 0.786468 -0.0274278 0.617021
v 0.0110155 0.0196007 0.00178079
vn 0.705218 -0.107691 0.700764
v 0.0106619 0.017524 0.00189759
vn 0.679715 -0.0292974 0.732891
v 0.00303667 0.0131555 0.00802019
vn 0.270934 0.437325 0.85752
v 0.00309867 0.0150224 0.00709819
vn 0.296301 0.343035 0.891366
v 0.0120998 0.0275636 0.00203889
vn 0.822401 -0.0961663 0.560721
v 0.0112461 0.024851 0.00277029
vn 0.798932 -0.134622 0.586161
v 0.0121828 0.0256911 0.00144499
vn 0.86843 -0.114983 0.482295
v 0.0119172 0.0291496 0.00245889
vn 0.741004 -0.0292452 0.670863
v 0.0110361 0.028179 0.00328749
vn 0.678634 0.0135871 0.734351
v 0.0134016 0.0215343 -0.00291241
vn 0.997749 -0.0295854 0.0601757
v 0.0132251 0.0182629 -0.00250421
vn 0.992062 -0.0619013 0.109462
v 0.00947677 0.0192719 0.00298339
vn 0.609061 -0.116283 0.784553
v 0.00944307 0.0170334 0.00293679
vn 0.639088 0.0646573 0.766411
v 0.0108536 0.0266078 0.00348559
vn 0.743241 -0.0272717 0.668467
v 0.0125219 0.01908 -8.48112e-05
vn 0.87469 -0.061481 0.480767
v 0.0118474 0.0211976 0.00108619
vn 0.804541 -0.0872962 0.587447
v 0.0134013 0.0237042 -0.00254871
vn 0.991477 -0.0320061 0.126291
v 0.0131637 0.0212936 -0.00141351
vn 0.959869 -0.032501 0.278558
v 0.0101804 0.0149924 0.00266009
vn 0.718049 0.181014 0.672041
v 0.0109703 0.0222269 0.00235229
vn 0.757864 -0.160634 0.632329
v 0.0121768 0.0237224 0.000987989
vn 0.869147 -0.106221 0.483013
v 0.00841627 0.032835 0.00437759
vn 0.373665 0.140544 0.916854
v 0.0123971 0.0309657 0.00192329
vn 0.754679 0.0166476 0.655883
v 0.0131569 0.0324388 0.000849188
vn 0.860994 0.0027083 0.508608
v 0.0125491 0.0328285 0.00164359
vn 0.749227 0.0533891 0.660158
v 0.0109828 0.0157843 0.00163659
vn 0.743909 0.0662861 0.664986
v 0.0123507 0.0164998 -0.000298911
vn 0.877074 -0.0605842 0.47652
v 0.00695787 0.0202961 0.00487689
vn 0.472915 -0.186674 0.861106
v 0.00713997 0.02147 0.00510289
vn 0.451602 -0.308788 0.837081
v 0.0124346 0.0292968 0.00178529
vn 0.79798 -0.0512356 0.600502
v 0.0129984 0.0297031 0.00107129
vn 0.879092 -0.0716242 0.47124
v 0.00982877 0.025291 0.00456869
vn 0.62771 -0.0624964 0.775935
v 0.00977167 0.02308 0.00404659
vn 0.658691 -0.236565 0.714257
v 0.0125849 0.0217192 -7.08115e-05
vn 0.891787 -0.0394183 0.450736
v 0.00990847 0.0210756 0.00309269
vn 0.638834 -0.220666 0.73702
v 0.0128304 0.0172762 -0.00104771
vn 0.938733 -0.0663244 0.338203
v 0.0129942 0.0240016 -0.000868312
vn 0.947904 -0.0577432 0.313279
v 0.00964917 0.0286419 0.00425549
vn 0.503657 0.117897 0.855821
v 0.00835087 0.0210275 0.00425349
vn 0.535418 -0.256586 0.804668
v 0.00796397 0.0188871 0.00402639
vn 0.54637 -0.0810639 0.833611
v 0.00990977 0.02713 0.00437059
vn 0.585959 0.0936169 0.804914
v 0.0138704 0.0318105 -0.00409601
vn 0.989779 -0.0883508 -0.111949
v 0.0137446 0.029479 -0.00271241
vn 0.996803 -0.079119 0.0111358
v 0.00619287 0.0188754 0.00505589
vn 0.469308 -0.054626 0.881343
v 0.0111063 0.0301731 0.00318729
vn 0.615369 0.0503063 0.786632
v 0.0130472 0.026987 3.30887e-05
vn 0.934346 -0.11656 0.336767
v 0.0135167 0.0266457 -0.00219591
vn 0.989654 -0.06976 0.125376
v 0.0129532 0.0223129 -0.00606951
vn 0.954759 -0.0489866 -0.293318
v -0.013435 0.0153414 0.00477689
vn -0.759582 0.0108214 0.650322
v -0.0129653 0.012433 0.00560259
vn -0.805022 -0.0320611 0.592379
v -0.011932 0.0143429 0.00635099
vn -0.618617 0.126828 0.775388
v -0.0150699 0.0223362 -0.00592651
vn -0.945791 -0.210729 -0.24713
v -0.0150863 0.0234695 -0.00606921
vn -0.949874 0.0017794 -0.312628
v -0.0147072 0.0227183 -0.00687421
vn -0.925061 -0.107401 -0.364319
v -0.0158425 0.0229257 -0.00302591
vn -0.963587 -0.099962 -0.248008
v -0.0161187 0.0266283 -0.00330011
vn -0.964459 -0.0940593 -0.246922
v -0.0156437 0.0251926 -0.00429851
vn -0.943814 -0.0922307 -0.317347
v -0.0150046 0.0210128 -0.00477131
vn -0.934014 -0.136434 -0.330156
v -0.0150756 0.018073 -0.00372911
vn -0.943347 -0.0780558 -0.322496
v -0.0132108 0.0127815 -0.00743751
vn -0.924322 -0.184013 -0.334317
v -0.0128405 0.0122403 -0.00876621
vn -0.980132 -0.186134 -0.0685183
v -0.0137383 0.0106366 0.00328439
vn -0.920501 -0.166361 0.353558
v -0.014842 0.0127843 0.00144779
vn -0.959757 -0.156649 0.233084
v -0.0139637 0.00920595 0.00175879
vn -0.94793 -0.152779 0.279442
v -0.0158123 0.0196332 -0.00154761
vn -0.98562 -0.0943708 -0.140169
v -0.0155012 0.0160842 -0.00175511
vn -0.986933 -0.0922318 -0.132121
v -0.0156525 0.0169038 8.32888e-05
vn -0.988809 -0.10344 0.107501
v -0.00935243 0.0133114 0.00825699
vn -0.387409 0.308336 0.868817
v -0.010425 0.0147861 0.00716309
vn -0.44844 0.220056 0.866301
v -0.0140619 0.0134893 0.00388879
vn -0.894275 -0.0939357 0.437547
v -0.0135335 0.0136473 0.00477599
vn -0.834275 0.0155243 0.55113
v -0.0120249 0.00915205 0.00628959
vn -0.837851 -0.0733046 0.540955
v -0.013095 0.0106997 0.00475159
vn -0.886867 -0.147905 0.437711
v -0.0139236 0.0226238 0.00476279
vn -0.757602 -0.0467469 0.651041
v -0.0130161 0.0204149 0.00543229
vn -0.660236 -0.0760008 0.747203
v -0.00856653 0.0139065 0.00827149
vn -0.267237 0.367531 0.890789
v -0.00788953 0.0126601 0.00903769
vn -0.25398 0.32571 0.910718
v -0.0160225 0.0261655 0.00148069
vn -0.932209 -0.057896 0.35726
v -0.0126723 0.0173733 0.00550579
vn -0.620951 -0.0066652 0.783821
v -0.013187 0.0139082 -0.00838661
vn -0.987073 -0.126799 -0.0980232
v -0.0132853 0.0141288 -0.00939451
vn -0.991462 -0.108328 0.0725785
v -0.0114111 0.00746545 0.00719779
vn -0.776483 0.0564914 0.627601
v -0.016349 0.0251401 1.4889e-06
vn -0.988879 -0.0713187 0.130503
v -0.0160262 0.0234849 0.000921589
vn -0.961641 -0.076711 0.263367
v -0.0150578 0.0166296 0.00218569
vn -0.934842 -0.0842999 0.344912
v -0.0151353 0.0132513 -0.000830111
vn -0.991129 -0.128223 0.034971
v -0.0144809 0.01529 -0.00480751
vn -0.929609 -0.0472853 -0.365502
v -0.0140769 0.0142265 -0.00575491
vn -0.93561 -0.0119293 -0.352834
v -0.0145898 0.0126523 -0.00415131
vn -0.94568 -0.0874283 -0.313122
v 0.0136717 0.031195 -0.000424012
vn 0.960976 -0.0652319 0.26883
v 0.0115876 0.0331497 0.00254879
vn 0.612124 0.100406 0.784362
v -0.0142547 0.0220206 -0.00778891
vn -0.975726 -0.1499 -0.159651
v -0.0144743 0.0212021 -0.00633781
vn -0.916184 -0.242516 -0.319051
v 0.013641 0.0291864 -0.00136351
vn 0.984039 -0.100542 0.14683
v -0.0139838 0.0194621 0.00435299
vn -0.774382 -0.0549702 0.630326
v -0.0144779 0.0194581 -0.00553651
vn -0.913079 -0.11841 -0.390212
v -0.0143802 0.0167977 0.00359369
vn -0.853651 -0.0500421 0.518436
v -0.0135568 0.0142117 -0.00712311
vn -0.943909 -0.0508238 -0.326272
v -0.013998 0.0128446 -0.00596811
vn -0.917509 -0.105606 -0.383437
v -0.0135131 0.0187604 -0.00824691
vn -0.991683 -0.10917 -0.0681688
v -0.0134441 0.017022 -0.00819021
vn -0.989693 -0.0737469 -0.122756
v -0.0140077 0.017717 -0.00628351
vn -0.939865 -0.0612448 -0.336011
v -0.0155599 0.0232022 0.00215189
vn -0.914394 -0.0598361 0.400379
v -0.0160205 0.0214083 -2.68121e-05
vn -0.990716 -0.0946151 0.0976223
v -0.00456553 -0.0158734 0.0125855
vn -0.276259 0.0728688 0.958317
v -0.00430033 -0.0146416 0.0126749
vn -0.222518 0.0714586 0.972306
v 0.000741869 0.0125064 0.00898319
vn 0.20368 0.431472 0.878832
v 0.0139132 0.0314751 -0.00200681
vn 0.994691 -0.0860213 0.0564757
v -0.0152626 0.0231381 -0.00495671
vn -0.968147 -0.0894967 -0.233843
v -0.015644 0.0204067 0.00132029
vn -0.954951 -0.0772733 0.286528
v -0.0150311 0.019885 0.00281209
vn -0.88873 -0.0635475 0.454006
v -0.0142511 0.0217214 -0.00947291
vn -0.986441 -0.160959 0.0320394
v -0.0138005 0.0201242 -0.00842231
vn -0.974272 -0.224424 0.0206593
v -0.0140272 0.0208947 -0.00780961
vn -0.963296 -0.247576 -0.103765
v -0.00316703 -0.0149309 0.0128889
vn -0.173938 0.0281292 0.984355
v -0.0162171 0.0232424 -0.00118361
vn -0.992872 -0.0911381 -0.0768067
v -0.0165278 0.0271676 -0.00146001
vn -0.993038 -0.0859889 -0.0805042
v 0.0118658 0.0255388 -0.0105647
vn 0.738203 0.119279 0.66395
v -0.00329433 -0.0161128 0.012949
vn -0.198414 0.168996 0.965439
v -0.00233963 -0.0156094 0.0129495
vn -0.176317 0.117203 0.977331
v -0.0146541 0.0101144 -0.000307611
vn -0.976312 -0.134389 0.169571
v -0.0132533 0.015343 -0.00829551
vn -0.993804 -0.0619146 -0.0923059
v -0.0134026 0.0160793 -0.00961401
vn -0.996344 -0.0729842 0.0443974
v -0.01498 0.0113552 -0.00220411
vn -0.991314 -0.100952 -0.0842912
v -0.0138293 0.0196713 -0.00957461
vn -0.97471 -0.199597 0.100503
v -0.0151432 0.0142541 -0.00287411
vn -0.972771 -0.085514 -0.215418
v 0.0135474 0.0323207 -0.00614581
vn 0.968477 -0.0742874 -0.237768
v 0.0127622 0.0339858 -0.00846571
vn 0.848118 -0.0791568 -0.523861
v -0.0135324 0.011348 -0.00622851
vn -0.895136 -0.0912253 -0.43636
v -0.014141 0.011454 -0.00489671
vn -0.920366 -0.114955 -0.373781
v -0.013657 0.0157134 -0.00679381
vn -0.948315 -0.0480474 -0.313671
v -0.0145304 0.00987815 -0.00353471
vn -0.957362 -0.0884671 -0.275013
v -0.0149643 0.0218074 -0.00541121
vn -0.946611 -0.233992 -0.221754
v -0.016503 0.0277596 0.000227588
vn -0.982406 -0.0793841 0.169046
v 0.0112901 0.026661 -0.0100743
vn 0.978531 0.111548 0.173304
v -0.0163229 0.0295735 0.00132419
vn -0.935169 -0.0808904 0.344843
v 0.0207939 0.016331 -0.011917
vn -0.107562 0.0024627 0.994195
v 0.0204489 0.019221 -0.0120625
vn -0.0740908 0.0026661 0.997248
v -0.0126707 0.010681 -0.00856251
vn -0.998502 -0.0540498 0.0084916
v 0.0198389 0.0272317 -0.0122219
vn -0.0577684 0.0146865 0.998222
v 0.0213281 0.0304498 -0.0120867
vn -0.0681526 0.0133471 0.997586
v 0.0181352 0.0308291 -0.0123099
vn -0.0414862 0.0055311 0.999124
v -0.0137885 0.0197238 -0.00708221
vn -0.953783 -0.161836 -0.253195
v 0.0201842 0.0357585 -0.012354
vn -0.0306186 0.0250103 0.999218
v 0.0211838 0.0137963 -0.0119891
vn -0.0805578 -0.0195183 0.996559
v -0.013493 0.0180124 -0.00960521
vn -0.994757 -0.0959875 0.0352861
v -0.0127504 0.0101713 -0.00953681
vn -0.992967 -0.0603652 0.101841
v 0.0181866 0.0282651 -0.0123275
vn -0.0507165 0.0029835 0.998709
v -0.00602353 0.013022 0.00923109
vn -0.121124 0.36701 0.922297
v -0.0142817 0.0235653 -0.00823561
vn -0.987135 -0.055215 -0.150051
v -0.00398563 0.0116799 0.00995319
vn -0.0387332 0.3622 0.931296
v 0.00683997 0.0327599 0.00493299
vn 0.275627 0.145837 0.950138
v 0.000723469 0.0103951 0.0100229
vn 0.184152 0.373209 0.909287
v 0.00263397 0.00812745 0.0104093
vn 0.245592 0.250097 0.936556
v 0.00794287 0.035023 0.00411869
vn 0.324643 0.196756 0.925146
v -0.00148353 0.0115624 0.00988499
vn 0.110184 0.39999 0.909872
v 0.00882567 0.0386551 0.00307889
vn 0.321829 0.182819 0.92898
v 0.00994307 0.035407 0.00317459
vn 0.458638 0.152725 0.8754
v 0.00459727 0.00559835 0.0102413
vn 0.322687 0.114263 0.939584
v 0.011828 0.0369394 0.00176359
vn 0.596032 0.107208 0.795771
v 0.0129099 0.0352119 0.000985988
vn 0.763079 0.0582452 0.643675
v 0.00712477 0.0375169 0.00376149
vn 0.210533 0.219121 0.952713
v 0.00586037 0.0345958 0.00481519
vn 0.204703 0.2245 0.952731
v -0.00524963 -0.00976025 0.0121676
vn -0.284062 0.0490663 0.95755
v -0.00590653 -0.0109035 0.0119978
vn -0.35465 0.0408336 0.934107
v -0.00650583 -0.00972675 0.0116483
vn -0.374545 0.037136 0.926465
v -0.00744223 -0.00893115 0.011278
vn -0.468449 0.0694043 0.88076
v -0.00848473 -0.00940605 0.0105772
vn -0.541074 0.0436885 0.83984
v -0.00771703 -0.00745175 0.010914
vn -0.452085 0.086244 0.887796
v -0.00923413 -0.00794265 0.0101334
vn -0.612829 0.0421846 0.789089
v -0.00715893 -0.00427355 0.0109515
vn -0.372794 0.057112 0.926155
v -0.00597553 -0.00793845 0.011808
vn -0.339897 0.0954598 0.935606
v -0.00693593 -0.01119 0.011531
vn -0.40791 0.029932 0.912531
v -0.00939673 -0.0101332 0.0100256
vn -0.640545 0.0389185 0.766934
v -0.00846683 -0.00546925 0.0104089
vn -0.502993 0.0580256 0.862341
v -0.00656043 -0.00587345 0.0112519
vn -0.374405 0.096958 0.922182
v -0.00908913 -0.00210105 0.00985389
vn -0.592486 0.0274901 0.805112
v 0.0143858 0.0381247 -0.00141711
vn 0.935292 -0.0238827 0.35307
v 0.0141696 0.0394589 -0.00102381
vn 0.863011 0.0838424 0.49818
v 0.0139411 0.038369 -0.000563112
vn 0.848364 0.0253468 0.528807
v 0.0141439 0.0337671 -0.00265891
vn 0.992398 -0.121096 0.0219637
v 0.0133129 0.0358488 -0.00770811
vn 0.910129 -0.0853188 -0.405445
v 0.0126002 0.0356058 -0.00891431
vn 0.847562 -0.109508 -0.519275
v 0.0152065 0.04462 -0.0116436
vn 0.535587 -0.198283 0.820872
v 0.014186 0.0428687 -0.0112861
vn 0.648138 -0.141455 0.748269
v 0.0150532 0.0422017 -0.0119999
vn 0.444001 -0.104631 0.889896
v 0.0132977 0.0425087 -0.00904961
vn 0.982005 -0.0540466 -0.180957
v 0.0139137 0.0444061 -0.00793701
vn 0.955654 -0.0612584 -0.28805
v 0.0140901 0.0426129 -0.00740851
vn 0.942817 -0.0403711 -0.330857
v 0.0139743 0.0362469 -0.00584581
vn 0.95501 -0.111029 -0.275006
v 0.014614 0.0376869 -0.00418671
vn 0.981905 -0.110037 -0.154124
v 0.0142597 0.0349932 -0.00399651
vn 0.982568 -0.128646 -0.134206
v 0.0133565 0.0441712 -0.00928421
vn 0.982611 -0.154743 -0.10262
v 0.0133976 0.0434634 -0.0103902
vn 0.893639 -0.133413 0.428498
v 0.0138152 0.0339989 -0.00533851
vn 0.970918 -0.0968717 -0.21894
v 0.0147082 0.0407304 -0.00242301
vn 0.960743 0.106275 0.256278
v 0.0145055 0.0436491 -0.00437851
vn 0.98188 0.167905 0.0878545
v 0.0141536 0.0429735 -0.00232571
vn 0.890385 0.266656 0.368929
v 0.0140208 0.0336637 -0.00148091
vn 0.982396 -0.083083 0.167318
v 0.0144793 0.0360984 -0.00229841
vn 0.987003 -0.107211 0.119711
v 0.0169196 0.0348102 -0.0123713
vn 0.046563 0.006659 0.998893
v 0.0160132 0.0382836 -0.0123545
vn 0.176569 0.0014447 0.984287
v 0.0134672 0.0417794 -0.0106256
vn 0.887739 -0.070887 0.454857
v 0.0143137 0.0446262 -0.0108185
vn 0.673332 -0.275593 0.686056
v 0.0142243 0.0389841 -0.00603391
vn 0.950119 -0.0849314 -0.3001
v 0.0136628 0.0376012 -0.00724371
vn 0.928214 -0.101176 -0.358024
v 0.0136043 0.0388233 -0.00774081
vn 0.921701 -0.0900839 -0.377297
v 0.0142561 0.0408561 -0.011602
vn 0.634338 -0.0535069 0.771201
v 0.0135373 0.0403408 -0.0108536
vn 0.834714 -0.0619475 0.547188
v 0.0138104 0.039032 -0.0112543
vn 0.686827 -0.0921908 0.72095
v 0.0192028 0.0405205 -0.0124901
vn -0.0344335 0.0075346 0.999379
v 0.0173209 0.0417371 -0.0125108
vn 0.0698834 -0.0266297 0.9972
v 0.0177451 0.0383278 -0.0124799
vn 0.0209845 0.0200652 0.999578
v 0.0129876 0.0373276 -0.00864141
vn 0.913634 -0.144153 -0.380121
v 0.0161753 0.043609 -0.0122168
vn 0.261569 -0.106988 0.959237
v 0.0134795 0.0341865 -0.00690451
vn 0.945368 -0.0803373 -0.315951
v 0.0141981 0.0455239 -0.00659321
vn 0.996616 -0.0015122 -0.0821835
v 0.0143083 0.0448381 -0.00563111
vn 0.99391 0.0939149 -0.0576381
v 0.0143066 0.0438915 -0.00633521
vn 0.986343 0.0417326 -0.159329
v 0.014804 0.0403273 -0.00431801
vn 0.994058 -0.001225 -0.108846
v 0.0120753 0.0359969 -0.00989551
vn 0.957643 -0.262928 -0.117429
v 0.0137156 0.0370511 -0.000186212
vn 0.842419 0.0077919 0.538766
v 0.0138488 0.0348563 -0.000459212
vn 0.91537 -0.0322441 0.40132
v 0.0136977 0.0406947 -0.00783571
vn 0.932923 -0.0794531 -0.3512
v 0.013085 0.0406689 -0.00965441
vn 0.995936 -0.0828166 0.0354007
v 0.0162911 0.0458502 -0.0119375
vn 0.369766 -0.18067 0.91139
v 0.0177644 0.0463556 -0.0122593
vn 0.176106 -0.105707 0.978679
v 0.0149755 0.0406765 -0.0120473
vn 0.436176 -0.0229484 0.899568
v 0.0147457 0.0388063 -0.0119424
vn 0.439259 -0.0366467 0.897613
v 0.0136615 0.0369731 -0.0115162
vn 0.508802 -0.140418 0.849355
v 0.0143578 0.0458183 -0.0102035
vn 0.751494 -0.380297 0.539102
v 0.0136421 0.0449149 -0.0100163
vn 0.852297 -0.329481 0.406241
v 0.0157026 0.0408624 -0.0123198
vn 0.243517 -0.0241113 0.969597
v 0.0147684 0.0386411 -0.00286031
vn 0.994268 -0.0533436 0.0926557
v 0.0130266 0.0391536 -0.00908951
vn 0.975306 -0.116048 -0.187912
v 0.0195469 0.0445977 -0.0124535
vn 0.0037734 -0.0248525 0.999684
v 0.0216489 0.0470505 -0.0123796
vn 0.0050844 -0.0104558 0.999932
v 0.019752 0.0483626 -0.0123181
vn 0.083803 -0.0323803 0.995956
v 0.00965407 -0.0252485 -0.00781981
vn 0.803543 -0.0320441 -0.594384
v 0.00926197 -0.02323 -0.00829701
vn 0.841958 -0.0776172 -0.53393
v 0.0105298 -0.023221 -0.00668881
vn 0.82318 -0.0535862 -0.565246
v 0.00975347 -0.0209766 -0.00965231
vn 0.7783 -0.197979 0.595864
v 0.00897807 -0.0220183 -0.00942211
vn 0.900228 -0.321145 0.294035
v 0.0101223 -0.0227274 -0.0102217
vn 0.463895 -0.175188 0.868395
v 0.00839157 -0.0251344 -0.00961551
vn 0.977143 -0.145091 0.15537
v 0.00904437 -0.0241722 -0.01003
vn 0.675969 -0.186104 0.713044
v 0.00873557 -0.0243905 -0.00900401
vn 0.945163 -0.108082 -0.308196
v 0.0108574 -0.0256791 -0.00596211
vn 0.876488 -0.0427744 -0.479519
v 0.0100159 -0.0273927 -0.00713831
vn 0.820563 -0.0361515 -0.570412
v 0.00881527 -0.0271005 -0.0103542
vn 0.660004 -0.11536 0.742352
v 0.00834307 -0.02866 -0.0102081
vn 0.857334 -0.0370995 0.513422
v 0.00828727 -0.0302828 -0.0102066
vn 0.877893 -0.0349434 0.47758
v 0.00931917 -0.0153697 -0.00917621
vn 0.986199 0.112287 0.121667
v 0.00983157 -0.0167084 -0.00807481
vn 0.891279 -0.022573 -0.452893
v 0.00951717 -0.016552 -0.00952291
vn 0.87333 0.0805299 0.480426
v 0.0100454 -0.0176555 -0.00973681
vn 0.625651 0.0627726 0.777573
v 0.0106392 -0.0168426 -0.0100488
vn 0.469602 0.0732211 0.879837
v 0.0158761 0.046646 -0.0114917
vn 0.553797 -0.25172 0.793691
v 0.0149748 0.0464765 -0.0107936
vn 0.735472 -0.336465 0.588109
v 0.00891607 -0.0256343 -0.0102181
vn 0.615956 -0.0931867 0.78225
v 0.0101462 -0.0255564 -0.010784
vn 0.398323 -0.112633 0.910303
v 0.0130522 -0.0234033 -0.000156512
vn 0.988197 -0.0185663 -0.152057
v 0.012735 -0.0255534 -0.00155331
vn 0.946008 -0.0135168 -0.323862
v 0.0124611 -0.0236212 -0.00216241
vn 0.945081 -0.0701198 -0.319226
v 0.0111218 -0.0210441 -0.00604851
vn 0.853646 -0.036933 -0.519543
v 0.00961177 -0.0212821 -0.00807371
vn 0.911755 -0.124024 -0.391562
v 0.00869607 -0.0232566 -0.00942951
vn 0.970683 -0.157148 0.181876
v 0.00828457 -0.0277389 -0.00953371
vn 0.991549 -0.107183 -0.0730896
v 0.00841977 -0.0264544 -0.00951961
vn 0.998265 -0.0587028 0.0045746
v 0.0120123 -0.0190003 -0.00449691
vn 0.915682 -0.0234792 -0.401217
v 0.0109428 -0.017058 -0.00650931
vn 0.845793 -0.0326907 -0.532509
v 0.011632 -0.0165728 -0.00521921
vn 0.879282 -0.0347521 -0.475032
v 0.0110601 -0.0208038 -0.0104419
vn 0.491668 -0.107722 0.864094
v 0.0131846 -0.00715645 -0.000309312
vn 0.99945 -0.0220248 0.0248008
v 0.0129648 -0.00878375 0.00148799
vn 0.993121 -0.008187 0.116803
v 0.0131065 -0.00977045 -0.000815111
vn 0.998381 -0.0355696 -0.0443956
v 0.0109112 -0.0284441 -0.00565241
vn 0.88225 -0.022187 -0.470258
v 0.0127365 0.0378163 -0.0100452
vn 0.956233 -0.264313 0.12553
v 0.0131882 0.0391847 -0.0104167
vn 0.91172 -0.136795 0.387368
v 0.00970797 -0.0299416 -0.00748231
vn 0.807953 -0.0144703 -0.58907
v 0.0102912 -0.0323373 -0.00666961
vn 0.835203 -0.0040605 -0.549927
v 0.012311 -0.0102694 0.00485429
vn 0.941778 0.0238009 0.335392
v 0.0121897 -0.00720525 0.00480989
vn 0.928784 0.024154 0.369833
v 0.0116208 -0.00913565 0.00622809
vn 0.874712 0.0436207 0.482677
v 0.00842857 -0.0308816 -0.00898681
vn 0.8832 -0.0613696 -0.464964
v 0.00842367 -0.0292207 -0.00910641
vn 0.925344 -0.018035 -0.3787
v 0.0109719 -0.0189434 -0.00632051
vn 0.843561 -0.0278606 -0.536311
v 0.0116021 -0.0268327 -0.00414141
vn 0.927498 -0.0116495 -0.373648
v 0.0104025 -0.0151933 -0.0101533
vn 0.497771 0.144877 0.855123
v 0.0125538 0.0363243 -0.0109583
vn 0.739483 -0.268407 0.617351
v 0.0112845 -0.0237448 -0.00529751
vn 0.89085 -0.0869702 -0.445895
v 0.0128127 -0.0209237 -0.00211031
vn 0.970978 -0.0339827 -0.236744
v 0.0130737 -0.0196561 0.000430588
vn 0.998841 0.030088 -0.0375776
v 0.012973 -0.0151808 -0.000239711
vn 0.998995 -0.0061473 -0.0444055
v 0.012849 -0.016292 0.00225239
vn 0.994758 0.0190615 0.100467
v 0.00880577 -0.0257643 -0.00884961
vn 0.833084 -0.0317708 -0.552233
v 0.0116506 -0.0253092 -0.0113897
vn 0.293681 -0.0792585 0.952612
v 0.00919527 -0.014057 -0.00912681
vn 0.992604 0.0871516 -0.0845084
v 0.00997327 -0.0151496 -0.00790121
vn 0.834299 -0.019698 -0.550961
v 0.0130034 -0.00771835 -0.00272631
vn 0.980142 -0.035885 -0.195022
v 0.0127972 -0.00508485 -0.00370681
vn 0.964178 -0.0107239 -0.265038
v 0.00893227 -0.0273826 -0.00853471
vn 0.816604 -0.0483051 -0.575173
v 0.0128711 -0.0190024 0.00318049
vn 0.990393 0.079154 0.113386
v 0.0126025 -0.0179176 0.00437409
vn 0.978718 0.0657733 0.194383
v 0.0128744 -0.0203848 0.00434789
vn 0.978646 0.0821242 0.188434
v 0.0130622 -0.0271529 0.000306389
vn 0.99351 -0.0131239 -0.112982
v 0.0127658 -0.0271175 -0.00121131
vn 0.961102 -0.0208628 -0.275406
v 0.0136421 0.0450306 -0.00294431
vn 0.860642 0.32179 0.394646
v 0.011557 -0.0247675 -0.00451041
vn 0.931544 -0.0724541 -0.356337
v 0.00948017 -0.0196982 -0.00894271
vn 0.99008 -0.002636 0.140481
v 0.0101214 -0.0195751 -0.00749081
vn 0.850405 -0.0343735 -0.525004
v 0.0127604 -0.0107935 0.00307749
vn 0.982829 0.0041255 0.184471
v 0.0129983 -0.0124083 0.00121739
vn 0.99737 -0.0126827 0.0713611
v 0.00891957 -0.0131654 -0.00943311
vn 0.980909 0.106825 0.162499
v 0.0111868 -0.0185079 -0.0102803
vn 0.479656 -0.0144227 0.877338
v 0.0116211 -0.0169201 0.00706119
vn 0.888561 0.0733285 0.452859
v 0.0123228 -0.0200571 0.00617929
vn 0.937537 0.0898668 0.336079
v 0.0122458 -0.0161349 0.00546339
vn 0.947241 0.0517459 0.316317
v 0.0112001 -0.0146492 -0.00633361
vn 0.84472 -0.0516424 -0.532712
v 0.0119266 -0.0298906 -0.00334701
vn 0.926485 0.0031529 -0.376319
v 0.0119452 -0.022629 -0.00412411
vn 0.927826 -0.0872995 -0.362654
v 0.0126741 -0.0108028 -0.00311271
vn 0.970325 -0.0554783 -0.235356
v 0.0129953 -0.0123766 -0.00102441
vn 0.994891 -0.0327825 -0.0954842
v 0.0119536 -0.0250885 -0.00310111
vn 0.931853 -0.0447521 -0.360065
v 0.00926757 -0.023051 -0.00985691
vn 0.53116 -0.213577 0.819911
v 0.0103232 -0.0196687 -0.00991281
vn 0.590023 -0.0480387 0.805956
v 0.0127745 -0.017449 -0.00204841
vn 0.981169 -0.0014721 -0.193147
v 0.0126627 -0.0139769 -0.00257781
vn 0.978222 -0.0217246 -0.206424
v 0.0109691 -0.0307792 -0.00547681
vn 0.880656 0.0079923 -0.473688
v 0.0113357 -0.022643 -0.00553841
vn 0.882867 -0.0791165 -0.46291
v 0.0169382 0.0276591 -0.0123737
vn 0.0336501 0.0345112 0.998838
v 0.015559 0.0313019 -0.0123673
vn 0.102714 -0.0019785 0.994709
v 0.00955467 -0.0144241 -0.00990391
vn 0.725503 0.140228 0.673782
v 0.00927077 -0.0101989 -0.00909121
vn 0.951174 -0.0815947 -0.297676
v 0.00912347 -0.0108033 -0.0101822
vn 0.866727 -0.0884934 0.490871
v 0.0119228 -0.0105663 -0.00542311
vn 0.908718 -0.0481996 -0.414619
v 0.0122248 -0.00904625 -0.00510581
vn 0.921368 -0.0645931 -0.383288
v 0.0122858 -0.0271266 -0.00240751
vn 0.924533 -0.0042646 -0.381078
v 0.0122409 -0.0157039 -0.00419541
vn 0.934542 -0.0309208 -0.354507
v 0.0120082 -0.0126458 -0.00506951
vn 0.917133 -0.0410055 -0.396466
v 0.00995237 -0.0186814 -0.00971051
vn 0.69295 -0.0080202 0.720941
v 0.0132192 0.0378776 -0.0109163
vn 0.75606 -0.222978 0.615348
v 0.0178511 0.023279 -0.0121614
vn 0.0330868 0.0072099 0.999426
v 0.00975307 -0.0134114 -0.00834751
vn 0.794814 -0.0357592 -0.605799
v 0.0105396 -0.0118975 -0.00750601
vn 0.796737 -0.0538769 -0.601919
v 0.00942587 -0.0181132 -0.00865301
vn 0.997318 -0.0046676 -0.0730439
v 0.0127348 -0.0288086 -0.00131111
vn 0.960105 -0.0158631 -0.279191
v 0.0102609 -0.0181298 -0.00741311
vn 0.822514 -0.0366455 -0.567564
v 0.0132261 -0.00441975 -0.00133661
vn 0.998331 0.0084486 -0.0571344
v 0.0111471 -0.0152134 0.00773859
vn 0.851083 0.0683894 0.520558
v -0.000780331 0.0172337 0.00756679
vn 0.17187 0.139206 0.975234
v 0.000681869 0.0149059 0.00785489
vn 0.228942 0.341178 0.911692
v 0.00210017 0.0169809 0.00686999
vn 0.293103 0.147696 0.944604
v -0.00377593 0.0297457 0.00700229
vn 0.0779148 0.1629 0.983561
v -0.00531733 0.0281561 0.00740259
vn 0.0108431 0.16168 0.986784
v -0.00331393 0.0167411 0.00790679
vn 0.058419 0.189527 0.980136
v -0.00231343 0.0193087 0.00769239
vn 0.111124 -0.0189171 0.993626
v -0.00510263 0.0178009 0.00785109
vn -0.0082822 0.0613261 0.998083
v -0.00719903 0.0224303 0.00802859
vn -0.0945682 -0.0056593 0.995502
v 0.0131922 -0.0247744 0.00249569
vn 0.999623 -0.0093004 0.02584
v -0.00286723 0.0221722 0.00795289
vn 0.0936201 -0.0361519 0.994951
v 0.0144387 0.0417207 -0.00602061
vn 0.973212 -0.0122617 -0.229581
v -0.00180503 0.0154087 0.00820869
vn 0.121213 0.320919 0.939318
v 0.0129369 -0.00293765 -0.00289711
vn 0.980045 0.024034 -0.197318
v 0.0222697 0.0421858 -0.0123228
vn -0.0525174 0.0039709 0.998612
v -0.00469283 0.0200537 0.00793569
vn 0.0293224 -0.062091 0.99764
v -0.00106413 0.0137735 0.00873299
vn 0.159652 0.405818 0.899901
v -0.00259673 0.0102726 0.0104779
vn 0.0268224 0.325086 0.945304
v -0.00363563 0.0150856 0.00845419
vn 0.0205104 0.351957 0.935791
v -0.00446133 0.013826 0.00897189
vn -0.0163748 0.390435 0.920485
v -0.00612833 0.0251942 0.00789439
vn -0.0455894 0.131464 0.990272
v 0.00399497 0.0187518 0.00609409
vn 0.371325 -0.0164009 0.928358
v -0.00536383 0.022284 0.00810979
vn -0.0037849 -0.0152088 0.999877
v -0.00810293 0.025962 0.00759109
vn -0.114283 0.158713 0.980688
v -0.00719213 0.0270835 0.00744169
vn -0.064617 0.145501 0.987246
v 0.00107457 0.019632 0.00713689
vn 0.237817 -0.0516975 0.969933
v -0.00283363 0.0137114 0.00899529
vn 0.061271 0.399812 0.914547
v 0.0130991 -0.0211493 0.00279889
vn 0.995879 0.0540326 0.0728392
v 0.0131889 -0.0221556 0.00135909
vn 0.999574 0.0148275 -0.0251278
v -0.0129196 -0.00407115 -0.00454831
vn -0.933626 -0.100652 -0.343819
v -0.0140034 0.000327453 -0.00124541
vn -0.990668 -0.0984906 0.0942166
v -0.0133087 0.00303355 0.00242059
vn -0.958352 -0.038812 0.28294
v 0.0129587 -0.0189809 0.00218199
vn 0.996254 0.057711 0.064399
v -0.0109525 0.000729453 0.00776909
vn -0.835305 -0.053862 0.547142
v -0.011576 0.00386125 0.00709219
vn -0.873655 -0.0270898 0.485792
v -0.0109918 0.00389415 0.00797149
vn -0.782784 0.0044029 0.622278
v -0.00991293 -0.0150475 0.00970679
vn -0.804463 0.0123749 0.593874
v -0.00983873 -0.0121402 0.00971899
vn -0.724848 0.0276395 0.688354
v -0.0143059 0.00528825 -0.000821312
vn -0.985668 -0.0681379 0.154326
v -0.0136917 0.000734653 0.000681889
vn -0.975252 -0.053523 0.214519
v -0.0138993 0.00328305 0.000184488
vn -0.976037 -0.0527999 0.211101
v -0.0140026 0.00124365 -0.000753611
vn -0.988415 -0.0569522 0.140687
v 0.0115623 -0.0194728 0.00771309
vn 0.868258 0.104751 0.484928
v -0.00976083 -0.000317247 0.00908389
vn -0.69672 0.0038914 0.717332
v -0.0104684 0.00524255 0.00842819
vn -0.660151 0.0708725 0.747782
v 0.0126668 -0.00757295 0.00330229
vn 0.973348 0.0040575 0.229296
v -0.0112077 0.00593365 0.00760649
vn -0.783108 0.0498728 0.619883
v -0.012608 0.00934225 -0.00842171
vn -0.993582 -0.0409179 -0.105456
v -0.0125789 0.00807265 -0.00913691
vn -0.997886 -0.0604253 -0.0239126
v 0.0117522 -0.0219811 0.00798189
vn 0.861935 0.0830209 0.500176
v 0.0123385 -0.0234552 0.00698259
vn 0.926465 0.0416951 0.374065
v -0.013719 -0.00354545 -0.000257011
vn -0.985498 -0.0320866 0.166628
v -0.0103939 -0.00906985 0.00891739
vn -0.808623 0.0346131 0.587309
v -0.0103894 0.00278805 0.00866159
vn -0.700886 -0.0043277 0.71326
v -0.014051 0.000821653 -0.00186461
vn -0.995635 -0.0776033 -0.0518483
v -0.011916 0.00456195 -0.00884041
vn -0.960468 -0.110163 -0.255666
v -0.0117315 0.00283565 -0.00896971
vn -0.941285 -0.190043 -0.279045
v -0.0122702 0.00362765 -0.00791981
vn -0.901589 -0.0805308 -0.425032
v -0.0131856 -0.00220115 0.00217429
vn -0.961022 -0.0331211 0.27448
v 0.00903817 -0.0119944 -0.00929561
vn 0.99724 0.0176764 -0.0721159
v -0.0103169 0.00112895 0.00860429
vn -0.743467 -0.0590209 0.666164
v -0.0135115 -0.00446735 -0.00298081
vn -0.954296 -0.0620671 -0.292348
v -0.0126214 -0.00887165 0.00390699
vn -0.959982 -0.0152072 0.27965
v -0.0113829 -0.00272915 -0.00826391
vn -0.964892 -0.19387 -0.177193
v -0.0114877 -0.00122835 -0.00889451
vn -0.972014 -0.0700837 -0.224223
v -0.0122036 -0.0120004 0.00482949
vn -0.956324 -0.0585703 0.286381
v 0.0116658 -0.0132029 0.00647619
vn 0.893948 0.052228 0.445116
v -0.0123033 -0.00588415 -0.00592901
vn -0.924001 -0.134846 -0.357825
v -0.0110889 -0.00649545 -0.00818181
vn -0.967516 -0.211855 -0.13795
v -0.0115209 -0.00588815 -0.00770671
vn -0.87194 -0.156997 -0.46376
v -0.0111465 -0.00542095 -0.00851301
vn -0.999397 -0.0139363 -0.0317938
v 0.0137162 0.045441 -0.00899801
vn 0.966671 -0.242092 -0.0833033
v 0.011414 -0.0110881 -0.00637221
vn 0.851779 -0.0541681 -0.521093
v 0.0129651 -0.024002 0.00502799
vn 0.979711 0.0160384 0.199771
v 0.0125858 -0.0155231 0.00403389
vn 0.981169 0.0199021 0.192125
v 0.0127254 -0.0137601 0.00309799
vn 0.985743 0.0025892 0.168237
v 0.0124073 -0.0131891 0.00460189
vn 0.958597 0.0158828 0.284322
v -0.011727 -0.00179795 -0.00800671
vn -0.886215 -0.184525 -0.42494
v -0.0129678 -0.0107729 -0.00305871
vn -0.94614 -0.0618064 -0.317804
v -0.0124071 0.00624795 -0.00964321
vn -0.983837 -0.178991 -0.0051202
v -0.0112874 -0.00670255 -0.00928661
vn -0.964329 -0.132105 0.229386
v -0.0134241 -0.0107656 -0.000426711
vn -0.992795 -0.0296099 0.116114
v -0.012463 -0.00781205 -0.00480471
vn -0.908163 -0.102074 -0.405981
v -0.0114835 -0.00682205 -0.00699421
vn -0.872858 -0.242303 -0.423567
v -0.0140058 0.0100743 -0.00500961
vn -0.947436 -0.0401957 -0.317411
v -0.0121979 0.00261895 -0.00756761
vn -0.858168 -0.244295 -0.451517
v -0.0125375 -0.00332995 -0.00583741
vn -0.891728 -0.165554 -0.421204
v -0.0113607 -0.00355705 -0.00779451
vn -0.89827 -0.125795 -0.421054
v -0.0115679 -0.000227147 -0.00865591
vn -0.967083 -0.0316393 -0.252486
v -0.0119467 -0.00292605 -0.00703851
vn -0.86283 -0.173946 -0.474623
v -0.0107831 -0.00761875 -0.00808381
vn -0.971803 -0.2 -0.124898
vt 0.97581 0.45399
vt 0.9766 0.4564
vt 0.97527 0.45926
vt 0.97527 0.45926
vt 0.97432 0.46378
vt 0.97104 0.4615
vt 0.9766 0.4564
vt 0.97725 0.45854
vt 0.97527 0.45926
vt 0.97021 0.45265
vt 0.97192 0.4477
vt 0.97299 0.45215
vt 0.97192 0.4477
vt 0.97539 0.44903
vt 0.97299 0.45215
vt 0.97527 0.45926
vt 0.97725 0.45854
vt 0.97637 0.4629
vt 0.97757 0.47284
vt 0.97886 0.47077
vt 0.97927 0.47477
vt 0.97792 0.46932
vt 0.97738 0.4662
vt 0.97869 0.46742
vt 0.97637 0.4629
vt 0.97809 0.46133
vt 0.97738 0.4662
vt 0.97863 0.46372
vt 0.97869 0.46742
vt 0.97738 0.4662
vt 0.97886 0.47077
vt 0.97792 0.46932
vt 0.97869 0.46742
vt 0.97734 0.44956
vt 0.97581 0.45399
vt 0.97539 0.44903
vt 0.97809 0.46133
vt 0.97863 0.46372
vt 0.97738 0.4662
vt 0.97856 0.4155
vt 0.97773 0.41378
vt 0.97904 0.41336
vt 0.97773 0.41378
vt 0.97856 0.4155
vt 0.977 0.41534
vt 0.98033 0.40903
vt 0.97965 0.40352
vt 0.98197 0.40395
vt 0.97892 0.40624
vt 0.97965 0.40352
vt 0.98033 0.40903
vt 0.97582 0.42082
vt 0.97805 0.41876
vt 0.97843 0.42276
vt 0.98115 0.41705
vt 0.97805 0.41876
vt 0.97856 0.4155
vt 0.97805 0.41876
vt 0.98115 0.41705
vt 0.97843 0.42276
vt 0.97805 0.41876
vt 0.97582 0.42082
vt 0.97637 0.4176
vt 0.97856 0.4155
vt 0.97637 0.4176
vt 0.977 0.41534
vt 0.97637 0.4176
vt 0.97856 0.4155
vt 0.97805 0.41876
vt 0.98134 0.4283
vt 0.97641 0.43087
vt 0.98072 0.42547
vt 0.98072 0.42547
vt 0.97641 0.43087
vt 0.97843 0.42276
vt 0.97299 0.45215
vt 0.97581 0.45399
vt 0.97169 0.45647
vt 0.97637 0.4629
vt 0.97738 0.4662
vt 0.97547 0.46688
vt 0.97581 0.45399
vt 0.97527 0.45926
vt 0.97169 0.45647
vt 0.97725 0.45854
vt 0.97809 0.46133
vt 0.97637 0.4629
vt 0.97547 0.46688
vt 0.97432 0.46378
vt 0.97637 0.4629
vt 0.97721 0.43499
vt 0.97896 0.43694
vt 0.97571 0.43707
vt 0.97745 0.43895
vt 0.97571 0.43707
vt 0.97896 0.43694
vt 0.97306 0.4383
vt 0.97571 0.43707
vt 0.97745 0.43895
vt 0.97896 0.43694
vt 0.97721 0.43499
vt 0.97933 0.43373
vt 0.98134 0.4283
vt 0.98034 0.43118
vt 0.97641 0.43087
vt 0.98229 0.40075
vt 0.98197 0.40395
vt 0.98111 0.40127
vt 0.98197 0.40395
vt 0.97965 0.40352
vt 0.98111 0.40127
vt 0.97641 0.43087
vt 0.98034 0.43118
vt 0.97933 0.43373
vt 0.97118 0.46738
vt 0.97547 0.46688
vt 0.97471 0.46986
vt 0.97896 0.43694
vt 0.97882 0.43917
vt 0.97745 0.43895
vt 0.97695 0.44723
vt 0.97734 0.44956
vt 0.97539 0.44903
vt 0.97745 0.43895
vt 0.97882 0.43917
vt 0.97691 0.44126
vt 0.97192 0.4477
vt 0.97278 0.44192
vt 0.97637 0.4449
vt 0.97306 0.4383
vt 0.97691 0.44126
vt 0.97278 0.44192
vt 0.97637 0.4449
vt 0.97695 0.44723
vt 0.97539 0.44903
vt 0.96893 0.44016
vt 0.97306 0.4383
vt 0.97278 0.44192
vt 0.97539 0.44903
vt 0.97192 0.4477
vt 0.97637 0.4449
vt 0.97637 0.4449
vt 0.97278 0.44192
vt 0.97691 0.44126
vt 0.97691 0.44126
vt 0.97306 0.4383
vt 0.97745 0.43895
vt 0.96873 0.4289
vt 0.97641 0.43087
vt 0.97197 0.43477
vt 0.97641 0.43087
vt 0.97534 0.43471
vt 0.97197 0.43477
vt 0.97571 0.43707
vt 0.97197 0.43477
vt 0.97534 0.43471
vt 0.96873 0.4289
vt 0.97197 0.43477
vt 0.96396 0.43297
vt 0.97534 0.43471
vt 0.97721 0.43499
vt 0.97571 0.43707
vt 0.97306 0.4383
vt 0.97197 0.43477
vt 0.97571 0.43707
vt 0.97641 0.43087
vt 0.97933 0.43373
vt 0.97721 0.43499
vt 0.97197 0.43477
vt 0.97306 0.4383
vt 0.96822 0.43675
vt 0.96822 0.43675
vt 0.96349 0.43637
vt 0.96396 0.43297
vt 0.96822 0.43675
vt 0.96589 0.43816
vt 0.96349 0.43637
vt 0.97641 0.43087
vt 0.97721 0.43499
vt 0.97534 0.43471
vt 0.96589 0.43816
vt 0.96822 0.43675
vt 0.96893 0.44016
vt 0.97306 0.4383
vt 0.96893 0.44016
vt 0.96822 0.43675
vt 0.97197 0.43477
vt 0.96822 0.43675
vt 0.96396 0.43297
vt 0.97763 0.41159
vt 0.97756 0.40835
vt 0.98033 0.40903
vt 0.98033 0.40903
vt 0.97756 0.40835
vt 0.97892 0.40624
vt 0.98115 0.41705
vt 0.97904 0.41336
vt 0.98033 0.40903
vt 0.97856 0.4155
vt 0.97904 0.41336
vt 0.98115 0.41705
vt 0.97904 0.41336
vt 0.97763 0.41159
vt 0.98033 0.40903
vt 0.97843 0.42276
vt 0.974 0.42403
vt 0.97582 0.42082
vt 0.97326 0.41044
vt 0.9757 0.41047
vt 0.9739 0.4135
vt 0.9757 0.41047
vt 0.97763 0.41159
vt 0.97569 0.41281
vt 0.9757 0.41047
vt 0.97569 0.41281
vt 0.9739 0.4135
vt 0.97773 0.41378
vt 0.97763 0.41159
vt 0.97904 0.41336
vt 0.97756 0.40835
vt 0.97763 0.41159
vt 0.9757 0.41047
vt 0.96965 0.41878
vt 0.97012 0.4157
vt 0.97161 0.41661
vt 0.97569 0.41281
vt 0.97763 0.41159
vt 0.97646 0.41417
vt 0.97235 0.41485
vt 0.97121 0.41406
vt 0.97241 0.41296
vt 0.97641 0.43087
vt 0.97397 0.42726
vt 0.97843 0.42276
vt 0.97433 0.41949
vt 0.97435 0.41714
vt 0.97637 0.4176
vt 0.97569 0.41281
vt 0.97646 0.41417
vt 0.97505 0.41432
vt 0.9739 0.4135
vt 0.97505 0.41432
vt 0.97424 0.4155
vt 0.97505 0.41432
vt 0.9739 0.4135
vt 0.97569 0.41281
vt 0.974 0.42403
vt 0.97381 0.42155
vt 0.97582 0.42082
vt 0.97241 0.41296
vt 0.9739 0.4135
vt 0.97235 0.41485
vt 0.97012 0.4157
vt 0.97121 0.41406
vt 0.97161 0.41661
vt 0.97773 0.41378
vt 0.977 0.41534
vt 0.97646 0.41417
vt 0.97505 0.41432
vt 0.97646 0.41417
vt 0.97521 0.41555
vt 0.9739 0.4135
vt 0.97303 0.41664
vt 0.97235 0.41485
vt 0.97646 0.41417
vt 0.97608 0.41603
vt 0.97521 0.41555
vt 0.97303 0.41664
vt 0.9739 0.4135
vt 0.97424 0.4155
vt 0.97161 0.41661
vt 0.97235 0.41485
vt 0.97303 0.41664
vt 0.97186 0.41815
vt 0.96965 0.41878
vt 0.97161 0.41661
vt 0.97435 0.41714
vt 0.97521 0.41555
vt 0.97608 0.41603
vt 0.97435 0.41714
vt 0.97303 0.41664
vt 0.97424 0.4155
vt 0.97641 0.43087
vt 0.96873 0.4289
vt 0.97397 0.42726
vt 0.97236 0.42302
vt 0.97102 0.42149
vt 0.97248 0.42077
vt 0.97305 0.41884
vt 0.97187 0.41986
vt 0.97186 0.41815
vt 0.97187 0.41986
vt 0.96965 0.41878
vt 0.97186 0.41815
vt 0.97637 0.4176
vt 0.97435 0.41714
vt 0.97608 0.41603
vt 0.97303 0.41664
vt 0.97435 0.41714
vt 0.97305 0.41884
vt 0.97121 0.41406
vt 0.97235 0.41485
vt 0.97161 0.41661
vt 0.97521 0.41555
vt 0.97424 0.4155
vt 0.97505 0.41432
vt 0.97248 0.42077
vt 0.97433 0.41949
vt 0.97381 0.42155
vt 0.97169 0.45647
vt 0.97527 0.45926
vt 0.97104 0.4615
vt 0.97435 0.41714
vt 0.97433 0.41949
vt 0.97305 0.41884
vt 0.97637 0.4629
vt 0.97432 0.46378
vt 0.97527 0.45926
vt 0.974 0.42403
vt 0.97236 0.42302
vt 0.97381 0.42155
vt 0.96965 0.41878
vt 0.97187 0.41986
vt 0.97102 0.42149
vt 0.97381 0.42155
vt 0.97236 0.42302
vt 0.97248 0.42077
vt 0.9714 0.42496
vt 0.974 0.42403
vt 0.97148 0.42672
vt 0.97763 0.41159
vt 0.97773 0.41378
vt 0.97646 0.41417
vt 0.97248 0.42077
vt 0.97102 0.42149
vt 0.97187 0.41986
vt 0.97637 0.4176
vt 0.97582 0.42082
vt 0.97433 0.41949
vt 0.97397 0.42726
vt 0.96873 0.4289
vt 0.97148 0.42672
vt 0.97236 0.42302
vt 0.9714 0.42496
vt 0.97065 0.42353
vt 0.97065 0.42353
vt 0.97102 0.42149
vt 0.97236 0.42302
vt 0.974 0.42403
vt 0.97397 0.42726
vt 0.97148 0.42672
vt 0.97305 0.41884
vt 0.97433 0.41949
vt 0.97248 0.42077
vt 0.97397 0.42726
vt 0.974 0.42403
vt 0.97843 0.42276
vt 0.97637 0.4176
vt 0.97608 0.41603
vt 0.977 0.41534
vt 0.977 0.41534
vt 0.97608 0.41603
vt 0.97646 0.41417
vt 0.97303 0.41664
vt 0.97305 0.41884
vt 0.97186 0.41815
vt 0.9714 0.42496
vt 0.97236 0.42302
vt 0.974 0.42403
vt 0.97381 0.42155
vt 0.97433 0.41949
vt 0.97582 0.42082
vt 0.97241 0.41296
vt 0.97326 0.41044
vt 0.9739 0.4135
vt 0.97187 0.41986
vt 0.97305 0.41884
vt 0.97248 0.42077
vt 0.97424 0.4155
vt 0.97521 0.41555
vt 0.97435 0.41714
vt 0.97303 0.41664
vt 0.97186 0.41815
vt 0.97161 0.41661
vt 0.97169 0.45647
vt 0.97021 0.45265
vt 0.97299 0.45215
vt 0.9664 0.44891
vt 0.97021 0.45265
vt 0.96724 0.45668
vt 0.97104 0.4615
vt 0.96724 0.45668
vt 0.97169 0.45647
vt 0.96438 0.44454
vt 0.9664 0.44891
vt 0.96052 0.4482
vt 0.97021 0.45265
vt 0.97169 0.45647
vt 0.96724 0.45668
vt 0.97118 0.46738
vt 0.97432 0.46378
vt 0.97547 0.46688
vt 0.96958 0.44399
vt 0.97278 0.44192
vt 0.97192 0.4477
vt 0.96194 0.44154
vt 0.96438 0.44454
vt 0.96052 0.4482
vt 0.96893 0.44016
vt 0.97278 0.44192
vt 0.96958 0.44399
vt 0.96438 0.44454
vt 0.96685 0.4431
vt 0.9664 0.44891
vt 0.96523 0.4406
vt 0.96438 0.44454
vt 0.96194 0.44154
vt 0.96376 0.43866
vt 0.96523 0.4406
vt 0.96194 0.44154
vt 0.96685 0.4431
vt 0.96958 0.44399
vt 0.9664 0.44891
vt 0.96685 0.4431
vt 0.96523 0.4406
vt 0.96893 0.44016
vt 0.97021 0.45265
vt 0.9664 0.44891
vt 0.97192 0.4477
vt 0.96685 0.4431
vt 0.96893 0.44016
vt 0.96958 0.44399
vt 0.96958 0.44399
vt 0.97192 0.4477
vt 0.9664 0.44891
vt 0.96589 0.43816
vt 0.96893 0.44016
vt 0.96523 0.4406
vt 0.96685 0.4431
vt 0.96438 0.44454
vt 0.96523 0.4406
vt 0.96349 0.43637
vt 0.96589 0.43816
vt 0.96376 0.43866
vt 0.97792 0.46932
vt 0.97886 0.47077
vt 0.97766 0.4711
vt 0.96376 0.43866
vt 0.96194 0.44154
vt 0.96201 0.43805
vt 0.96056 0.43877
vt 0.96039 0.4364
vt 0.96201 0.43805
vt 0.96589 0.43816
vt 0.96523 0.4406
vt 0.96376 0.43866
vt 0.96349 0.43637
vt 0.96179 0.43484
vt 0.96396 0.43297
vt 0.95818 0.43773
vt 0.96039 0.4364
vt 0.96056 0.43877
vt 0.96179 0.43484
vt 0.96349 0.43637
vt 0.96039 0.4364
vt 0.96201 0.43805
vt 0.96039 0.4364
vt 0.96349 0.43637
vt 0.96376 0.43866
vt 0.96201 0.43805
vt 0.96349 0.43637
vt 0.96201 0.43805
vt 0.96194 0.44154
vt 0.96056 0.43877
vt 0.97299 0.45215
vt 0.97539 0.44903
vt 0.97581 0.45399
vt 0.97704 0.47207
vt 0.97642 0.46961
vt 0.97766 0.4711
vt 0.97432 0.46378
vt 0.97118 0.46738
vt 0.97104 0.4615
vt 0.97886 0.47077
vt 0.97757 0.47284
vt 0.97766 0.4711
vt 0.97757 0.47284
vt 0.97704 0.47207
vt 0.97766 0.4711
vt 0.97642 0.46961
vt 0.97792 0.46932
vt 0.97766 0.4711
vt 0.97738 0.4662
vt 0.97792 0.46932
vt 0.97642 0.46961
vt 0.97547 0.46688
vt 0.97642 0.46961
vt 0.97471 0.46986
vt 0.97547 0.46688
vt 0.97738 0.4662
vt 0.97642 0.46961
vt 0.83763 0.02276
vt 0.83503 0.02261
vt 0.83596 0.01971
vt 0.87271 0.01199
vt 0.87512 0.01682
vt 0.87107 0.01698
vt 0.87512 0.01682
vt 0.87254 0.01971
vt 0.87107 0.01698
vt 0.84505 0.02131
vt 0.84191 0.02157
vt 0.84129 0.01726
vt 0.84435 0.01281
vt 0.84784 0.01416
vt 0.84436 0.01607
vt 0.84626 0.01124
vt 0.84784 0.01416
vt 0.84435 0.01281
vt 0.83797 0.01969
vt 0.83937 0.01882
vt 0.84001 0.02293
vt 0.84436 0.01607
vt 0.84851 0.01922
vt 0.84505 0.02131
vt 0.84784 0.01416
vt 0.84851 0.01922
vt 0.84436 0.01607
vt 0.84129 0.01726
vt 0.83851 0.01523
vt 0.84151 0.01254
vt 0.83577 0.01389
vt 0.83703 0.01356
vt 0.83694 0.01532
vt 0.84355 0.01093
vt 0.84626 0.01124
vt 0.84435 0.01281
vt 0.84436 0.01607
vt 0.84505 0.02131
vt 0.84129 0.01726
vt 0.84936 0.02859
vt 0.85039 0.02424
vt 0.85377 0.02742
vt 0.84001 0.02293
vt 0.83937 0.01882
vt 0.84191 0.02157
vt 0.83797 0.01969
vt 0.83761 0.01734
vt 0.83937 0.01882
vt 0.85725 0.02614
vt 0.85377 0.02742
vt 0.85398 0.02468
vt 0.85398 0.02468
vt 0.85039 0.02424
vt 0.85257 0.02143
vt 0.85585 0.0231
vt 0.85398 0.02468
vt 0.85257 0.02143
vt 0.85257 0.02143
vt 0.84851 0.01922
vt 0.85182 0.01724
vt 0.85628 0.01832
vt 0.85585 0.0231
vt 0.85257 0.02143
vt 0.85206 0.01387
vt 0.85182 0.01724
vt 0.84784 0.01416
vt 0.84626 0.01124
vt 0.84965 0.01152
vt 0.84784 0.01416
vt 0.85585 0.0231
vt 0.85725 0.02614
vt 0.85398 0.02468
vt 0.85206 0.01387
vt 0.85426 0.01522
vt 0.85182 0.01724
vt 0.84435 0.01281
vt 0.84151 0.01254
vt 0.84355 0.01093
vt 0.84129 0.01726
vt 0.84151 0.01254
vt 0.84436 0.01607
vt 0.84436 0.01607
vt 0.84151 0.01254
vt 0.84435 0.01281
vt 0.85628 0.01832
vt 0.85893 0.02266
vt 0.85585 0.0231
vt 0.84784 0.01416
vt 0.85182 0.01724
vt 0.84851 0.01922
vt 0.8362 0.01708
vt 0.83577 0.01389
vt 0.83694 0.01532
vt 0.85978 0.019
vt 0.85893 0.02266
vt 0.85628 0.01832
vt 0.85481 0.01332
vt 0.85426 0.01522
vt 0.85206 0.01387
vt 0.84191 0.02157
vt 0.83937 0.01882
vt 0.84129 0.01726
vt 0.85893 0.02266
vt 0.86211 0.02139
vt 0.8615 0.02613
vt 0.85257 0.02143
vt 0.85039 0.02424
vt 0.84851 0.01922
vt 0.83761 0.01734
vt 0.83851 0.01523
vt 0.83937 0.01882
vt 0.85978 0.019
vt 0.86211 0.02139
vt 0.85893 0.02266
vt 0.85941 0.01532
vt 0.86224 0.01684
vt 0.85978 0.019
vt 0.86224 0.01684
vt 0.85941 0.01532
vt 0.86237 0.0136
vt 0.85481 0.01332
vt 0.85682 0.0147
vt 0.85426 0.01522
vt 0.85941 0.01532
vt 0.85978 0.019
vt 0.85628 0.01832
vt 0.83143 0.02284
vt 0.82936 0.01958
vt 0.83323 0.01899
vt 0.8615 0.02613
vt 0.86451 0.02249
vt 0.86623 0.02465
vt 0.86657 0.01388
vt 0.8653 0.01578
vt 0.86496 0.01228
vt 0.85682 0.0147
vt 0.85941 0.01532
vt 0.85628 0.01832
vt 0.86224 0.01684
vt 0.86211 0.02139
vt 0.85978 0.019
vt 0.86467 0.01924
vt 0.8653 0.01578
vt 0.86643 0.01823
vt 0.83851 0.01523
vt 0.83761 0.01734
vt 0.83694 0.01532
vt 0.86643 0.01823
vt 0.86748 0.01996
vt 0.86467 0.01924
vt 0.8653 0.01578
vt 0.86467 0.01924
vt 0.86224 0.01684
vt 0.8653 0.01578
vt 0.86224 0.01684
vt 0.86237 0.0136
vt 0.86643 0.01823
vt 0.8653 0.01578
vt 0.86717 0.0172
vt 0.86717 0.01248
vt 0.8696 0.01358
vt 0.86784 0.01417
vt 0.8653 0.01578
vt 0.86237 0.0136
vt 0.86496 0.01228
vt 0.8696 0.01358
vt 0.86849 0.01617
vt 0.86784 0.01417
vt 0.8653 0.01578
vt 0.86713 0.01532
vt 0.86717 0.0172
vt 0.85725 0.02614
vt 0.85893 0.02266
vt 0.8615 0.02613
vt 0.86467 0.01924
vt 0.86748 0.01996
vt 0.86451 0.02249
vt 0.86748 0.01996
vt 0.86643 0.01823
vt 0.86717 0.0172
vt 0.86849 0.01617
vt 0.86713 0.01532
vt 0.86784 0.01417
vt 0.87107 0.01698
vt 0.86849 0.01617
vt 0.8696 0.01358
vt 0.86496 0.01228
vt 0.86717 0.01248
vt 0.86657 0.01388
vt 0.86717 0.0172
vt 0.86849 0.01617
vt 0.86748 0.01996
vt 0.86717 0.01248
vt 0.86784 0.01417
vt 0.86657 0.01388
vt 0.85585 0.0231
vt 0.85893 0.02266
vt 0.85725 0.02614
vt 0.86849 0.01617
vt 0.87107 0.01698
vt 0.86748 0.01996
vt 0.84936 0.02859
vt 0.84547 0.02867
vt 0.84386 0.02523
vt 0.84338 0.02731
vt 0.84163 0.02627
vt 0.84386 0.02523
vt 0.84191 0.02157
vt 0.84505 0.02131
vt 0.84386 0.02523
vt 0.84191 0.02157
vt 0.84386 0.02523
vt 0.84001 0.02293
vt 0.86713 0.01532
vt 0.86849 0.01617
vt 0.86717 0.0172
vt 0.84001 0.02293
vt 0.84386 0.02523
vt 0.84163 0.02627
vt 0.84163 0.02627
vt 0.83933 0.02533
vt 0.84001 0.02293
vt 0.84851 0.01922
vt 0.85039 0.02424
vt 0.84505 0.02131
vt 0.84505 0.02131
vt 0.85039 0.02424
vt 0.84936 0.02859
vt 0.84386 0.02523
vt 0.84547 0.02867
vt 0.84338 0.02731
vt 0.85039 0.02424
vt 0.85398 0.02468
vt 0.85377 0.02742
vt 0.84505 0.02131
vt 0.84936 0.02859
vt 0.84386 0.02523
vt 0.8696 0.01358
vt 0.87041 0.01108
vt 0.87271 0.01199
vt 0.85426 0.01522
vt 0.85682 0.0147
vt 0.85628 0.01832
vt 0.86856 0.01135
vt 0.87041 0.01108
vt 0.8696 0.01358
vt 0.86713 0.01532
vt 0.8653 0.01578
vt 0.86657 0.01388
vt 0.83839 0.01206
vt 0.84151 0.01254
vt 0.83851 0.01523
vt 0.83703 0.01356
vt 0.83839 0.01206
vt 0.83851 0.01523
vt 0.83703 0.01356
vt 0.83697 0.0119
vt 0.83839 0.01206
vt 0.86451 0.02249
vt 0.86748 0.01996
vt 0.86623 0.02465
vt 0.86211 0.02139
vt 0.86467 0.01924
vt 0.86451 0.02249
vt 0.8696 0.01358
vt 0.86717 0.01248
vt 0.86856 0.01135
vt 0.86451 0.02249
vt 0.8615 0.02613
vt 0.86211 0.02139
vt 0.86657 0.01388
vt 0.86784 0.01417
vt 0.86713 0.01532
vt 0.85628 0.01832
vt 0.85257 0.02143
vt 0.85182 0.01724
vt 0.85628 0.01832
vt 0.85182 0.01724
vt 0.85426 0.01522
vt 0.86467 0.01924
vt 0.86211 0.02139
vt 0.86224 0.01684
vt 0.85206 0.01387
vt 0.84784 0.01416
vt 0.84965 0.01152
vt 0.82936 0.01958
vt 0.83143 0.02284
vt 0.82826 0.02299
vt 0.83658 0.02575
vt 0.83379 0.02462
vt 0.83503 0.02261
vt 0.83694 0.01532
vt 0.83761 0.01734
vt 0.8362 0.01708
vt 0.83323 0.01899
vt 0.83503 0.02261
vt 0.83143 0.02284
vt 0.83763 0.02276
vt 0.83933 0.02533
vt 0.83658 0.02575
vt 0.83503 0.02261
vt 0.83323 0.01899
vt 0.83596 0.01971
vt 0.83379 0.02462
vt 0.83143 0.02284
vt 0.83503 0.02261
vt 0.84001 0.02293
vt 0.83933 0.02533
vt 0.83763 0.02276
vt 0.83763 0.02276
vt 0.83658 0.02575
vt 0.83503 0.02261
vt 0.82936 0.01958
vt 0.83105 0.01707
vt 0.83323 0.01899
vt 0.83596 0.01971
vt 0.83496 0.01767
vt 0.8362 0.01708
vt 0.83703 0.01356
vt 0.83851 0.01523
vt 0.83694 0.01532
vt 0.83937 0.01882
vt 0.83851 0.01523
vt 0.84129 0.01726
vt 0.83797 0.01969
vt 0.83763 0.02276
vt 0.83596 0.01971
vt 0.83697 0.0119
vt 0.83703 0.01356
vt 0.83577 0.01389
vt 0.83596 0.01971
vt 0.8362 0.01708
vt 0.83797 0.01969
vt 0.83323 0.01899
vt 0.83368 0.01555
vt 0.83496 0.01767
vt 0.83368 0.01555
vt 0.83323 0.01899
vt 0.83105 0.01707
vt 0.83763 0.02276
vt 0.83797 0.01969
vt 0.84001 0.02293
vt 0.83761 0.01734
vt 0.83797 0.01969
vt 0.8362 0.01708
vt 0.83577 0.01389
vt 0.8362 0.01708
vt 0.83368 0.01555
vt 0.87533 0.0224
vt 0.87701 0.01934
vt 0.87824 0.0211
vt 0.87271 0.01199
vt 0.87107 0.01698
vt 0.8696 0.01358
vt 0.87824 0.0211
vt 0.87982 0.02242
vt 0.87739 0.02306
vt 0.87512 0.01682
vt 0.87701 0.01934
vt 0.87533 0.0224
vt 0.83596 0.01971
vt 0.83323 0.01899
vt 0.83496 0.01767
vt 0.87512 0.01682
vt 0.87302 0.02218
vt 0.87254 0.01971
vt 0.87254 0.01971
vt 0.87302 0.02218
vt 0.86997 0.0225
vt 0.87302 0.02218
vt 0.87533 0.0224
vt 0.87302 0.02494
vt 0.86748 0.01996
vt 0.86997 0.0225
vt 0.86623 0.02465
vt 0.87824 0.0211
vt 0.87739 0.02306
vt 0.87533 0.0224
vt 0.87533 0.0224
vt 0.87302 0.02218
vt 0.87512 0.01682
vt 0.86997 0.0225
vt 0.86748 0.01996
vt 0.87107 0.01698
vt 0.87107 0.01698
vt 0.87254 0.01971
vt 0.86997 0.0225
vt 0.87302 0.02218
vt 0.87129 0.02461
vt 0.86997 0.0225
vt 0.86859 0.02605
vt 0.86997 0.0225
vt 0.87129 0.02461
vt 0.83496 0.01767
vt 0.83368 0.01555
vt 0.8362 0.01708
vt 0.86623 0.02465
vt 0.86997 0.0225
vt 0.86859 0.02605
vt 0.87302 0.02218
vt 0.87302 0.02494
vt 0.87129 0.02461
vt 0.59215 0.95458
vt 0.59381 0.95197
vt 0.59549 0.95359
vt 0.58991 0.96517
vt 0.58641 0.96754
vt 0.58751 0.96397
vt 0.58601 0.95327
vt 0.5852 0.94747
vt 0.59028 0.94837
vt 0.59171 0.95114
vt 0.59362 0.94882
vt 0.59381 0.95197
vt 0.58904 0.96233
vt 0.58729 0.96077
vt 0.58909 0.95988
vt 0.61547 0.96165
vt 0.61935 0.96144
vt 0.61597 0.96357
vt 0.59381 0.95197
vt 0.59362 0.94882
vt 0.59669 0.95028
vt 0.59549 0.95359
vt 0.59669 0.95028
vt 0.59814 0.9522
vt 0.61547 0.96165
vt 0.61769 0.95997
vt 0.61935 0.96144
vt 0.6007 0.95456
vt 0.60183 0.95272
vt 0.60223 0.95506
vt 0.5922 0.96709
vt 0.59456 0.96368
vt 0.5952 0.96961
vt 0.60223 0.95506
vt 0.60183 0.95272
vt 0.60481 0.95307
vt 0.59216 0.97206
vt 0.59122 0.97034
vt 0.59268 0.96996
vt 0.59093 0.95809
vt 0.58909 0.95988
vt 0.58569 0.95781
vt 0.59171 0.95114
vt 0.58601 0.95327
vt 0.59028 0.94837
vt 0.58987 0.95601
vt 0.58569 0.95781
vt 0.58601 0.95327
vt 0.59052 0.9606
vt 0.59324 0.96031
vt 0.59087 0.96235
vt 0.59549 0.95359
vt 0.59433 0.95662
vt 0.59215 0.95458
vt 0.61895 0.96536
vt 0.61552 0.96929
vt 0.61339 0.96604
vt 0.58982 0.96902
vt 0.5922 0.96709
vt 0.59122 0.97034
vt 0.59122 0.97034
vt 0.58978 0.97228
vt 0.58982 0.96902
vt 0.60481 0.95307
vt 0.60641 0.95475
vt 0.60429 0.95621
vt 0.58641 0.96754
vt 0.58982 0.96902
vt 0.58782 0.97103
vt 0.59083 0.97607
vt 0.5886 0.9746
vt 0.58978 0.97228
vt 0.58782 0.97103
vt 0.58978 0.97228
vt 0.58821 0.97312
vt 0.59324 0.96031
vt 0.59201 0.96379
vt 0.59087 0.96235
vt 0.59201 0.96379
vt 0.5922 0.96709
vt 0.58991 0.96517
vt 0.58751 0.96397
vt 0.58729 0.96077
vt 0.58904 0.96233
vt 0.59122 0.97034
vt 0.5922 0.96709
vt 0.59268 0.96996
vt 0.60915 0.96276
vt 0.60957 0.96415
vt 0.60664 0.96426
vt 0.61547 0.96165
vt 0.61329 0.96121
vt 0.61527 0.95994
vt 0.59394 0.97748
vt 0.59083 0.97607
vt 0.59313 0.97609
vt 0.59469 0.97572
vt 0.59394 0.97748
vt 0.59313 0.97609
vt 0.60965 0.96712
vt 0.60753 0.96658
vt 0.61039 0.9655
vt 0.60612 0.97611
vt 0.60142 0.97521
vt 0.6059 0.97205
vt 0.59758 0.97715
vt 0.59394 0.97748
vt 0.59773 0.97461
vt 0.6008 0.96846
vt 0.602 0.96688
vt 0.60248 0.96851
vt 0.59773 0.97461
vt 0.60142 0.97521
vt 0.59758 0.97715
vt 0.61935 0.96144
vt 0.61895 0.96536
vt 0.61597 0.96357
vt 0.5922 0.96709
vt 0.59201 0.96379
vt 0.59456 0.96368
vt 0.59891 0.9691
vt 0.60108 0.96992
vt 0.59845 0.97161
vt 0.60437 0.96318
vt 0.60355 0.96537
vt 0.60081 0.96456
vt 0.59891 0.9691
vt 0.59845 0.97161
vt 0.5952 0.96961
vt 0.60151 0.97215
vt 0.60142 0.97521
vt 0.59773 0.97461
vt 0.5952 0.96961
vt 0.59826 0.96697
vt 0.59891 0.9691
vt 0.59083 0.97607
vt 0.58978 0.97228
vt 0.59216 0.97206
vt 0.61263 0.96341
vt 0.61597 0.96357
vt 0.61339 0.96604
vt 0.60437 0.96318
vt 0.60653 0.9617
vt 0.60664 0.96426
vt 0.59998 0.9673
vt 0.59891 0.9691
vt 0.59826 0.96697
vt 0.61935 0.96144
vt 0.62514 0.96173
vt 0.61895 0.96536
vt 0.61339 0.96604
vt 0.61597 0.96357
vt 0.61895 0.96536
vt 0.61527 0.95994
vt 0.61769 0.95997
vt 0.61547 0.96165
vt 0.61329 0.96121
vt 0.61547 0.96165
vt 0.61263 0.96341
vt 0.60151 0.97215
vt 0.59845 0.97161
vt 0.60108 0.96992
vt 0.60108 0.96992
vt 0.59891 0.9691
vt 0.6008 0.96846
vt 0.59998 0.9673
vt 0.59826 0.96697
vt 0.60081 0.96456
vt 0.61039 0.96942
vt 0.61552 0.96929
vt 0.61132 0.97315
vt 0.60481 0.95307
vt 0.60429 0.95621
vt 0.60223 0.95506
vt 0.61782 0.95785
vt 0.61527 0.95994
vt 0.6148 0.95835
vt 0.60836 0.96173
vt 0.60915 0.96276
vt 0.60664 0.96426
vt 0.59773 0.97461
vt 0.59845 0.97161
vt 0.60151 0.97215
vt 0.60454 0.96706
vt 0.60753 0.96658
vt 0.60564 0.96807
vt 0.58991 0.96517
vt 0.58982 0.96902
vt 0.58641 0.96754
vt 0.60836 0.96173
vt 0.61014 0.96095
vt 0.60915 0.96276
vt 0.58991 0.96517
vt 0.58751 0.96397
vt 0.58904 0.96233
vt 0.6059 0.97205
vt 0.61132 0.97315
vt 0.60612 0.97611
vt 0.58909 0.95988
vt 0.58729 0.96077
vt 0.58569 0.95781
vt 0.6059 0.97205
vt 0.60402 0.96962
vt 0.6072 0.96865
vt 0.61243 0.95997
vt 0.61113 0.96227
vt 0.61014 0.96095
vt 0.61132 0.97315
vt 0.6059 0.97205
vt 0.61039 0.96942
vt 0.58909 0.95988
vt 0.59052 0.9606
vt 0.58904 0.96233
vt 0.59595 0.97334
vt 0.59773 0.97461
vt 0.59469 0.97572
vt 0.59469 0.97572
vt 0.59313 0.97609
vt 0.59368 0.97409
vt 0.6072 0.96865
vt 0.60402 0.96962
vt 0.60564 0.96807
vt 0.61243 0.95997
vt 0.6148 0.95835
vt 0.61527 0.95994
vt 0.59368 0.97409
vt 0.5952 0.96961
vt 0.59595 0.97334
vt 0.59216 0.97206
vt 0.59368 0.97409
vt 0.59083 0.97607
vt 0.59469 0.97572
vt 0.59368 0.97409
vt 0.59595 0.97334
vt 0.59083 0.97607
vt 0.59368 0.97409
vt 0.59313 0.97609
vt 0.5952 0.96961
vt 0.59368 0.97409
vt 0.59216 0.97206
vt 0.60454 0.96706
vt 0.60355 0.96537
vt 0.60664 0.96426
vt 0.60151 0.97215
vt 0.6059 0.97205
vt 0.60142 0.97521
vt 0.61113 0.96227
vt 0.61243 0.95997
vt 0.61329 0.96121
vt 0.59773 0.97461
vt 0.59394 0.97748
vt 0.59469 0.97572
vt 0.5952 0.96961
vt 0.59216 0.97206
vt 0.59268 0.96996
vt 0.60957 0.96415
vt 0.60915 0.96276
vt 0.61113 0.96227
vt 0.6059 0.97205
vt 0.6072 0.96865
vt 0.61039 0.96942
vt 0.60248 0.96851
vt 0.60402 0.96962
vt 0.60108 0.96992
vt 0.60081 0.96456
vt 0.60355 0.96537
vt 0.602 0.96688
vt 0.60454 0.96706
vt 0.60248 0.96851
vt 0.602 0.96688
vt 0.61039 0.9655
vt 0.61263 0.96341
vt 0.61339 0.96604
vt 0.60915 0.96276
vt 0.61014 0.96095
vt 0.61113 0.96227
vt 0.60248 0.96851
vt 0.60454 0.96706
vt 0.60402 0.96962
vt 0.61263 0.96341
vt 0.61547 0.96165
vt 0.61597 0.96357
vt 0.60957 0.96415
vt 0.61039 0.9655
vt 0.60753 0.96658
vt 0.60402 0.96962
vt 0.60454 0.96706
vt 0.60564 0.96807
vt 0.60355 0.96537
vt 0.60437 0.96318
vt 0.60664 0.96426
vt 0.61113 0.96227
vt 0.61329 0.96121
vt 0.61263 0.96341
vt 0.60753 0.96658
vt 0.60454 0.96706
vt 0.60664 0.96426
vt 0.6008 0.96846
vt 0.59891 0.9691
vt 0.59998 0.9673
vt 0.58904 0.96233
vt 0.59087 0.96235
vt 0.58991 0.96517
vt 0.59549 0.95359
vt 0.59381 0.95197
vt 0.59669 0.95028
vt 0.60957 0.96415
vt 0.61113 0.96227
vt 0.61263 0.96341
vt 0.61527 0.95994
vt 0.61782 0.95785
vt 0.61769 0.95997
vt 0.602 0.96688
vt 0.59998 0.9673
vt 0.60081 0.96456
vt 0.60402 0.96962
vt 0.6059 0.97205
vt 0.60151 0.97215
vt 0.6008 0.96846
vt 0.60248 0.96851
vt 0.60108 0.96992
vt 0.60753 0.96658
vt 0.6072 0.96865
vt 0.60564 0.96807
vt 0.6072 0.96865
vt 0.60965 0.96712
vt 0.61039 0.96942
vt 0.60753 0.96658
vt 0.60664 0.96426
vt 0.60957 0.96415
vt 0.59845 0.97161
vt 0.59773 0.97461
vt 0.59595 0.97334
vt 0.60664 0.96426
vt 0.60653 0.9617
vt 0.60836 0.96173
vt 0.61039 0.96942
vt 0.61339 0.96604
vt 0.61552 0.96929
vt 0.61339 0.96604
vt 0.60965 0.96712
vt 0.61039 0.9655
vt 0.60965 0.96712
vt 0.61339 0.96604
vt 0.61039 0.96942
vt 0.59052 0.9606
vt 0.59087 0.96235
vt 0.58904 0.96233
vt 0.60402 0.96962
vt 0.60151 0.97215
vt 0.60108 0.96992
vt 0.6072 0.96865
vt 0.60753 0.96658
vt 0.60965 0.96712
vt 0.61527 0.95994
vt 0.61329 0.96121
vt 0.61243 0.95997
vt 0.602 0.96688
vt 0.6008 0.96846
vt 0.59998 0.9673
vt 0.5922 0.96709
vt 0.5952 0.96961
vt 0.59268 0.96996
vt 0.60081 0.96456
vt 0.59826 0.96697
vt 0.59748 0.96436
vt 0.60008 0.95654
vt 0.59925 0.95892
vt 0.59795 0.95818
vt 0.59718 0.9548
vt 0.59433 0.95662
vt 0.59549 0.95359
vt 0.59619 0.95764
vt 0.59795 0.95818
vt 0.59588 0.96012
vt 0.5886 0.9746
vt 0.58821 0.97312
vt 0.58978 0.97228
vt 0.61604 0.97237
vt 0.61132 0.97315
vt 0.61552 0.96929
vt 0.60957 0.96415
vt 0.61263 0.96341
vt 0.61039 0.9655
vt 0.59595 0.97334
vt 0.5952 0.96961
vt 0.59845 0.97161
vt 0.60355 0.96537
vt 0.60454 0.96706
vt 0.602 0.96688
vt 0.60162 0.95778
vt 0.60429 0.95621
vt 0.60409 0.96007
vt 0.59619 0.95764
vt 0.59324 0.96031
vt 0.59433 0.95662
vt 0.59201 0.96379
vt 0.59324 0.96031
vt 0.59456 0.96368
vt 0.61243 0.95997
vt 0.60942 0.95855
vt 0.61302 0.95802
vt 0.59324 0.96031
vt 0.59619 0.95764
vt 0.59588 0.96012
vt 0.60409 0.96007
vt 0.60437 0.96318
vt 0.60081 0.96456
vt 0.60223 0.95506
vt 0.60429 0.95621
vt 0.60162 0.95778
vt 0.60008 0.95654
vt 0.59861 0.95575
vt 0.6007 0.95456
vt 0.59588 0.96012
vt 0.59456 0.96368
vt 0.59324 0.96031
vt 0.60429 0.95621
vt 0.60669 0.95701
vt 0.60409 0.96007
vt 0.59718 0.9548
vt 0.59861 0.95575
vt 0.59619 0.95764
vt 0.60942 0.95855
vt 0.61069 0.95574
vt 0.61248 0.95604
vt 0.60409 0.96007
vt 0.59992 0.96109
vt 0.60162 0.95778
vt 0.60942 0.95855
vt 0.61248 0.95604
vt 0.61302 0.95802
vt 0.60669 0.95701
vt 0.60641 0.95475
vt 0.60874 0.95527
vt 0.59433 0.95662
vt 0.59718 0.9548
vt 0.59619 0.95764
vt 0.59992 0.96109
vt 0.60081 0.96456
vt 0.59748 0.96436
vt 0.60942 0.95855
vt 0.60409 0.96007
vt 0.60669 0.95701
vt 0.60669 0.95701
vt 0.60874 0.95527
vt 0.60942 0.95855
vt 0.60641 0.95475
vt 0.60669 0.95701
vt 0.60429 0.95621
vt 0.60942 0.95855
vt 0.61243 0.95997
vt 0.61014 0.96095
vt 0.60874 0.95527
vt 0.61069 0.95574
vt 0.60942 0.95855
vt 0.60409 0.96007
vt 0.60081 0.96456
vt 0.59992 0.96109
vt 0.6007 0.95456
vt 0.60223 0.95506
vt 0.60008 0.95654
vt 0.60653 0.9617
vt 0.60409 0.96007
vt 0.60942 0.95855
vt 0.61243 0.95997
vt 0.61302 0.95802
vt 0.6148 0.95835
vt 0.59456 0.96368
vt 0.59748 0.96436
vt 0.5952 0.96961
vt 0.58978 0.97228
vt 0.59122 0.97034
vt 0.59216 0.97206
vt 0.58978 0.97228
vt 0.58782 0.97103
vt 0.58982 0.96902
vt 0.59588 0.96012
vt 0.59738 0.96099
vt 0.59456 0.96368
vt 0.59456 0.96368
vt 0.59738 0.96099
vt 0.59748 0.96436
vt 0.60942 0.95855
vt 0.61014 0.96095
vt 0.60836 0.96173
vt 0.60409 0.96007
vt 0.60653 0.9617
vt 0.60437 0.96318
vt 0.60942 0.95855
vt 0.60836 0.96173
vt 0.60653 0.9617
vt 0.58991 0.96517
vt 0.5922 0.96709
vt 0.58982 0.96902
vt 0.60183 0.95272
vt 0.6007 0.95456
vt 0.59952 0.95344
vt 0.60162 0.95778
vt 0.59992 0.96109
vt 0.59925 0.95892
vt 0.60162 0.95778
vt 0.59925 0.95892
vt 0.60008 0.95654
vt 0.59861 0.95575
vt 0.60008 0.95654
vt 0.59795 0.95818
vt 0.6007 0.95456
vt 0.59861 0.95575
vt 0.59952 0.95344
vt 0.60162 0.95778
vt 0.60008 0.95654
vt 0.60223 0.95506
vt 0.5952 0.96961
vt 0.59748 0.96436
vt 0.59826 0.96697
vt 0.59814 0.9522
vt 0.59718 0.9548
vt 0.59549 0.95359
vt 0.59952 0.95344
vt 0.59814 0.9522
vt 0.60067 0.95122
vt 0.59814 0.9522
vt 0.59952 0.95344
vt 0.59718 0.9548
vt 0.59925 0.95892
vt 0.59738 0.96099
vt 0.59795 0.95818
vt 0.58569 0.95781
vt 0.58987 0.95601
vt 0.59093 0.95809
vt 0.59992 0.96109
vt 0.59748 0.96436
vt 0.59738 0.96099
vt 0.59588 0.96012
vt 0.59795 0.95818
vt 0.59738 0.96099
vt 0.59952 0.95344
vt 0.59861 0.95575
vt 0.59718 0.9548
vt 0.59795 0.95818
vt 0.59619 0.95764
vt 0.59861 0.95575
vt 0.59925 0.95892
vt 0.59992 0.96109
vt 0.59738 0.96099
vt 0.60067 0.95122
vt 0.60183 0.95272
vt 0.59952 0.95344
vt 0.58991 0.96517
vt 0.59087 0.96235
vt 0.59201 0.96379
vt 0.58909 0.95988
vt 0.59093 0.95809
vt 0.59052 0.9606
vt 0.59215 0.95458
vt 0.59174 0.9527
vt 0.59381 0.95197
vt 0.58601 0.95327
vt 0.59215 0.95458
vt 0.58987 0.95601
vt 0.58987 0.95601
vt 0.59215 0.95458
vt 0.59093 0.95809
vt 0.59052 0.9606
vt 0.59093 0.95809
vt 0.59324 0.96031
vt 0.59174 0.9527
vt 0.59215 0.95458
vt 0.58601 0.95327
vt 0.59215 0.95458
vt 0.59433 0.95662
vt 0.59093 0.95809
vt 0.59028 0.94837
vt 0.59362 0.94882
vt 0.59171 0.95114
vt 0.59433 0.95662
vt 0.59324 0.96031
vt 0.59093 0.95809
vt 0.59174 0.9527
vt 0.58601 0.95327
vt 0.59171 0.95114
vt 0.59381 0.95197
vt 0.59174 0.9527
vt 0.59171 0.95114
vt 0.02014 0.50506
vt 0.02409 0.50105
vt 0.03207 0.50647
vt 0.03207 0.50647
vt 0.0226 0.51163
vt 0.02014 0.50506
vt 0.0226 0.51163
vt 0.01542 0.51156
vt 0.02014 0.50506
vt 0.01981 0.51376
vt 0.01542 0.51156
vt 0.0226 0.51163
vt 0.00828 0.50905
vt 0.01542 0.51156
vt 0.00562 0.51391
vt 0.0226 0.51163
vt 0.02187 0.51651
vt 0.01981 0.51376
vt 0.04307 0.52582
vt 0.04363 0.52969
vt 0.04025 0.52695
vt 0.03818 0.53248
vt 0.03477 0.52702
vt 0.04025 0.52695
vt 0.01241 0.51566
vt 0.0102 0.51921
vt 0.00562 0.51391
vt 0.00562 0.51391
vt 0.01542 0.51156
vt 0.01241 0.51566
vt 0.03513 0.51385
vt 0.02656 0.51697
vt 0.03207 0.50647
vt 0.01241 0.51566
vt 0.01542 0.51156
vt 0.01684 0.51616
vt 0.03513 0.51385
vt 0.03163 0.52185
vt 0.02656 0.51697
vt 0.03163 0.52185
vt 0.03513 0.51385
vt 0.03746 0.51732
vt 0.01684 0.51616
vt 0.01891 0.51547
vt 0.01873 0.51729
vt 0.0457 0.53099
vt 0.04363 0.52969
vt 0.04554 0.52782
vt 0.03746 0.51732
vt 0.03551 0.52204
vt 0.03163 0.52185
vt 0.0203 0.52074
vt 0.01993 0.51798
vt 0.02247 0.52279
vt 0.02576 0.52716
vt 0.02247 0.52279
vt 0.02656 0.51697
vt 0.0203 0.52074
vt 0.02247 0.52279
vt 0.01785 0.52288
vt 0.03163 0.52185
vt 0.03551 0.52204
vt 0.03477 0.52702
vt 0.04363 0.52969
vt 0.04307 0.52582
vt 0.04554 0.52782
vt 0.02898 0.53172
vt 0.03163 0.52185
vt 0.03477 0.52702
vt 0.01432 0.52333
vt 0.0146 0.51992
vt 0.01785 0.52288
vt 0.04025 0.52695
vt 0.04116 0.52286
vt 0.04173 0.52519
vt 0.02187 0.51651
vt 0.01891 0.51547
vt 0.01981 0.51376
vt 0.01981 0.51376
vt 0.01891 0.51547
vt 0.01542 0.51156
vt 0.03163 0.52185
vt 0.02576 0.52716
vt 0.02656 0.51697
vt 0.03477 0.52702
vt 0.03535 0.53411
vt 0.02898 0.53172
vt 0.0146 0.51992
vt 0.0102 0.51921
vt 0.01241 0.51566
vt 0.01432 0.52333
vt 0.01785 0.52288
vt 0.01276 0.52737
vt 0.04025 0.52695
vt 0.03834 0.52138
vt 0.04116 0.52286
vt 0.01619 0.49588
vt 0.03064 0.49728
vt 0.02409 0.50105
vt 0.01873 0.51729
vt 0.01993 0.51798
vt 0.01817 0.51914
vt 0.00565 0.52102
vt 0.0014 0.52096
vt 0.00562 0.51391
vt 0.01891 0.51547
vt 0.02187 0.51651
vt 0.01993 0.51798
vt 0.02247 0.52279
vt 0.01993 0.51798
vt 0.02187 0.51651
vt 0.03163 0.52185
vt 0.02898 0.53172
vt 0.02576 0.52716
vt 0.01276 0.52737
vt 0.01785 0.52288
vt 0.01852 0.52937
vt 0.01817 0.51914
vt 0.0203 0.52074
vt 0.01785 0.52288
vt 0.01873 0.51729
vt 0.01891 0.51547
vt 0.01993 0.51798
vt 0.00828 0.50905
vt 0.01155 0.50338
vt 0.01542 0.51156
vt 0.01785 0.52288
vt 0.02247 0.52279
vt 0.01852 0.52937
vt 0.01817 0.51914
vt 0.01785 0.52288
vt 0.0146 0.51992
vt 0.0102 0.51921
vt 0.0083 0.52209
vt 0.00565 0.52102
vt 0.02656 0.51697
vt 0.02247 0.52279
vt 0.02187 0.51651
vt 0.01542 0.51156
vt 0.01155 0.50338
vt 0.02014 0.50506
vt 0.02178 0.49234
vt 0.02603 0.49151
vt 0.03064 0.49728
vt 0.0226 0.51163
vt 0.03207 0.50647
vt 0.02656 0.51697
vt 0.01817 0.51914
vt 0.0146 0.51992
vt 0.01684 0.51616
vt 0.01241 0.51566
vt 0.01684 0.51616
vt 0.0146 0.51992
vt 0.0146 0.51992
vt 0.01432 0.52333
vt 0.01093 0.52388
vt 0.04025 0.52695
vt 0.041 0.53198
vt 0.03818 0.53248
vt 0.01093 0.52388
vt 0.0083 0.52209
vt 0.0102 0.51921
vt 0.03834 0.52138
vt 0.03551 0.52204
vt 0.03746 0.51732
vt 0.03834 0.52138
vt 0.03477 0.52702
vt 0.03551 0.52204
vt 0.04307 0.52582
vt 0.04173 0.52519
vt 0.04116 0.52286
vt 0.02656 0.51697
vt 0.02187 0.51651
vt 0.0226 0.51163
vt 0.01684 0.51616
vt 0.01542 0.51156
vt 0.01891 0.51547
vt 0.01873 0.51729
vt 0.01817 0.51914
vt 0.01684 0.51616
vt 0.0203 0.52074
vt 0.01817 0.51914
vt 0.01993 0.51798
vt 0.00565 0.52102
vt 0.00562 0.51391
vt 0.0102 0.51921
vt 0.01093 0.52388
vt 0.0102 0.51921
vt 0.0146 0.51992
vt 0.01093 0.52388
vt 0.01432 0.52333
vt 0.01276 0.52737
vt 0.03535 0.53411
vt 0.03477 0.52702
vt 0.03818 0.53248
vt 0.03834 0.52138
vt 0.04025 0.52695
vt 0.03477 0.52702
vt 0.01619 0.49588
vt 0.02409 0.50105
vt 0.02014 0.50506
vt 0.04173 0.52519
vt 0.04307 0.52582
vt 0.04025 0.52695
vt 0.04363 0.52969
vt 0.041 0.53198
vt 0.04025 0.52695
vt 0.02178 0.49234
vt 0.03064 0.49728
vt 0.01619 0.49588
vt 0.01155 0.50338
vt 0.01619 0.49588
vt 0.02014 0.50506
vt 0.02409 0.50105
vt 0.03064 0.49728
vt 0.03207 0.50647
vt 0.98291 0.92859
vt 0.98162 0.92561
vt 0.98357 0.92728
vt 0.98357 0.92728
vt 0.98162 0.92561
vt 0.98327 0.92517
vt 0.98327 0.92517
vt 0.98162 0.92561
vt 0.98173 0.92285
vt 0.00789 0.45453
vt 0.00694 0.44962
vt 0.00972 0.4531
vt 0.01063 0.44878
vt 0.01105 0.44804
vt 0.01278 0.45001
vt 0.01075 0.45667
vt 0.01235 0.45574
vt 0.01347 0.4593
vt 0.02353 0.45119
vt 0.02502 0.45403
vt 0.02202 0.45324
vt 0.0232 0.45677
vt 0.02205 0.45872
vt 0.02117 0.45589
vt 0.02502 0.45403
vt 0.02313 0.45496
vt 0.02202 0.45324
vt 0.02353 0.45119
vt 0.02585 0.45123
vt 0.02502 0.45403
vt 0.01235 0.45574
vt 0.01168 0.4524
vt 0.01409 0.45497
vt 0.02447 0.44924
vt 0.02531 0.45028
vt 0.02353 0.45119
vt 0.02313 0.45496
vt 0.0232 0.45677
vt 0.0215 0.45458
vt 0.02207 0.45442
vt 0.02202 0.45324
vt 0.02313 0.45496
vt 0.0215 0.45458
vt 0.02202 0.45324
vt 0.02207 0.45442
vt 0.0215 0.45458
vt 0.0232 0.45677
vt 0.02117 0.45589
vt 0.01693 0.45323
vt 0.01556 0.45123
vt 0.01737 0.45175
vt 0.01574 0.44938
vt 0.01775 0.45004
vt 0.01737 0.45175
vt 0.0013 0.45571
vt 0.00436 0.45043
vt 0.00789 0.45453
vt 0.01219 0.44721
vt 0.01278 0.45001
vt 0.01105 0.44804
vt 0.01619 0.46027
vt 0.01467 0.45776
vt 0.01667 0.45716
vt 0.01168 0.4524
vt 0.00972 0.4531
vt 0.0095 0.45049
vt 0.01168 0.4524
vt 0.01235 0.45574
vt 0.00972 0.4531
vt 0.02205 0.45872
vt 0.01987 0.45615
vt 0.02117 0.45589
vt 0.01952 0.45825
vt 0.01987 0.45615
vt 0.02205 0.45872
vt 0.01925 0.46054
vt 0.01952 0.45825
vt 0.02166 0.46122
vt 0.01667 0.45716
vt 0.01925 0.46054
vt 0.01619 0.46027
vt 0.0195 0.45259
vt 0.02202 0.45324
vt 0.0215 0.45458
vt 0.01925 0.46054
vt 0.02166 0.46122
vt 0.02178 0.46268
vt 0.01775 0.45004
vt 0.0195 0.45259
vt 0.01737 0.45175
vt 0.01574 0.44938
vt 0.01737 0.45175
vt 0.01556 0.45123
vt 0.01911 0.45424
vt 0.0195 0.45259
vt 0.0215 0.45458
vt 0.01911 0.45424
vt 0.01737 0.45175
vt 0.0195 0.45259
vt 0.01737 0.45175
vt 0.01911 0.45424
vt 0.01693 0.45323
vt 0.01911 0.45424
vt 0.0215 0.45458
vt 0.02117 0.45589
vt 0.02313 0.45496
vt 0.0215 0.45458
vt 0.02207 0.45442
vt 0.01278 0.45001
vt 0.01219 0.44721
vt 0.01435 0.44956
vt 0.02166 0.46122
vt 0.01952 0.45825
vt 0.02205 0.45872
vt 0.01925 0.46054
vt 0.01667 0.45716
vt 0.01952 0.45825
vt 0.0013 0.45571
vt 0.00766 0.46051
vt 0.00259 0.46299
vt 0.01063 0.44878
vt 0.01168 0.4524
vt 0.0095 0.45049
vt 0.01075 0.45667
vt 0.01347 0.4593
vt 0.01109 0.46009
vt 0.01168 0.4524
vt 0.01063 0.44878
vt 0.01278 0.45001
vt 0.00972 0.4531
vt 0.01235 0.45574
vt 0.01075 0.45667
vt 0.02092 0.44914
vt 0.0204 0.45089
vt 0.01859 0.4486
vt 0.0204 0.45089
vt 0.01775 0.45004
vt 0.01859 0.4486
vt 0.0204 0.45089
vt 0.02353 0.45119
vt 0.02202 0.45324
vt 0.0204 0.45089
vt 0.0195 0.45259
vt 0.01775 0.45004
vt 0.0204 0.45089
vt 0.02092 0.44914
vt 0.02198 0.44975
vt 0.02198 0.44975
vt 0.02353 0.45119
vt 0.0204 0.45089
vt 0.00766 0.46051
vt 0.0013 0.45571
vt 0.00789 0.45453
vt 0.0195 0.45259
vt 0.0204 0.45089
vt 0.02202 0.45324
vt 0.00789 0.45453
vt 0.00436 0.45043
vt 0.00694 0.44962
vt 0.01467 0.45776
vt 0.01347 0.4593
vt 0.01235 0.45574
vt 0.00107 0.44853
vt 0.00436 0.45043
vt 0.0013 0.45571
vt 0.01347 0.4593
vt 0.01467 0.45776
vt 0.01619 0.46027
vt 0.01435 0.45152
vt 0.01554 0.45385
vt 0.01345 0.45244
vt 0.01793 0.45544
vt 0.01667 0.45716
vt 0.01554 0.45385
vt 0.01556 0.45123
vt 0.01693 0.45323
vt 0.01554 0.45385
vt 0.01409 0.45497
vt 0.01554 0.45385
vt 0.01667 0.45716
vt 0.01693 0.45323
vt 0.01911 0.45424
vt 0.01793 0.45544
vt 0.01435 0.45152
vt 0.01278 0.45001
vt 0.01435 0.44956
vt 0.01793 0.45544
vt 0.01554 0.45385
vt 0.01693 0.45323
vt 0.01911 0.45424
vt 0.02117 0.45589
vt 0.01987 0.45615
vt 0.01554 0.45385
vt 0.01409 0.45497
vt 0.01345 0.45244
vt 0.01574 0.44938
vt 0.01556 0.45123
vt 0.01529 0.4499
vt 0.01529 0.4499
vt 0.01556 0.45123
vt 0.01435 0.44956
vt 0.01987 0.45615
vt 0.01952 0.45825
vt 0.01793 0.45544
vt 0.01168 0.4524
vt 0.01345 0.45244
vt 0.01409 0.45497
vt 0.01793 0.45544
vt 0.01911 0.45424
vt 0.01987 0.45615
vt 0.01435 0.45152
vt 0.01435 0.44956
vt 0.01556 0.45123
vt 0.01435 0.45152
vt 0.01556 0.45123
vt 0.01554 0.45385
vt 0.01278 0.45001
vt 0.01435 0.45152
vt 0.01345 0.45244
vt 0.01409 0.45497
vt 0.01667 0.45716
vt 0.01467 0.45776
vt 0.01793 0.45544
vt 0.01952 0.45825
vt 0.01667 0.45716
vt 0.01574 0.44938
vt 0.01529 0.4499
vt 0.01435 0.44956
vt 0.01168 0.4524
vt 0.01278 0.45001
vt 0.01345 0.45244
vt 0.02353 0.45119
vt 0.02198 0.44975
vt 0.02447 0.44924
vt 0.00972 0.4531
vt 0.01075 0.45667
vt 0.00789 0.45453
vt 0.02585 0.45123
vt 0.02353 0.45119
vt 0.02531 0.45028
vt 0.02447 0.44924
vt 0.02663 0.44968
vt 0.02531 0.45028
vt 0.01235 0.45574
vt 0.01409 0.45497
vt 0.01467 0.45776
vt 0.01109 0.46009
vt 0.00766 0.46051
vt 0.00789 0.45453
vt 0.00972 0.4531
vt 0.00694 0.44962
vt 0.0095 0.45049
vt 0.00789 0.45453
vt 0.01075 0.45667
vt 0.01109 0.46009
vt 0.09085 0.98143
vt 0.08882 0.98414
vt 0.08704 0.98396
vt 0.07691 0.98999
vt 0.08005 0.98961
vt 0.0798 0.99001
vt 0.0798 0.99001
vt 0.08005 0.98961
vt 0.0825 0.98911
vt 0.09846 0.98606
vt 0.09846 0.98819
vt 0.0961 0.98687
vt 0.07205 0.98842
vt 0.07464 0.98845
vt 0.07143 0.98893
vt 0.09475 0.97933
vt 0.09391 0.98145
vt 0.09389 0.98057
vt 0.08489 0.98633
vt 0.08556 0.98805
vt 0.0825 0.98911
vt 0.08904 0.98568
vt 0.09108 0.98282
vt 0.09186 0.98513
vt 0.0798 0.99001
vt 0.08134 0.99132
vt 0.07829 0.99181
vt 0.08882 0.98414
vt 0.08904 0.98568
vt 0.08719 0.98518
vt 0.0961 0.98687
vt 0.09846 0.98819
vt 0.09243 0.98828
vt 0.09085 0.98143
vt 0.09389 0.98057
vt 0.09108 0.98282
vt 0.08134 0.99132
vt 0.0825 0.98911
vt 0.0846 0.99013
vt 0.09243 0.98828
vt 0.09152 0.98731
vt 0.09392 0.98612
vt 0.0798 0.99001
vt 0.0825 0.98911
vt 0.08134 0.99132
vt 0.08787 0.9883
vt 0.08904 0.98568
vt 0.0907 0.98676
vt 0.08489 0.98633
vt 0.08704 0.98396
vt 0.08719 0.98518
vt 0.0825 0.98911
vt 0.08556 0.98805
vt 0.0846 0.99013
vt 0.09108 0.98282
vt 0.08882 0.98414
vt 0.09085 0.98143
vt 0.08556 0.98805
vt 0.08787 0.9883
vt 0.0846 0.99013
vt 0.08904 0.98568
vt 0.08787 0.9883
vt 0.08673 0.98677
vt 0.08882 0.98414
vt 0.09108 0.98282
vt 0.08904 0.98568
vt 0.09392 0.98612
vt 0.0948 0.98285
vt 0.09635 0.98413
vt 0.09392 0.98612
vt 0.09152 0.98731
vt 0.0907 0.98676
vt 0.07691 0.98999
vt 0.07433 0.991
vt 0.07464 0.98845
vt 0.08556 0.98805
vt 0.08673 0.98677
vt 0.08787 0.9883
vt 0.08164 0.987
vt 0.08005 0.98961
vt 0.07869 0.98794
vt 0.08787 0.9883
vt 0.09027 0.98822
vt 0.0893 0.98919
vt 0.08164 0.987
vt 0.07866 0.98642
vt 0.08341 0.98541
vt 0.09726 0.98501
vt 0.0961 0.98687
vt 0.09392 0.98612
vt 0.08704 0.98396
vt 0.08882 0.98414
vt 0.08719 0.98518
vt 0.07872 0.98501
vt 0.07753 0.98555
vt 0.07561 0.98524
vt 0.0907 0.98676
vt 0.08904 0.98568
vt 0.09186 0.98513
vt 0.09027 0.98822
vt 0.09152 0.98731
vt 0.09243 0.98828
vt 0.0846 0.99013
vt 0.08787 0.9883
vt 0.08685 0.99107
vt 0.09152 0.98731
vt 0.09027 0.98822
vt 0.0907 0.98676
vt 0.07872 0.98501
vt 0.07866 0.98642
vt 0.07753 0.98555
vt 0.07464 0.98845
vt 0.07869 0.98794
vt 0.07691 0.98999
vt 0.09243 0.98828
vt 0.0893 0.98919
vt 0.09027 0.98822
vt 0.08174 0.98457
vt 0.07866 0.98642
vt 0.07872 0.98501
vt 0.07635 0.99188
vt 0.07691 0.98999
vt 0.07829 0.99181
vt 0.09027 0.98822
vt 0.08787 0.9883
vt 0.0907 0.98676
vt 0.09186 0.98513
vt 0.09392 0.98612
vt 0.0907 0.98676
vt 0.08005 0.98961
vt 0.07691 0.98999
vt 0.07869 0.98794
vt 0.09108 0.98282
vt 0.0948 0.98285
vt 0.09186 0.98513
vt 0.08556 0.98805
vt 0.08489 0.98633
vt 0.08673 0.98677
vt 0.09907 0.99054
vt 0.09912 0.99298
vt 0.09404 0.99243
vt 0.07206 0.99196
vt 0.07464 0.98845
vt 0.07433 0.991
vt 0.07464 0.98845
vt 0.07205 0.98842
vt 0.07384 0.9851
vt 0.09726 0.98501
vt 0.09392 0.98612
vt 0.09635 0.98413
vt 0.09475 0.97933
vt 0.09525 0.98035
vt 0.09391 0.98145
vt 0.07206 0.99196
vt 0.07143 0.98893
vt 0.07464 0.98845
vt 0.09243 0.98828
vt 0.09846 0.98819
vt 0.0939 0.98952
vt 0.08904 0.98568
vt 0.08673 0.98677
vt 0.08719 0.98518
vt 0.09108 0.98282
vt 0.09389 0.98057
vt 0.09391 0.98145
vt 0.08489 0.98633
vt 0.08719 0.98518
vt 0.08673 0.98677
vt 0.09525 0.98035
vt 0.0948 0.98285
vt 0.09391 0.98145
vt 0.07753 0.98555
vt 0.07866 0.98642
vt 0.07561 0.98524
vt 0.07866 0.98642
vt 0.07869 0.98794
vt 0.07464 0.98845
vt 0.07561 0.98524
vt 0.07648 0.98438
vt 0.07872 0.98501
vt 0.07866 0.98642
vt 0.07464 0.98845
vt 0.07384 0.9851
vt 0.09907 0.99054
vt 0.09404 0.99243
vt 0.09846 0.98819
vt 0.0939 0.98952
vt 0.09846 0.98819
vt 0.09404 0.99243
vt 0.07637 0.98308
vt 0.07853 0.98331
vt 0.07648 0.98438
vt 0.07866 0.98642
vt 0.08164 0.987
vt 0.07869 0.98794
vt 0.07872 0.98501
vt 0.07648 0.98438
vt 0.07853 0.98331
vt 0.08094 0.98172
vt 0.08306 0.98214
vt 0.08074 0.98364
vt 0.08341 0.98541
vt 0.08174 0.98457
vt 0.08508 0.98308
vt 0.08094 0.98172
vt 0.08074 0.98364
vt 0.07853 0.98331
vt 0.07433 0.991
vt 0.07691 0.98999
vt 0.07635 0.99188
vt 0.08704 0.98396
vt 0.08508 0.98308
vt 0.08794 0.98109
vt 0.08489 0.98633
vt 0.08341 0.98541
vt 0.08704 0.98396
vt 0.08341 0.98541
vt 0.08508 0.98308
vt 0.08704 0.98396
vt 0.0948 0.98285
vt 0.09108 0.98282
vt 0.09391 0.98145
vt 0.07866 0.98642
vt 0.08174 0.98457
vt 0.08341 0.98541
vt 0.07872 0.98501
vt 0.08074 0.98364
vt 0.08174 0.98457
vt 0.07561 0.98524
vt 0.07866 0.98642
vt 0.07384 0.9851
vt 0.08341 0.98541
vt 0.08489 0.98633
vt 0.08164 0.987
vt 0.08525 0.97907
vt 0.08508 0.98308
vt 0.08306 0.98214
vt 0.0948 0.98285
vt 0.09525 0.98035
vt 0.09641 0.97929
vt 0.09475 0.97933
vt 0.09641 0.97929
vt 0.09525 0.98035
vt 0.08306 0.98214
vt 0.08508 0.98308
vt 0.08174 0.98457
vt 0.08525 0.97907
vt 0.08794 0.98109
vt 0.08508 0.98308
vt 0.08174 0.98457
vt 0.08074 0.98364
vt 0.08306 0.98214
vt 0.08794 0.98109
vt 0.09085 0.98143
vt 0.08704 0.98396
vt 0.07872 0.98501
vt 0.07853 0.98331
vt 0.08074 0.98364
vt 0.08164 0.987
vt 0.08489 0.98633
vt 0.0825 0.98911
vt 0.09186 0.98513
vt 0.0948 0.98285
vt 0.09392 0.98612
vt 0.08787 0.9883
vt 0.0893 0.98919
vt 0.08685 0.99107
vt 0.09243 0.98828
vt 0.09392 0.98612
vt 0.0961 0.98687
vt 0.0961 0.98687
vt 0.09726 0.98501
vt 0.09846 0.98606
vt 0.08164 0.987
vt 0.0825 0.98911
vt 0.08005 0.98961
vt 0.07829 0.99181
vt 0.07691 0.98999
vt 0.0798 0.99001
vt 0.30495 0.0581
vt 0.30736 0.05907
vt 0.30616 0.0601
vt 0.31292 0.05958
vt 0.31098 0.0612
vt 0.30853 0.05772
vt 0.30727 0.04131
vt 0.31255 0.04461
vt 0.30713 0.04616
vt 0.3101 0.05625
vt 0.31292 0.05958
vt 0.30853 0.05772
vt 0.33302 0.04121
vt 0.32982 0.03915
vt 0.33153 0.0366
vt 0.30983 0.05303
vt 0.3142 0.0539
vt 0.3144 0.05754
vt 0.32052 0.0254
vt 0.32889 0.02072
vt 0.32661 0.02898
vt 0.3142 0.0539
vt 0.31738 0.05047
vt 0.31917 0.05733
vt 0.33153 0.0366
vt 0.33541 0.03493
vt 0.33613 0.03855
vt 0.31917 0.05733
vt 0.3144 0.05754
vt 0.3142 0.0539
vt 0.30371 0.04718
vt 0.30633 0.04976
vt 0.30097 0.04947
vt 0.33541 0.03493
vt 0.33277 0.03289
vt 0.33728 0.03132
vt 0.3101 0.05625
vt 0.30853 0.05772
vt 0.30577 0.05412
vt 0.30773 0.06114
vt 0.30736 0.05907
vt 0.31098 0.0612
vt 0.31642 0.0406
vt 0.31255 0.04461
vt 0.3111 0.0394
vt 0.30577 0.05412
vt 0.30983 0.05303
vt 0.3101 0.05625
vt 0.33613 0.03855
vt 0.33541 0.03493
vt 0.33865 0.03535
vt 0.31738 0.05047
vt 0.31108 0.04947
vt 0.31255 0.04461
vt 0.32242 0.04874
vt 0.32065 0.04563
vt 0.32233 0.04388
vt 0.30633 0.04976
vt 0.30713 0.04616
vt 0.31108 0.04947
vt 0.33277 0.03289
vt 0.33541 0.03493
vt 0.33153 0.0366
vt 0.33532 0.0255
vt 0.32889 0.02072
vt 0.33645 0.01876
vt 0.32242 0.04874
vt 0.32281 0.054
vt 0.31738 0.05047
vt 0.33907 0.04932
vt 0.3334 0.05312
vt 0.33001 0.04349
vt 0.33532 0.0255
vt 0.33144 0.02976
vt 0.32661 0.02898
vt 0.3271 0.04857
vt 0.33001 0.04349
vt 0.3334 0.05312
vt 0.31738 0.05047
vt 0.31255 0.04461
vt 0.31837 0.04549
vt 0.33302 0.04121
vt 0.33001 0.04349
vt 0.32982 0.03915
vt 0.33728 0.03132
vt 0.34219 0.03457
vt 0.33865 0.03535
vt 0.30633 0.04976
vt 0.31108 0.04947
vt 0.30983 0.05303
vt 0.31738 0.05047
vt 0.3142 0.0539
vt 0.31108 0.04947
vt 0.33728 0.03132
vt 0.33144 0.02976
vt 0.33532 0.0255
vt 0.33144 0.02976
vt 0.32849 0.03327
vt 0.32701 0.03129
vt 0.34133 0.03804
vt 0.3405 0.04422
vt 0.33613 0.03855
vt 0.32553 0.03278
vt 0.32701 0.03129
vt 0.32849 0.03327
vt 0.33144 0.02976
vt 0.33728 0.03132
vt 0.33277 0.03289
vt 0.33532 0.0255
vt 0.34022 0.02865
vt 0.33728 0.03132
vt 0.32799 0.05337
vt 0.3271 0.04857
vt 0.3334 0.05312
vt 0.32242 0.04874
vt 0.3271 0.04857
vt 0.32799 0.05337
vt 0.31642 0.0406
vt 0.31837 0.04549
vt 0.31255 0.04461
vt 0.31214 0.03352
vt 0.32052 0.0254
vt 0.32213 0.03569
vt 0.32213 0.03569
vt 0.31642 0.0406
vt 0.31214 0.03352
vt 0.31837 0.04549
vt 0.32242 0.04874
vt 0.31738 0.05047
vt 0.33302 0.04121
vt 0.33613 0.03855
vt 0.3405 0.04422
vt 0.32233 0.04388
vt 0.31837 0.04549
vt 0.31642 0.0406
vt 0.30371 0.04718
vt 0.30117 0.04567
vt 0.30381 0.04417
vt 0.31214 0.03352
vt 0.31642 0.0406
vt 0.3111 0.0394
vt 0.33532 0.0255
vt 0.33645 0.01876
vt 0.34309 0.02716
vt 0.33144 0.02976
vt 0.33277 0.03289
vt 0.32849 0.03327
vt 0.32799 0.05337
vt 0.32281 0.054
vt 0.32242 0.04874
vt 0.34022 0.02865
vt 0.34309 0.02716
vt 0.34435 0.0322
vt 0.33302 0.04121
vt 0.3405 0.04422
vt 0.33001 0.04349
vt 0.30983 0.05303
vt 0.30577 0.05412
vt 0.30633 0.04976
vt 0.29462 0.0593
vt 0.29886 0.0589
vt 0.30071 0.06406
vt 0.32849 0.03327
vt 0.33277 0.03289
vt 0.33153 0.0366
vt 0.30144 0.05367
vt 0.30097 0.04947
vt 0.30577 0.05412
vt 0.32553 0.03278
vt 0.32732 0.03689
vt 0.32213 0.03569
vt 0.30144 0.05367
vt 0.30577 0.05412
vt 0.30348 0.05574
vt 0.30495 0.0581
vt 0.30301 0.06038
vt 0.30172 0.05686
vt 0.30736 0.05907
vt 0.30495 0.0581
vt 0.30853 0.05772
vt 0.32732 0.03689
vt 0.33001 0.04349
vt 0.32213 0.03569
vt 0.33613 0.03855
vt 0.33302 0.04121
vt 0.33153 0.0366
vt 0.33153 0.0366
vt 0.32982 0.03915
vt 0.32732 0.03689
vt 0.30144 0.05367
vt 0.30348 0.05574
vt 0.30172 0.05686
vt 0.29836 0.05464
vt 0.30172 0.05686
vt 0.29886 0.0589
vt 0.32849 0.03327
vt 0.32732 0.03689
vt 0.32553 0.03278
vt 0.32701 0.03129
vt 0.32553 0.03278
vt 0.32661 0.02898
vt 0.30577 0.05412
vt 0.30853 0.05772
vt 0.30495 0.0581
vt 0.29886 0.0589
vt 0.30172 0.05686
vt 0.30301 0.06038
vt 0.29563 0.05622
vt 0.29836 0.05464
vt 0.29886 0.0589
vt 0.34435 0.0322
vt 0.33728 0.03132
vt 0.34022 0.02865
vt 0.32213 0.03569
vt 0.32661 0.02898
vt 0.32553 0.03278
vt 0.29836 0.05464
vt 0.30144 0.05367
vt 0.30172 0.05686
vt 0.29886 0.0589
vt 0.29462 0.0593
vt 0.29563 0.05622
vt 0.30348 0.05574
vt 0.30577 0.05412
vt 0.30495 0.0581
vt 0.30144 0.05367
vt 0.29831 0.0512
vt 0.30097 0.04947
vt 0.30144 0.05367
vt 0.29836 0.05464
vt 0.29831 0.0512
vt 0.32982 0.03915
vt 0.33001 0.04349
vt 0.32732 0.03689
vt 0.30348 0.05574
vt 0.30495 0.0581
vt 0.30172 0.05686
vt 0.31837 0.04549
vt 0.32065 0.04563
vt 0.32242 0.04874
vt 0.30097 0.04947
vt 0.30633 0.04976
vt 0.30577 0.05412
vt 0.30097 0.04947
vt 0.30117 0.04567
vt 0.30371 0.04718
vt 0.32849 0.03327
vt 0.33153 0.0366
vt 0.32732 0.03689
vt 0.30616 0.0601
vt 0.30773 0.06114
vt 0.30301 0.06038
vt 0.34133 0.03804
vt 0.33613 0.03855
vt 0.33865 0.03535
vt 0.30713 0.04616
vt 0.30633 0.04976
vt 0.30371 0.04718
vt 0.30381 0.04417
vt 0.30713 0.04616
vt 0.30371 0.04718
vt 0.33541 0.03493
vt 0.33728 0.03132
vt 0.33865 0.03535
vt 0.32052 0.0254
vt 0.32661 0.02898
vt 0.32213 0.03569
vt 0.33532 0.0255
vt 0.32661 0.02898
vt 0.32889 0.02072
vt 0.29886 0.0589
vt 0.30301 0.06038
vt 0.30071 0.06406
vt 0.33532 0.0255
vt 0.34309 0.02716
vt 0.34022 0.02865
vt 0.32233 0.04388
vt 0.31642 0.0406
vt 0.32213 0.03569
vt 0.33907 0.04932
vt 0.33001 0.04349
vt 0.3405 0.04422
vt 0.30713 0.04616
vt 0.30381 0.04417
vt 0.30727 0.04131
vt 0.32233 0.04388
vt 0.32065 0.04563
vt 0.31837 0.04549
vt 0.32213 0.03569
vt 0.33001 0.04349
vt 0.32233 0.04388
vt 0.30773 0.06114
vt 0.30616 0.0601
vt 0.30736 0.05907
vt 0.34435 0.0322
vt 0.34219 0.03457
vt 0.33728 0.03132
vt 0.32661 0.02898
vt 0.33144 0.02976
vt 0.32701 0.03129
vt 0.3271 0.04857
vt 0.32233 0.04388
vt 0.33001 0.04349
vt 0.32233 0.04388
vt 0.3271 0.04857
vt 0.32242 0.04874
vt 0.29596 0.06304
vt 0.29462 0.0593
vt 0.30071 0.06406
vt 0.30727 0.04131
vt 0.3111 0.0394
vt 0.31255 0.04461
vt 0.31738 0.05047
vt 0.32281 0.054
vt 0.31917 0.05733
vt 0.30983 0.05303
vt 0.31108 0.04947
vt 0.3142 0.0539
vt 0.30301 0.06038
vt 0.30495 0.0581
vt 0.30616 0.0601
vt 0.31255 0.04461
vt 0.31108 0.04947
vt 0.30713 0.04616
vt 0.34133 0.03804
vt 0.33865 0.03535
vt 0.34219 0.03457
vt 0.30853 0.05772
vt 0.31098 0.0612
vt 0.30736 0.05907
vt 0.31292 0.05958
vt 0.3101 0.05625
vt 0.3144 0.05754
vt 0.3101 0.05625
vt 0.30983 0.05303
vt 0.3144 0.05754
vt 0.96596 0.18005
vt 0.96639 0.18144
vt 0.96466 0.18088
vt 0.96769 0.17864
vt 0.96745 0.17557
vt 0.96941 0.17662
vt 0.96596 0.18005
vt 0.96466 0.18088
vt 0.96468 0.1785
vt 0.97561 0.18396
vt 0.97334 0.18499
vt 0.97341 0.18338
vt 0.96596 0.18005
vt 0.96743 0.18127
vt 0.96639 0.18144
vt 0.97172 0.18222
vt 0.97475 0.18169
vt 0.97341 0.18338
vt 0.96797 0.16948
vt 0.96939 0.16981
vt 0.96773 0.17122
vt 0.97489 0.16438
vt 0.97358 0.1672
vt 0.97097 0.16739
vt 0.97569 0.18278
vt 0.97747 0.18259
vt 0.97561 0.18396
vt 0.97334 0.18499
vt 0.97159 0.18399
vt 0.97341 0.18338
vt 0.96769 0.17864
vt 0.96468 0.1785
vt 0.96554 0.17689
vt 0.97097 0.16739
vt 0.96864 0.16859
vt 0.96846 0.16678
vt 0.9726 0.17588
vt 0.97068 0.178
vt 0.96941 0.17662
vt 0.97745 0.17427
vt 0.98184 0.17662
vt 0.97489 0.17881
vt 0.9735 0.17279
vt 0.97014 0.17479
vt 0.96961 0.17262
vt 0.96415 0.17563
vt 0.96249 0.17402
vt 0.96386 0.17317
vt 0.97569 0.18278
vt 0.97717 0.18142
vt 0.97747 0.18259
vt 0.98287 0.16855
vt 0.97891 0.16915
vt 0.98158 0.16566
vt 0.96639 0.18144
vt 0.96743 0.18127
vt 0.96647 0.1832
vt 0.96835 0.18313
vt 0.96975 0.18055
vt 0.96978 0.1823
vt 0.99085 0.16449
vt 0.98601 0.16307
vt 0.99039 0.1597
vt 0.97489 0.17881
vt 0.98182 0.18054
vt 0.97717 0.18142
vt 0.97717 0.18142
vt 0.97475 0.18169
vt 0.97489 0.17881
vt 0.96326 0.17619
vt 0.96468 0.1785
vt 0.96213 0.17671
vt 0.96939 0.16981
vt 0.96864 0.16859
vt 0.97097 0.16739
vt 0.96571 0.16726
vt 0.96661 0.16497
vt 0.96846 0.16678
vt 0.96939 0.16981
vt 0.96961 0.17262
vt 0.96773 0.17122
vt 0.97068 0.178
vt 0.97489 0.17881
vt 0.96975 0.18055
vt 0.98651 0.16711
vt 0.9871 0.16986
vt 0.98287 0.16855
vt 0.9726 0.17588
vt 0.97489 0.17881
vt 0.97068 0.178
vt 0.96587 0.17391
vt 0.96564 0.17154
vt 0.96704 0.17289
vt 0.96587 0.17391
vt 0.96548 0.17531
vt 0.96386 0.17317
vt 0.97569 0.18278
vt 0.97475 0.18169
vt 0.97717 0.18142
vt 0.98535 0.16013
vt 0.99039 0.1597
vt 0.98601 0.16307
vt 0.97241 0.16344
vt 0.97138 0.16517
vt 0.97052 0.16323
vt 0.97829 0.16508
vt 0.97646 0.16723
vt 0.97489 0.16438
vt 0.96689 0.16913
vt 0.96564 0.17154
vt 0.96396 0.16925
vt 0.96386 0.17317
vt 0.96396 0.16925
vt 0.96564 0.17154
vt 0.97782 0.18347
vt 0.97561 0.18396
vt 0.97747 0.18259
vt 0.9735 0.17279
vt 0.96961 0.17262
vt 0.97238 0.1697
vt 0.96939 0.16981
vt 0.97238 0.1697
vt 0.96961 0.17262
vt 0.96647 0.1832
vt 0.96441 0.18427
vt 0.96466 0.18088
vt 0.97341 0.18338
vt 0.97475 0.18169
vt 0.97569 0.18278
vt 0.97445 0.15869
vt 0.98071 0.15884
vt 0.97991 0.1624
vt 0.97646 0.16723
vt 0.97829 0.16508
vt 0.98158 0.16566
vt 0.98601 0.16307
vt 0.99085 0.16449
vt 0.98651 0.16711
vt 0.97341 0.18338
vt 0.97569 0.18278
vt 0.97561 0.18396
vt 0.96975 0.18055
vt 0.96769 0.17864
vt 0.97068 0.178
vt 0.96961 0.17262
vt 0.96745 0.17557
vt 0.96704 0.17289
vt 0.97097 0.16739
vt 0.97238 0.1697
vt 0.96939 0.16981
vt 0.96978 0.1823
vt 0.97172 0.18222
vt 0.96954 0.18376
vt 0.96773 0.17122
vt 0.96961 0.17262
vt 0.96704 0.17289
vt 0.96326 0.17619
vt 0.96249 0.17402
vt 0.96415 0.17563
vt 0.96846 0.16678
vt 0.96661 0.16497
vt 0.97052 0.16323
vt 0.96554 0.17689
vt 0.96415 0.17563
vt 0.96548 0.17531
vt 0.97334 0.18499
vt 0.97561 0.18396
vt 0.97613 0.18526
vt 0.98158 0.16566
vt 0.97829 0.16508
vt 0.97991 0.1624
vt 0.97829 0.16508
vt 0.97489 0.16438
vt 0.97991 0.1624
vt 0.97991 0.1624
vt 0.98601 0.16307
vt 0.98158 0.16566
vt 0.97052 0.16323
vt 0.97138 0.16517
vt 0.96846 0.16678
vt 0.96548 0.17531
vt 0.96587 0.17391
vt 0.96745 0.17557
vt 0.96587 0.17391
vt 0.96386 0.17317
vt 0.96564 0.17154
vt 0.96975 0.18055
vt 0.97172 0.18222
vt 0.96978 0.1823
vt 0.96864 0.16859
vt 0.96689 0.16913
vt 0.96846 0.16678
vt 0.97052 0.16323
vt 0.96661 0.16497
vt 0.96745 0.16221
vt 0.97138 0.16517
vt 0.97241 0.16344
vt 0.97489 0.16438
vt 0.96743 0.18127
vt 0.96769 0.17864
vt 0.96975 0.18055
vt 0.97445 0.15869
vt 0.97991 0.1624
vt 0.97489 0.16438
vt 0.97172 0.18222
vt 0.97341 0.18338
vt 0.97159 0.18399
vt 0.96396 0.16925
vt 0.96571 0.16726
vt 0.96689 0.16913
vt 0.96745 0.17557
vt 0.96961 0.17262
vt 0.97014 0.17479
vt 0.96704 0.17289
vt 0.96564 0.17154
vt 0.96773 0.17122
vt 0.96554 0.17689
vt 0.96548 0.17531
vt 0.96745 0.17557
vt 0.97489 0.16438
vt 0.97646 0.16723
vt 0.97358 0.1672
vt 0.96689 0.16913
vt 0.96864 0.16859
vt 0.96797 0.16948
vt 0.97565 0.17009
vt 0.97238 0.1697
vt 0.97646 0.16723
vt 0.98287 0.16855
vt 0.98158 0.16566
vt 0.98651 0.16711
vt 0.97745 0.17427
vt 0.9735 0.17279
vt 0.97724 0.17154
vt 0.97097 0.16739
vt 0.97138 0.16517
vt 0.97489 0.16438
vt 0.98535 0.16013
vt 0.98601 0.16307
vt 0.97991 0.1624
vt 0.96846 0.16678
vt 0.96689 0.16913
vt 0.96571 0.16726
vt 0.97565 0.17009
vt 0.97891 0.16915
vt 0.97724 0.17154
vt 0.97565 0.17009
vt 0.9735 0.17279
vt 0.97238 0.1697
vt 0.97724 0.17154
vt 0.97891 0.16915
vt 0.98093 0.17106
vt 0.96415 0.17563
vt 0.96386 0.17317
vt 0.96548 0.17531
vt 0.97991 0.1624
vt 0.98071 0.15884
vt 0.98535 0.16013
vt 0.97646 0.16723
vt 0.98158 0.16566
vt 0.97891 0.16915
vt 0.97014 0.17479
vt 0.9735 0.17279
vt 0.9726 0.17588
vt 0.97782 0.18347
vt 0.97613 0.18526
vt 0.97561 0.18396
vt 0.9871 0.16986
vt 0.9833 0.17287
vt 0.98093 0.17106
vt 0.96564 0.17154
vt 0.96689 0.16913
vt 0.96773 0.17122
vt 0.96745 0.17557
vt 0.96587 0.17391
vt 0.96704 0.17289
vt 0.96773 0.17122
vt 0.96689 0.16913
vt 0.96797 0.16948
vt 0.98093 0.17106
vt 0.98287 0.16855
vt 0.9871 0.16986
vt 0.96415 0.17563
vt 0.96554 0.17689
vt 0.96468 0.1785
vt 0.97241 0.16344
vt 0.97445 0.15869
vt 0.97489 0.16438
vt 0.97172 0.18222
vt 0.97489 0.17881
vt 0.97475 0.18169
vt 0.97241 0.16344
vt 0.97052 0.16323
vt 0.97445 0.15869
vt 0.97489 0.17881
vt 0.9726 0.17588
vt 0.97745 0.17427
vt 0.96941 0.17662
vt 0.97014 0.17479
vt 0.9726 0.17588
vt 0.97745 0.17427
vt 0.9726 0.17588
vt 0.9735 0.17279
vt 0.96941 0.17662
vt 0.96745 0.17557
vt 0.97014 0.17479
vt 0.97565 0.17009
vt 0.97724 0.17154
vt 0.9735 0.17279
vt 0.97745 0.17427
vt 0.98093 0.17106
vt 0.9833 0.17287
vt 0.96846 0.16678
vt 0.97138 0.16517
vt 0.97097 0.16739
vt 0.96954 0.18376
vt 0.97172 0.18222
vt 0.97159 0.18399
vt 0.96639 0.18144
vt 0.96647 0.1832
vt 0.96466 0.18088
vt 0.96248 0.1711
vt 0.96396 0.16925
vt 0.96386 0.17317
vt 0.96213 0.17671
vt 0.96249 0.17402
vt 0.96326 0.17619
vt 0.96769 0.17864
vt 0.96941 0.17662
vt 0.97068 0.178
vt 0.9833 0.17287
vt 0.98184 0.17662
vt 0.97745 0.17427
vt 0.98184 0.17662
vt 0.98182 0.18054
vt 0.97489 0.17881
vt 0.98093 0.17106
vt 0.97745 0.17427
vt 0.97724 0.17154
vt 0.97358 0.1672
vt 0.97646 0.16723
vt 0.97238 0.1697
vt 0.96468 0.1785
vt 0.96769 0.17864
vt 0.96596 0.18005
vt 0.98601 0.16307
vt 0.98651 0.16711
vt 0.98158 0.16566
vt 0.96647 0.1832
vt 0.96743 0.18127
vt 0.96835 0.18313
vt 0.96415 0.17563
vt 0.96468 0.1785
vt 0.96326 0.17619
vt 0.96386 0.17317
vt 0.96249 0.17402
vt 0.96248 0.1711
vt 0.97891 0.16915
vt 0.97565 0.17009
vt 0.97646 0.16723
vt 0.96954 0.18376
vt 0.96835 0.18313
vt 0.96978 0.1823
vt 0.96835 0.18313
vt 0.96743 0.18127
vt 0.96975 0.18055
vt 0.97172 0.18222
vt 0.96975 0.18055
vt 0.97489 0.17881
vt 0.96466 0.18088
vt 0.96441 0.18427
vt 0.9605 0.18067
vt 0.97097 0.16739
vt 0.97358 0.1672
vt 0.97238 0.1697
vt 0.98287 0.16855
vt 0.98093 0.17106
vt 0.97891 0.16915
vt 0.96939 0.16981
vt 0.96797 0.16948
vt 0.96864 0.16859
vt 0.96213 0.17671
vt 0.96466 0.18088
vt 0.9605 0.18067
vt 0.96769 0.17864
vt 0.96743 0.18127
vt 0.96596 0.18005
vt 0.96468 0.1785
vt 0.96466 0.18088
vt 0.96213 0.17671
vt 0.96745 0.17557
vt 0.96769 0.17864
vt 0.96554 0.17689
vt 0.02539 0.72764
vt 0.02796 0.72714
vt 0.02866 0.72843
vt 0.02568 0.72633
vt 0.02796 0.72714
vt 0.02539 0.72764
vt 0.03186 0.72811
vt 0.03275 0.72866
vt 0.0316 0.72973
vt 0.03186 0.72811
vt 0.0316 0.72973
vt 0.03166 0.72869
vt 0.03006 0.72901
vt 0.03166 0.72869
vt 0.0316 0.72973
vt 0.03246 0.73107
vt 0.03275 0.72866
vt 0.03452 0.72876
vt 0.03246 0.73107
vt 0.0316 0.72973
vt 0.03275 0.72866
vt 0.03452 0.72876
vt 0.03516 0.7302
vt 0.0344 0.73198
vt 0.0344 0.73198
vt 0.03516 0.7302
vt 0.03543 0.73274
vt 0.03246 0.73107
vt 0.03452 0.72876
vt 0.0344 0.73198
vt 0.03878 0.72613
vt 0.03736 0.72694
vt 0.03713 0.7254
vt 0.03758 0.7281
vt 0.03617 0.7281
vt 0.03736 0.72694
vt 0.03878 0.72613
vt 0.03861 0.72847
vt 0.03736 0.72694
vt 0.03736 0.72694
vt 0.03861 0.72847
vt 0.03758 0.7281
vt 0.03998 0.72736
vt 0.03861 0.72847
vt 0.03878 0.72613
vt 0.03838 0.73545
vt 0.04237 0.73143
vt 0.04601 0.7369
vt 0.03717 0.72904
vt 0.03771 0.73117
vt 0.03633 0.72996
vt 0.03633 0.72996
vt 0.03543 0.73274
vt 0.03516 0.7302
vt 0.03543 0.73274
vt 0.03838 0.73545
vt 0.03593 0.73778
vt 0.03771 0.73117
vt 0.03838 0.73545
vt 0.03543 0.73274
vt 0.03633 0.72996
vt 0.03516 0.7302
vt 0.03617 0.7281
vt 0.03861 0.72847
vt 0.04237 0.73143
vt 0.03771 0.73117
vt 0.03717 0.72904
vt 0.03617 0.7281
vt 0.03758 0.7281
vt 0.03717 0.72904
vt 0.03861 0.72847
vt 0.03771 0.73117
vt 0.03771 0.73117
vt 0.03543 0.73274
vt 0.03633 0.72996
vt 0.03861 0.72847
vt 0.03717 0.72904
vt 0.03758 0.7281
vt 0.03633 0.72996
vt 0.03617 0.7281
vt 0.03717 0.72904
vt 0.03771 0.73117
vt 0.04237 0.73143
vt 0.03838 0.73545
vt 0.03516 0.7302
vt 0.03452 0.72876
vt 0.03617 0.7281
vt 0.04237 0.73143
vt 0.04707 0.73284
vt 0.04601 0.7369
vt 0.04237 0.73143
vt 0.03861 0.72847
vt 0.04111 0.72871
vt 0.03998 0.72736
vt 0.04111 0.72871
vt 0.03861 0.72847
vt 0.13327 0.9752
vt 0.1346 0.97332
vt 0.13628 0.9739
vt 0.13666 0.97631
vt 0.13628 0.9739
vt 0.13798 0.97486
vt 0.13443 0.97193
vt 0.1346 0.97332
vt 0.13308 0.97275
vt 0.13584 0.9796
vt 0.13453 0.97853
vt 0.13747 0.97863
vt 0.13628 0.9739
vt 0.13666 0.97631
vt 0.13327 0.9752
vt 0.13296 0.97021
vt 0.1344 0.97027
vt 0.13373 0.97141
vt 0.13308 0.97275
vt 0.1346 0.97332
vt 0.13327 0.9752
vt 0.1346 0.97332
vt 0.13443 0.97193
vt 0.13628 0.9739
vt 0.13453 0.97853
vt 0.13175 0.9784
vt 0.13212 0.97739
vt 0.13327 0.9752
vt 0.13453 0.97853
vt 0.13212 0.97739
vt 0.13308 0.97275
vt 0.13373 0.97141
vt 0.13443 0.97193
vt 0.13747 0.97863
vt 0.13453 0.97853
vt 0.13666 0.97631
vt 0.13628 0.9739
vt 0.13783 0.97318
vt 0.13798 0.97486
vt 0.13453 0.97853
vt 0.13327 0.9752
vt 0.13666 0.97631
vt 0.13421 0.98037
vt 0.13453 0.97853
vt 0.13584 0.9796
vt 0.13296 0.97021
vt 0.13354 0.96893
vt 0.1344 0.97027
vt 0.1344 0.97027
vt 0.13443 0.97193
vt 0.13373 0.97141
vt 0.13174 0.97979
vt 0.13175 0.9784
vt 0.13453 0.97853
vt 0.13421 0.98037
vt 0.13174 0.97979
vt 0.13453 0.97853
vt 0.13296 0.97021
vt 0.132 0.96925
vt 0.13253 0.96936
vt 0.13253 0.96936
vt 0.13354 0.96893
vt 0.13296 0.97021
vt 0.13354 0.96893
vt 0.13408 0.96813
vt 0.13458 0.96907
vt 0.14189 0.97397
vt 0.14028 0.97286
vt 0.14189 0.97331
vt 0.14189 0.97331
vt 0.14385 0.97492
vt 0.14189 0.97397
vt 0.14068 0.97362
vt 0.14028 0.97286
vt 0.14189 0.97397
vt 0.14345 0.9754
vt 0.14236 0.97503
vt 0.14385 0.97492
vt 0.13991 0.97407
vt 0.14068 0.97362
vt 0.14236 0.97503
vt 0.13907 0.9721
vt 0.14068 0.97362
vt 0.13991 0.97407
vt 0.14028 0.97286
vt 0.13891 0.97161
vt 0.14189 0.97331
vt 0.13907 0.9721
vt 0.14028 0.97286
vt 0.14068 0.97362
vt 0.14346 0.97604
vt 0.14236 0.97503
vt 0.14345 0.9754
vt 0.13991 0.97407
vt 0.14236 0.97503
vt 0.14194 0.9757
vt 0.14068 0.97362
vt 0.14189 0.97397
vt 0.14236 0.97503
vt 0.13907 0.9721
vt 0.13771 0.97027
vt 0.13891 0.97161
vt 0.14236 0.97503
vt 0.14189 0.97397
vt 0.14385 0.97492
vt 0.13907 0.9721
vt 0.13891 0.97161
vt 0.14028 0.97286
vt 0.14194 0.9757
vt 0.14236 0.97503
vt 0.14346 0.97604
vt 0.14089 0.97618
vt 0.13991 0.97407
vt 0.14194 0.9757
vt 0.14346 0.97604
vt 0.14251 0.97654
vt 0.14194 0.9757
vt 0.14089 0.97618
vt 0.14194 0.9757
vt 0.14251 0.97654
vt 0.13798 0.97486
vt 0.13783 0.97318
vt 0.1396 0.97532
vt 0.13747 0.97099
vt 0.13991 0.97407
vt 0.13783 0.97318
vt 0.14572 0.97593
vt 0.14413 0.97571
vt 0.14385 0.97492
vt 0.14531 0.97406
vt 0.14576 0.97524
vt 0.14385 0.97492
vt 0.14385 0.97492
vt 0.14576 0.97524
vt 0.14572 0.97593
vt 0.1396 0.97532
vt 0.13991 0.97407
vt 0.14089 0.97618
vt 0.1391 0.97681
vt 0.1396 0.97532
vt 0.14089 0.97618
vt 0.13783 0.97318
vt 0.13991 0.97407
vt 0.1396 0.97532
vt 0.13666 0.97631
vt 0.13798 0.97486
vt 0.1391 0.97681
vt 0.13747 0.97863
vt 0.13666 0.97631
vt 0.1391 0.97681
vt 0.14104 0.97768
vt 0.1391 0.97681
vt 0.14089 0.97618
vt 0.1391 0.97681
vt 0.14104 0.97768
vt 0.1397 0.97866
vt 0.14089 0.97618
vt 0.14251 0.97654
vt 0.14174 0.97708
vt 0.13907 0.9721
vt 0.13991 0.97407
vt 0.13747 0.97099
vt 0.1391 0.97681
vt 0.13798 0.97486
vt 0.1396 0.97532
vt 0.1397 0.97866
vt 0.13747 0.97863
vt 0.1391 0.97681
vt 0.13609 0.98016
vt 0.13421 0.98037
vt 0.13584 0.9796
vt 0.13609 0.98016
vt 0.13584 0.9796
vt 0.13747 0.97863
vt 0.14174 0.97708
vt 0.14251 0.97654
vt 0.14244 0.97762
vt 0.13747 0.97099
vt 0.13599 0.96903
vt 0.13771 0.97027
vt 0.13771 0.97027
vt 0.13907 0.9721
vt 0.13747 0.97099
vt 0.14104 0.97768
vt 0.14089 0.97618
vt 0.14174 0.97708
vt 0.14104 0.97768
vt 0.14174 0.97708
vt 0.14244 0.97762
vt 0.14572 0.97593
vt 0.14592 0.97703
vt 0.14411 0.97688
vt 0.14818 0.97904
vt 0.14453 0.97816
vt 0.14592 0.97703
vt 0.14411 0.97688
vt 0.14453 0.97816
vt 0.14299 0.97808
vt 0.14345 0.9754
vt 0.14413 0.97571
vt 0.14346 0.97604
vt 0.14251 0.97654
vt 0.14411 0.97688
vt 0.14244 0.97762
vt 0.14385 0.97492
vt 0.14413 0.97571
vt 0.14345 0.9754
vt 0.14244 0.97762
vt 0.14411 0.97688
vt 0.14299 0.97808
vt 0.14592 0.97703
vt 0.14453 0.97816
vt 0.14411 0.97688
vt 0.14413 0.97571
vt 0.14572 0.97593
vt 0.14411 0.97688
vt 0.14251 0.97654
vt 0.14346 0.97604
vt 0.14411 0.97688
vt 0.14411 0.97688
vt 0.14346 0.97604
vt 0.14413 0.97571
vt 0.13747 0.97099
vt 0.13783 0.97318
vt 0.13578 0.97106
vt 0.13599 0.96903
vt 0.13747 0.97099
vt 0.13504 0.96842
vt 0.13628 0.9739
vt 0.13443 0.97193
vt 0.13578 0.97106
vt 0.13578 0.97106
vt 0.13783 0.97318
vt 0.13628 0.9739
vt 0.13599 0.96903
vt 0.13504 0.96842
vt 0.13507 0.96799
vt 0.13504 0.96842
vt 0.13747 0.97099
vt 0.13578 0.97106
vt 0.1344 0.97027
vt 0.13458 0.96907
vt 0.13578 0.97106
vt 0.13461 0.96808
vt 0.13504 0.96842
vt 0.13458 0.96907
vt 0.13504 0.96842
vt 0.13578 0.97106
vt 0.13458 0.96907
vt 0.13504 0.96842
vt 0.13461 0.96808
vt 0.13507 0.96799
vt 0.13458 0.96907
vt 0.13408 0.96813
vt 0.13461 0.96808
vt 0.13443 0.97193
vt 0.1344 0.97027
vt 0.13578 0.97106
vt 0.13354 0.96893
vt 0.13458 0.96907
vt 0.1344 0.97027
vt 0.14974 0.9771
vt 0.14592 0.97703
vt 0.14572 0.97593
vt 0.14592 0.97703
vt 0.14974 0.9771
vt 0.14818 0.97904
vt 0.14576 0.97524
vt 0.14531 0.97406
vt 0.14746 0.97485
vt 0.14974 0.9771
vt 0.14791 0.97542
vt 0.15261 0.97398
vt 0.14791 0.97542
vt 0.14893 0.97408
vt 0.15261 0.97398
vt 0.14572 0.97593
vt 0.14791 0.97542
vt 0.14974 0.9771
vt 0.14576 0.97524
vt 0.14791 0.97542
vt 0.14572 0.97593
vt 0.14791 0.97542
vt 0.14746 0.97485
vt 0.14893 0.97408
vt 0.14791 0.97542
vt 0.14576 0.97524
vt 0.14746 0.97485
vt 0.95097 0.98222
vt 0.9526 0.98209
vt 0.953 0.98382
vt 0.95141 0.98578
vt 0.94937 0.9844
vt 0.95091 0.98375
vt 0.94731 0.98521
vt 0.94593 0.98228
vt 0.94729 0.98371
vt 0.94731 0.98521
vt 0.9506 0.98745
vt 0.94813 0.9875
vt 0.95141 0.98578
vt 0.9506 0.98745
vt 0.94731 0.98521
vt 0.95091 0.98375
vt 0.9493 0.98227
vt 0.95097 0.98222
vt 0.94813 0.9875
vt 0.94955 0.98884
vt 0.94791 0.98894
vt 0.94813 0.9875
vt 0.9506 0.98745
vt 0.94955 0.98884
vt 0.9506 0.98745
vt 0.95141 0.98578
vt 0.95292 0.98793
vt 0.94937 0.9844
vt 0.9493 0.98227
vt 0.95091 0.98375
vt 0.95439 0.98919
vt 0.95476 0.98712
vt 0.95692 0.98914
vt 0.94937 0.9844
vt 0.94731 0.98521
vt 0.94729 0.98371
vt 0.95141 0.98578
vt 0.95337 0.98665
vt 0.95292 0.98793
vt 0.9493 0.98227
vt 0.94593 0.98228
vt 0.94614 0.97912
vt 0.9493 0.98227
vt 0.94937 0.9844
vt 0.94729 0.98371
vt 0.95337 0.98665
vt 0.95383 0.98558
vt 0.95476 0.98712
vt 0.95091 0.98375
vt 0.95097 0.98222
vt 0.953 0.98382
vt 0.95141 0.98578
vt 0.953 0.98382
vt 0.95383 0.98558
vt 0.953 0.98382
vt 0.95141 0.98578
vt 0.95091 0.98375
vt 0.95292 0.98793
vt 0.95337 0.98665
vt 0.95476 0.98712
vt 0.94731 0.98521
vt 0.94937 0.9844
vt 0.95141 0.98578
vt 0.95337 0.98665
vt 0.95141 0.98578
vt 0.95383 0.98558
vt 0.94729 0.98371
vt 0.94593 0.98228
vt 0.9493 0.98227
vt 0.95476 0.98712
vt 0.95439 0.98919
vt 0.95292 0.98793
vt 0.56754 0.065
vt 0.56622 0.06114
vt 0.56961 0.06223
vt 0.57389 0.04741
vt 0.57592 0.04816
vt 0.57399 0.049
vt 0.56508 0.05685
vt 0.56347 0.05479
vt 0.56671 0.0552
vt 0.57573 0.05327
vt 0.5797 0.05674
vt 0.57662 0.0572
vt 0.5739 0.05576
vt 0.57568 0.0606
vt 0.57178 0.05765
vt 0.56326 0.05822
vt 0.56576 0.0581
vt 0.56622 0.06114
vt 0.57568 0.0606
vt 0.57662 0.0572
vt 0.58035 0.06075
vt 0.56713 0.04686
vt 0.56561 0.04557
vt 0.56614 0.04383
vt 0.56326 0.05822
vt 0.56508 0.05685
vt 0.56576 0.0581
vt 0.5639 0.04709
vt 0.56561 0.04557
vt 0.56713 0.04686
vt 0.56874 0.07114
vt 0.56754 0.065
vt 0.57164 0.06604
vt 0.57923 0.05255
vt 0.57835 0.04915
vt 0.58103 0.04982
vt 0.56993 0.05473
vt 0.57174 0.05445
vt 0.57178 0.05765
vt 0.57607 0.05046
vt 0.57376 0.05051
vt 0.57399 0.049
vt 0.56508 0.05685
vt 0.56671 0.0552
vt 0.56576 0.0581
vt 0.56108 0.05574
vt 0.56347 0.05479
vt 0.56326 0.05822
vt 0.57573 0.05327
vt 0.57277 0.05239
vt 0.57376 0.05051
vt 0.57106 0.04881
vt 0.56713 0.04686
vt 0.57001 0.04562
vt 0.57399 0.049
vt 0.57592 0.04816
vt 0.57607 0.05046
vt 0.57174 0.05445
vt 0.56993 0.05473
vt 0.56993 0.05219
vt 0.57178 0.05765
vt 0.57098 0.05981
vt 0.56996 0.05852
vt 0.57178 0.05765
vt 0.56996 0.05852
vt 0.56918 0.05693
vt 0.56993 0.05473
vt 0.5683 0.05329
vt 0.56993 0.05219
vt 0.56713 0.04686
vt 0.56614 0.04383
vt 0.56782 0.04414
vt 0.5682 0.05888
vt 0.56576 0.0581
vt 0.56679 0.05721
vt 0.57376 0.05051
vt 0.57607 0.05046
vt 0.57573 0.05327
vt 0.5682 0.05888
vt 0.57098 0.05981
vt 0.56961 0.06223
vt 0.5683 0.05329
vt 0.56993 0.05473
vt 0.56671 0.0552
vt 0.57106 0.04881
vt 0.57376 0.05051
vt 0.57277 0.05239
vt 0.5797 0.05674
vt 0.57573 0.05327
vt 0.57923 0.05255
vt 0.5596 0.05118
vt 0.56347 0.05479
vt 0.56108 0.05574
vt 0.57164 0.06604
vt 0.56754 0.065
vt 0.56961 0.06223
vt 0.57174 0.05445
vt 0.56993 0.05219
vt 0.57277 0.05239
vt 0.57174 0.05445
vt 0.5739 0.05576
vt 0.57178 0.05765
vt 0.57533 0.06914
vt 0.57451 0.07216
vt 0.56874 0.07114
vt 0.56561 0.04557
vt 0.56392 0.04389
vt 0.56614 0.04383
vt 0.56679 0.05721
vt 0.56576 0.0581
vt 0.56671 0.0552
vt 0.56622 0.06114
vt 0.56576 0.0581
vt 0.5682 0.05888
vt 0.57573 0.05327
vt 0.5739 0.05576
vt 0.57277 0.05239
vt 0.56713 0.04686
vt 0.57106 0.04881
vt 0.56622 0.05157
vt 0.57835 0.04915
vt 0.57607 0.05046
vt 0.57592 0.04816
vt 0.5739 0.05576
vt 0.57174 0.05445
vt 0.57277 0.05239
vt 0.57001 0.04562
vt 0.56713 0.04686
vt 0.56782 0.04414
vt 0.56169 0.04104
vt 0.56392 0.04389
vt 0.56068 0.04415
vt 0.57389 0.04741
vt 0.57399 0.049
vt 0.57106 0.04881
vt 0.56561 0.04557
vt 0.5639 0.04709
vt 0.56392 0.04389
vt 0.56874 0.07114
vt 0.57164 0.06604
vt 0.57533 0.06914
vt 0.56622 0.05157
vt 0.56671 0.0552
vt 0.56347 0.05479
vt 0.56918 0.05693
vt 0.5682 0.05888
vt 0.56679 0.05721
vt 0.56918 0.05693
vt 0.56993 0.05473
vt 0.57178 0.05765
vt 0.57256 0.04552
vt 0.57106 0.04881
vt 0.57001 0.04562
vt 0.57098 0.05981
vt 0.5682 0.05888
vt 0.56996 0.05852
vt 0.56918 0.05693
vt 0.56996 0.05852
vt 0.5682 0.05888
vt 0.5639 0.04709
vt 0.56068 0.04415
vt 0.56392 0.04389
vt 0.56622 0.05157
vt 0.5596 0.05118
vt 0.5639 0.04709
vt 0.56754 0.065
vt 0.56874 0.07114
vt 0.564 0.0671
vt 0.57923 0.05255
vt 0.57573 0.05327
vt 0.57607 0.05046
vt 0.56713 0.04686
vt 0.56622 0.05157
vt 0.5639 0.04709
vt 0.57277 0.05239
vt 0.56993 0.05219
vt 0.57106 0.04881
vt 0.56671 0.0552
vt 0.56918 0.05693
vt 0.56679 0.05721
vt 0.58192 0.06581
vt 0.57608 0.06516
vt 0.57568 0.0606
vt 0.56961 0.06223
vt 0.57098 0.05981
vt 0.57259 0.06207
vt 0.57178 0.05765
vt 0.57568 0.0606
vt 0.57259 0.06207
vt 0.56754 0.065
vt 0.564 0.0671
vt 0.5632 0.06237
vt 0.56326 0.05822
vt 0.56347 0.05479
vt 0.56508 0.05685
vt 0.56961 0.06223
vt 0.56622 0.06114
vt 0.5682 0.05888
vt 0.57098 0.05981
vt 0.57178 0.05765
vt 0.57259 0.06207
vt 0.58035 0.06075
vt 0.58192 0.06581
vt 0.57568 0.0606
vt 0.57164 0.06604
vt 0.56961 0.06223
vt 0.57259 0.06207
vt 0.57607 0.05046
vt 0.57835 0.04915
vt 0.57923 0.05255
vt 0.57376 0.05051
vt 0.57106 0.04881
vt 0.57399 0.049
vt 0.57662 0.0572
vt 0.5797 0.05674
vt 0.58035 0.06075
vt 0.5632 0.06237
vt 0.56622 0.06114
vt 0.56754 0.065
vt 0.56918 0.05693
vt 0.56671 0.0552
vt 0.56993 0.05473
vt 0.57164 0.06604
vt 0.57608 0.06516
vt 0.57533 0.06914
vt 0.57389 0.04741
vt 0.57106 0.04881
vt 0.57256 0.04552
vt 0.5596 0.05118
vt 0.56622 0.05157
vt 0.56347 0.05479
vt 0.57568 0.0606
vt 0.57608 0.06516
vt 0.57259 0.06207
vt 0.5739 0.05576
vt 0.57573 0.05327
vt 0.57662 0.0572
vt 0.57662 0.0572
vt 0.57568 0.0606
vt 0.5739 0.05576
vt 0.57259 0.06207
vt 0.57608 0.06516
vt 0.57164 0.06604
vt 0.56993 0.05219
vt 0.5683 0.05329
vt 0.56622 0.05157
vt 0.56622 0.05157
vt 0.57106 0.04881
vt 0.56993 0.05219
vt 0.56622 0.06114
vt 0.5632 0.06237
vt 0.56326 0.05822
vt 0.56671 0.0552
vt 0.56622 0.05157
vt 0.5683 0.05329
vt 0.57608 0.06516
vt 0.58192 0.06581
vt 0.57951 0.06849
vt 0.57608 0.06516
vt 0.57951 0.06849
vt 0.57533 0.06914
vt 0.52627 0.02756
vt 0.52785 0.02956
vt 0.52598 0.02918
vt 0.53739 0.0285
vt 0.53288 0.03505
vt 0.53193 0.02832
vt 0.52869 0.03538
vt 0.5274 0.03433
vt 0.52824 0.0331
vt 0.52824 0.0331
vt 0.52657 0.03292
vt 0.52688 0.03129
vt 0.52869 0.03538
vt 0.52703 0.03614
vt 0.5274 0.03433
vt 0.52971 0.02862
vt 0.52985 0.03016
vt 0.52785 0.02956
vt 0.53 0.03701
vt 0.53095 0.03945
vt 0.52804 0.03976
vt 0.52589 0.02503
vt 0.52743 0.02633
vt 0.52627 0.02756
vt 0.5287 0.02584
vt 0.52748 0.02418
vt 0.52886 0.02383
vt 0.52688 0.03129
vt 0.52884 0.03137
vt 0.52824 0.0331
vt 0.52869 0.03538
vt 0.5301 0.03332
vt 0.53 0.03701
vt 0.5301 0.03332
vt 0.53193 0.02832
vt 0.53288 0.03505
vt 0.5301 0.03332
vt 0.52985 0.03016
vt 0.53193 0.02832
vt 0.52765 0.02049
vt 0.52886 0.02383
vt 0.52748 0.02418
vt 0.53161 0.02403
vt 0.53021 0.02647
vt 0.53013 0.0235
vt 0.53678 0.04022
vt 0.5335 0.04012
vt 0.53595 0.03562
vt 0.52886 0.02383
vt 0.53013 0.0235
vt 0.53021 0.02647
vt 0.52743 0.02633
vt 0.52589 0.02503
vt 0.52748 0.02418
vt 0.53288 0.03505
vt 0.53095 0.03945
vt 0.53 0.03701
vt 0.52748 0.02418
vt 0.526 0.02137
vt 0.52765 0.02049
vt 0.52745 0.04343
vt 0.52804 0.03976
vt 0.53028 0.04307
vt 0.52743 0.02633
vt 0.5287 0.02584
vt 0.52834 0.02751
vt 0.52804 0.03976
vt 0.53095 0.03945
vt 0.53028 0.04307
vt 0.52834 0.02751
vt 0.5287 0.02584
vt 0.53021 0.02647
vt 0.52985 0.03016
vt 0.52884 0.03137
vt 0.52785 0.02956
vt 0.52785 0.02956
vt 0.52884 0.03137
vt 0.52688 0.03129
vt 0.53678 0.04022
vt 0.53595 0.03562
vt 0.54029 0.03105
vt 0.52869 0.03538
vt 0.53 0.03701
vt 0.5287 0.03724
vt 0.52703 0.03614
vt 0.52869 0.03538
vt 0.5287 0.03724
vt 0.52971 0.02862
vt 0.52834 0.02751
vt 0.53021 0.02647
vt 0.52652 0.03408
vt 0.52657 0.03292
vt 0.5274 0.03433
vt 0.53161 0.02403
vt 0.53193 0.02832
vt 0.53021 0.02647
vt 0.52703 0.03614
vt 0.52652 0.03408
vt 0.5274 0.03433
vt 0.52884 0.03137
vt 0.5301 0.03332
vt 0.52824 0.0331
vt 0.53595 0.03562
vt 0.5335 0.04012
vt 0.53288 0.03505
vt 0.52985 0.03016
vt 0.52971 0.02862
vt 0.53193 0.02832
vt 0.53739 0.0285
vt 0.53595 0.03562
vt 0.53288 0.03505
vt 0.52834 0.02751
vt 0.52971 0.02862
vt 0.52785 0.02956
vt 0.52985 0.03016
vt 0.5301 0.03332
vt 0.52884 0.03137
vt 0.5287 0.03724
vt 0.52804 0.03976
vt 0.52703 0.03614
vt 0.53739 0.0285
vt 0.54029 0.03105
vt 0.53595 0.03562
vt 0.5301 0.03332
vt 0.53288 0.03505
vt 0.53 0.03701
vt 0.53028 0.04307
vt 0.53095 0.03945
vt 0.5335 0.04012
vt 0.52598 0.02918
vt 0.52785 0.02956
vt 0.52688 0.03129
vt 0.5335 0.04012
vt 0.53095 0.03945
vt 0.53288 0.03505
vt 0.52748 0.02418
vt 0.5287 0.02584
vt 0.52743 0.02633
vt 0.5274 0.03433
vt 0.52657 0.03292
vt 0.52824 0.0331
vt 0.53021 0.02647
vt 0.5287 0.02584
vt 0.52886 0.02383
vt 0.54029 0.03105
vt 0.54051 0.03746
vt 0.53678 0.04022
vt 0.53021 0.02647
vt 0.53193 0.02832
vt 0.52971 0.02862
vt 0.52824 0.0331
vt 0.5301 0.03332
vt 0.52869 0.03538
vt 0.52627 0.02756
vt 0.52834 0.02751
vt 0.52785 0.02956
vt 0.52804 0.03976
vt 0.5287 0.03724
vt 0.53 0.03701
vt 0.52834 0.02751
vt 0.52627 0.02756
vt 0.52743 0.02633
vt 0.52748 0.02418
vt 0.52589 0.02503
vt 0.526 0.02137
vt 0.04758 0.16963
vt 0.05067 0.17392
vt 0.04478 0.1714
vt 0.0526 0.18044
vt 0.05067 0.17392
vt 0.05633 0.17039
vt 0.0232 0.15549
vt 0.02085 0.15038
vt 0.02621 0.15065
vt 0.05067 0.17392
vt 0.04758 0.16963
vt 0.05633 0.17039
vt 0.0281 0.16495
vt 0.02471 0.16635
vt 0.02255 0.16289
vt 0.04734 0.16531
vt 0.04758 0.16963
vt 0.04251 0.1653
vt 0.05633 0.17039
vt 0.04734 0.16531
vt 0.05395 0.16097
vt 0.04789 0.15947
vt 0.05395 0.16097
vt 0.04734 0.16531
vt 0.02005 0.14341
vt 0.02557 0.14583
vt 0.02317 0.14809
vt 0.02856 0.1614
vt 0.02557 0.16191
vt 0.02549 0.15943
vt 0.02549 0.15943
vt 0.0232 0.15549
vt 0.02871 0.15799
vt 0.02549 0.15943
vt 0.02871 0.15799
vt 0.02856 0.1614
vt 0.02255 0.16289
vt 0.02471 0.16635
vt 0.0208 0.16521
vt 0.0188 0.16747
vt 0.01743 0.16499
vt 0.0208 0.16521
vt 0.02872 0.15449
vt 0.02621 0.15065
vt 0.03127 0.15143
vt 0.02085 0.15038
vt 0.02005 0.14341
vt 0.02317 0.14809
vt 0.02793 0.16778
vt 0.02471 0.16635
vt 0.0281 0.16495
vt 0.02557 0.14583
vt 0.02862 0.14266
vt 0.03213 0.1461
vt 0.03664 0.17678
vt 0.03508 0.17418
vt 0.03745 0.17475
vt 0.02911 0.13774
vt 0.02862 0.14266
vt 0.02501 0.14172
vt 0.02229 0.15971
vt 0.02549 0.15943
vt 0.02557 0.16191
vt 0.02478 0.18264
vt 0.0248 0.18539
vt 0.02367 0.18347
vt 0.0321 0.16093
vt 0.02871 0.15799
vt 0.03387 0.15613
vt 0.03213 0.1461
vt 0.03538 0.15047
vt 0.03127 0.15143
vt 0.02257 0.16832
vt 0.0188 0.16747
vt 0.0208 0.16521
vt 0.02872 0.15449
vt 0.03387 0.15613
vt 0.02871 0.15799
vt 0.03213 0.1461
vt 0.02862 0.14266
vt 0.03244 0.13993
vt 0.02257 0.16832
vt 0.0208 0.16521
vt 0.02471 0.16635
vt 0.03213 0.1461
vt 0.04497 0.14471
vt 0.03538 0.15047
vt 0.0232 0.15549
vt 0.02549 0.15943
vt 0.02229 0.15971
vt 0.01793 0.16924
vt 0.0188 0.16747
vt 0.02075 0.17001
vt 0.0321 0.16093
vt 0.03712 0.16224
vt 0.03356 0.1661
vt 0.03538 0.15047
vt 0.03387 0.15613
vt 0.03127 0.15143
vt 0.02557 0.16191
vt 0.02255 0.16289
vt 0.02229 0.15971
vt 0.02628 0.16944
vt 0.02257 0.16832
vt 0.02471 0.16635
vt 0.03801 0.14154
vt 0.04497 0.14471
vt 0.03213 0.1461
vt 0.02621 0.15065
vt 0.03213 0.1461
vt 0.03127 0.15143
vt 0.02375 0.17951
vt 0.02497 0.18085
vt 0.02295 0.18028
vt 0.0321 0.16093
vt 0.03387 0.15613
vt 0.03712 0.16224
vt 0.02201 0.18547
vt 0.02275 0.18379
vt 0.0248 0.18539
vt 0.03085 0.18139
vt 0.02978 0.18178
vt 0.03001 0.18064
vt 0.02202 0.17811
vt 0.02375 0.17951
vt 0.02295 0.18028
vt 0.03901 0.15238
vt 0.03387 0.15613
vt 0.03538 0.15047
vt 0.03901 0.15238
vt 0.03538 0.15047
vt 0.04497 0.14471
vt 0.0438 0.16061
vt 0.04251 0.1653
vt 0.03997 0.15815
vt 0.0208 0.16521
vt 0.01743 0.16499
vt 0.01832 0.16317
vt 0.0438 0.16061
vt 0.04734 0.16531
vt 0.04251 0.1653
vt 0.03387 0.15613
vt 0.02872 0.15449
vt 0.03127 0.15143
vt 0.03997 0.15815
vt 0.03901 0.15238
vt 0.04853 0.15252
vt 0.01939 0.16116
vt 0.02229 0.15971
vt 0.02255 0.16289
vt 0.0438 0.16061
vt 0.03997 0.15815
vt 0.04853 0.15252
vt 0.02557 0.14583
vt 0.02621 0.15065
vt 0.02317 0.14809
vt 0.02275 0.18379
vt 0.02026 0.18229
vt 0.02211 0.18189
vt 0.02422 0.17133
vt 0.02257 0.16832
vt 0.02628 0.16944
vt 0.01991 0.18057
vt 0.02026 0.18229
vt 0.0177 0.18135
vt 0.03997 0.15815
vt 0.04251 0.1653
vt 0.03712 0.16224
vt 0.01832 0.16317
vt 0.02255 0.16289
vt 0.0208 0.16521
vt 0.04789 0.15947
vt 0.0438 0.16061
vt 0.04853 0.15252
vt 0.02796 0.16311
vt 0.02557 0.16191
vt 0.02856 0.1614
vt 0.03881 0.17714
vt 0.03664 0.17678
vt 0.03745 0.17475
vt 0.01839 0.1851
vt 0.0177 0.18135
vt 0.02026 0.18229
vt 0.02979 0.17923
vt 0.03144 0.17806
vt 0.03119 0.17972
vt 0.03664 0.17678
vt 0.03603 0.17929
vt 0.03417 0.17637
vt 0.03144 0.17806
vt 0.03157 0.17645
vt 0.03338 0.17782
vt 0.03284 0.17935
vt 0.03144 0.17806
vt 0.03338 0.17782
vt 0.05633 0.17039
vt 0.04758 0.16963
vt 0.04734 0.16531
vt 0.01999 0.17851
vt 0.02295 0.18028
vt 0.02211 0.18189
vt 0.03085 0.18139
vt 0.03044 0.18276
vt 0.02978 0.18178
vt 0.01832 0.16317
vt 0.01939 0.16116
vt 0.02255 0.16289
vt 0.03213 0.1461
vt 0.02621 0.15065
vt 0.02557 0.14583
vt 0.03406 0.17919
vt 0.03338 0.17782
vt 0.03603 0.17929
vt 0.0232 0.15549
vt 0.02872 0.15449
vt 0.02871 0.15799
vt 0.03213 0.1461
vt 0.03244 0.13993
vt 0.03801 0.14154
vt 0.02275 0.18379
vt 0.02201 0.18547
vt 0.02026 0.18229
vt 0.04758 0.16963
vt 0.04478 0.1714
vt 0.04251 0.1653
vt 0.01725 0.15449
vt 0.0232 0.15549
vt 0.01768 0.15847
vt 0.02211 0.18189
vt 0.02295 0.18028
vt 0.02478 0.18264
vt 0.01768 0.15847
vt 0.02229 0.15971
vt 0.01939 0.16116
vt 0.02796 0.16311
vt 0.02856 0.1614
vt 0.03009 0.16339
vt 0.02871 0.15799
vt 0.0321 0.16093
vt 0.02856 0.1614
vt 0.02317 0.14809
vt 0.02621 0.15065
vt 0.02085 0.15038
vt 0.03119 0.17972
vt 0.03144 0.17806
vt 0.03284 0.17935
vt 0.02557 0.14583
vt 0.02501 0.14172
vt 0.02862 0.14266
vt 0.0232 0.15549
vt 0.01725 0.15449
vt 0.02085 0.15038
vt 0.03356 0.1661
vt 0.03009 0.16339
vt 0.0321 0.16093
vt 0.03406 0.17919
vt 0.03284 0.17935
vt 0.03338 0.17782
vt 0.02478 0.18264
vt 0.02682 0.18368
vt 0.02649 0.18484
vt 0.05633 0.17039
vt 0.05634 0.17907
vt 0.0526 0.18044
vt 0.01999 0.17851
vt 0.01991 0.18057
vt 0.01872 0.17991
vt 0.03085 0.18139
vt 0.03001 0.18064
vt 0.03119 0.17972
vt 0.02367 0.18347
vt 0.0248 0.18539
vt 0.02275 0.18379
vt 0.04734 0.16531
vt 0.0438 0.16061
vt 0.04789 0.15947
vt 0.03997 0.15815
vt 0.03712 0.16224
vt 0.03387 0.15613
vt 0.01999 0.17851
vt 0.02211 0.18189
vt 0.01991 0.18057
vt 0.02615 0.18228
vt 0.02478 0.18264
vt 0.02497 0.18085
vt 0.02005 0.14341
vt 0.02085 0.15038
vt 0.01537 0.15019
vt 0.02257 0.16832
vt 0.02422 0.17133
vt 0.02075 0.17001
vt 0.03901 0.15238
vt 0.03997 0.15815
vt 0.03387 0.15613
vt 0.03603 0.17929
vt 0.03338 0.17782
vt 0.03417 0.17637
vt 0.04497 0.14471
vt 0.04853 0.15252
vt 0.03901 0.15238
vt 0.02621 0.15065
vt 0.02872 0.15449
vt 0.0232 0.15549
vt 0.02367 0.18347
vt 0.02275 0.18379
vt 0.02211 0.18189
vt 0.02085 0.15038
vt 0.01725 0.15449
vt 0.01537 0.15019
vt 0.0188 0.16747
vt 0.02257 0.16832
vt 0.02075 0.17001
vt 0.03044 0.18276
vt 0.02926 0.18267
vt 0.02978 0.18178
vt 0.02649 0.18484
vt 0.0248 0.18539
vt 0.02478 0.18264
vt 0.02675 0.18082
vt 0.02795 0.18277
vt 0.02615 0.18228
vt 0.02615 0.18228
vt 0.02497 0.18085
vt 0.02675 0.18082
vt 0.01839 0.1851
vt 0.02026 0.18229
vt 0.02201 0.18547
vt 0.03256 0.1814
vt 0.03085 0.18139
vt 0.03119 0.17972
vt 0.02005 0.14341
vt 0.01537 0.15019
vt 0.01457 0.1442
vt 0.03157 0.17645
vt 0.03417 0.17637
vt 0.03338 0.17782
vt 0.03009 0.16339
vt 0.02856 0.1614
vt 0.0321 0.16093
vt 0.03284 0.17935
vt 0.03256 0.1814
vt 0.03119 0.17972
vt 0.01768 0.15847
vt 0.01939 0.16116
vt 0.01648 0.16096
vt 0.02862 0.14266
vt 0.02911 0.13774
vt 0.03244 0.13993
vt 0.02979 0.17923
vt 0.02986 0.17769
vt 0.03144 0.17806
vt 0.03664 0.13746
vt 0.03801 0.14154
vt 0.03244 0.13993
vt 0.02675 0.18082
vt 0.02544 0.1788
vt 0.02815 0.17872
vt 0.02075 0.17001
vt 0.02188 0.17315
vt 0.0186 0.1709
vt 0.02541 0.17464
vt 0.02602 0.17673
vt 0.02424 0.17627
vt 0.02375 0.17951
vt 0.02202 0.17811
vt 0.02344 0.17807
vt 0.02188 0.17315
vt 0.01918 0.17262
vt 0.0186 0.1709
vt 0.0186 0.1709
vt 0.01793 0.16924
vt 0.02075 0.17001
vt 0.02202 0.17811
vt 0.02014 0.17635
vt 0.02195 0.1761
vt 0.02682 0.18368
vt 0.02478 0.18264
vt 0.02615 0.18228
vt 0.02682 0.18368
vt 0.02615 0.18228
vt 0.02795 0.18277
vt 0.01991 0.18057
vt 0.0177 0.18135
vt 0.01872 0.17991
vt 0.02195 0.1761
vt 0.01956 0.17403
vt 0.02188 0.17315
vt 0.02211 0.18189
vt 0.02026 0.18229
vt 0.01991 0.18057
vt 0.02422 0.17133
vt 0.02541 0.17464
vt 0.02188 0.17315
vt 0.02344 0.17807
vt 0.02544 0.1788
vt 0.02375 0.17951
vt 0.0189 0.17673
vt 0.01837 0.17508
vt 0.02014 0.17635
vt 0.02673 0.17767
vt 0.02844 0.17607
vt 0.02815 0.17872
vt 0.01918 0.17262
vt 0.02188 0.17315
vt 0.01956 0.17403
vt 0.02188 0.17315
vt 0.02424 0.17627
vt 0.02195 0.1761
vt 0.02497 0.18085
vt 0.02544 0.1788
vt 0.02675 0.18082
vt 0.02478 0.18264
vt 0.02295 0.18028
vt 0.02497 0.18085
vt 0.01839 0.1851
vt 0.02201 0.18547
vt 0.02326 0.19147
vt 0.02544 0.1788
vt 0.02344 0.17807
vt 0.02424 0.17627
vt 0.02014 0.17635
vt 0.01837 0.17508
vt 0.01956 0.17403
vt 0.02195 0.1761
vt 0.02014 0.17635
vt 0.01956 0.17403
vt 0.02188 0.17315
vt 0.02075 0.17001
vt 0.02422 0.17133
vt 0.02014 0.17635
vt 0.01999 0.17851
vt 0.0189 0.17673
vt 0.02014 0.17635
vt 0.02202 0.17811
vt 0.01999 0.17851
vt 0.02295 0.18028
vt 0.01999 0.17851
vt 0.02202 0.17811
vt 0.02188 0.17315
vt 0.02541 0.17464
vt 0.02424 0.17627
vt 0.02673 0.17767
vt 0.02815 0.17872
vt 0.02544 0.1788
vt 0.02344 0.17807
vt 0.02195 0.1761
vt 0.02424 0.17627
vt 0.02195 0.1761
vt 0.02344 0.17807
vt 0.02202 0.17811
vt 0.02544 0.1788
vt 0.02424 0.17627
vt 0.02602 0.17673
vt 0.02255 0.16289
vt 0.02557 0.16191
vt 0.0281 0.16495
vt 0.02815 0.17872
vt 0.02986 0.17769
vt 0.02979 0.17923
vt 0.02471 0.16635
vt 0.02793 0.16778
vt 0.02628 0.16944
vt 0.02375 0.17951
vt 0.02544 0.1788
vt 0.02497 0.18085
vt 0.02541 0.17464
vt 0.02844 0.17607
vt 0.02602 0.17673
vt 0.02675 0.18082
vt 0.02889 0.181
vt 0.02795 0.18277
vt 0.02544 0.1788
vt 0.02602 0.17673
vt 0.02673 0.17767
vt 0.02889 0.181
vt 0.02675 0.18082
vt 0.02815 0.17872
vt 0.02557 0.16191
vt 0.02796 0.16311
vt 0.0281 0.16495
vt 0.02673 0.17767
vt 0.02602 0.17673
vt 0.02844 0.17607
vt 0.02815 0.17872
vt 0.02844 0.17607
vt 0.02986 0.17769
vt 0.01648 0.16096
vt 0.01939 0.16116
vt 0.01832 0.16317
vt 0.03119 0.17972
vt 0.03001 0.18064
vt 0.02979 0.17923
vt 0.02926 0.18267
vt 0.02795 0.18277
vt 0.02889 0.181
vt 0.02889 0.181
vt 0.02815 0.17872
vt 0.02979 0.17923
vt 0.02478 0.18264
vt 0.02367 0.18347
vt 0.02211 0.18189
vt 0.02889 0.181
vt 0.03001 0.18064
vt 0.02978 0.18178
vt 0.02986 0.17769
vt 0.03157 0.17645
vt 0.03144 0.17806
vt 0.02979 0.17923
vt 0.03001 0.18064
vt 0.02889 0.181
vt 0.02557 0.14583
vt 0.02005 0.14341
vt 0.02501 0.14172
vt 0.02541 0.17464
vt 0.0277 0.17248
vt 0.02844 0.17607
vt 0.02949 0.17045
vt 0.02628 0.16944
vt 0.02793 0.16778
vt 0.02844 0.17607
vt 0.0277 0.17248
vt 0.03164 0.17345
vt 0.03009 0.16339
vt 0.03356 0.1661
vt 0.0281 0.16495
vt 0.02793 0.16778
vt 0.0309 0.16809
vt 0.02949 0.17045
vt 0.02949 0.17045
vt 0.0309 0.16809
vt 0.0318 0.17066
vt 0.04158 0.17743
vt 0.03881 0.17714
vt 0.03996 0.17424
vt 0.0318 0.17066
vt 0.0309 0.16809
vt 0.03401 0.1697
vt 0.0309 0.16809
vt 0.03356 0.1661
vt 0.03401 0.1697
vt 0.04478 0.1714
vt 0.0484 0.17907
vt 0.04264 0.173
vt 0.03164 0.17345
vt 0.0318 0.17066
vt 0.03368 0.17184
vt 0.03356 0.1661
vt 0.03774 0.17009
vt 0.03401 0.1697
vt 0.05067 0.17392
vt 0.0484 0.17907
vt 0.04478 0.1714
vt 0.02793 0.16778
vt 0.0281 0.16495
vt 0.0309 0.16809
vt 0.03401 0.1697
vt 0.03633 0.17215
vt 0.03368 0.17184
vt 0.0232 0.15549
vt 0.02229 0.15971
vt 0.01768 0.15847
vt 0.03401 0.1697
vt 0.03774 0.17009
vt 0.03633 0.17215
vt 0.03356 0.1661
vt 0.03712 0.16224
vt 0.03948 0.16786
vt 0.0277 0.17248
vt 0.02541 0.17464
vt 0.02422 0.17133
vt 0.03368 0.17184
vt 0.03633 0.17215
vt 0.03508 0.17418
vt 0.03164 0.17345
vt 0.02949 0.17045
vt 0.0318 0.17066
vt 0.0484 0.17907
vt 0.05067 0.17392
vt 0.0526 0.18044
vt 0.03157 0.17645
vt 0.02986 0.17769
vt 0.02844 0.17607
vt 0.03745 0.17475
vt 0.03508 0.17418
vt 0.03633 0.17215
vt 0.02949 0.17045
vt 0.03164 0.17345
vt 0.0277 0.17248
vt 0.03356 0.1661
vt 0.03948 0.16786
vt 0.03774 0.17009
vt 0.04264 0.173
vt 0.03996 0.17424
vt 0.03774 0.17009
vt 0.03633 0.17215
vt 0.03996 0.17424
vt 0.03745 0.17475
vt 0.04478 0.1714
vt 0.04264 0.173
vt 0.03948 0.16786
vt 0.03745 0.17475
vt 0.03996 0.17424
vt 0.03881 0.17714
vt 0.03948 0.16786
vt 0.04264 0.173
vt 0.03774 0.17009
vt 0.03009 0.16339
vt 0.0281 0.16495
vt 0.02796 0.16311
vt 0.0281 0.16495
vt 0.03356 0.1661
vt 0.0309 0.16809
vt 0.02978 0.18178
vt 0.02926 0.18267
vt 0.02889 0.181
vt 0.03164 0.17345
vt 0.03157 0.17645
vt 0.02844 0.17607
vt 0.04478 0.1714
vt 0.03948 0.16786
vt 0.04251 0.1653
vt 0.03996 0.17424
vt 0.03633 0.17215
vt 0.03774 0.17009
vt 0.03368 0.17184
vt 0.0318 0.17066
vt 0.03401 0.1697
vt 0.04158 0.17743
vt 0.03996 0.17424
vt 0.04374 0.17656
vt 0.0484 0.17907
vt 0.04374 0.17656
vt 0.04264 0.173
vt 0.04264 0.173
vt 0.04374 0.17656
vt 0.03996 0.17424
vt 0.0277 0.17248
vt 0.02422 0.17133
vt 0.02628 0.16944
vt 0.03712 0.16224
vt 0.04251 0.1653
vt 0.03948 0.16786
vt 0.03164 0.17345
vt 0.03368 0.17184
vt 0.03508 0.17418
vt 0.02949 0.17045
vt 0.0277 0.17248
vt 0.02628 0.16944
vt 0.03417 0.17637
vt 0.03157 0.17645
vt 0.03164 0.17345
vt 0.03508 0.17418
vt 0.03664 0.17678
vt 0.03417 0.17637
vt 0.03417 0.17637
vt 0.03164 0.17345
vt 0.03508 0.17418
vt 0.82954 0.96052
vt 0.82972 0.95933
vt 0.83084 0.95987
vt 0.83243 0.95757
vt 0.83161 0.95913
vt 0.83138 0.95725
vt 0.82997 0.95819
vt 0.83094 0.95798
vt 0.83068 0.95883
vt 0.83293 0.95934
vt 0.8344 0.95925
vt 0.83396 0.96078
vt 0.82972 0.95933
vt 0.82997 0.95819
vt 0.83068 0.95883
vt 0.83068 0.95883
vt 0.83161 0.95913
vt 0.83084 0.95987
vt 0.83523 0.96028
vt 0.8364 0.95899
vt 0.83702 0.9599
vt 0.83243 0.95757
vt 0.83364 0.95796
vt 0.83293 0.95934
vt 0.8301 0.9571
vt 0.83094 0.95798
vt 0.82997 0.95819
vt 0.82849 0.95907
vt 0.82972 0.95933
vt 0.82954 0.96052
vt 0.83094 0.95798
vt 0.83138 0.95725
vt 0.83161 0.95913
vt 0.83084 0.95987
vt 0.82972 0.95933
vt 0.83068 0.95883
vt 0.82892 0.95804
vt 0.8301 0.9571
vt 0.82997 0.95819
vt 0.8344 0.95925
vt 0.83472 0.95805
vt 0.83529 0.95872
vt 0.82954 0.96052
vt 0.83084 0.95987
vt 0.83078 0.96071
vt 0.83221 0.95343
vt 0.83342 0.95446
vt 0.8329 0.956
vt 0.83084 0.95987
vt 0.83183 0.9607
vt 0.83078 0.96071
vt 0.83183 0.9607
vt 0.83084 0.95987
vt 0.83161 0.95913
vt 0.83161 0.95913
vt 0.83293 0.95934
vt 0.83183 0.9607
vt 0.83342 0.95446
vt 0.834 0.95671
vt 0.8329 0.956
vt 0.8344 0.95925
vt 0.83364 0.95796
vt 0.83472 0.95805
vt 0.83557 0.95774
vt 0.834 0.95671
vt 0.83496 0.9555
vt 0.83342 0.95446
vt 0.83496 0.9555
vt 0.834 0.95671
vt 0.8344 0.95925
vt 0.83523 0.96028
vt 0.83396 0.96078
vt 0.83472 0.95805
vt 0.83364 0.95796
vt 0.834 0.95671
vt 0.83557 0.95774
vt 0.83529 0.95872
vt 0.83472 0.95805
vt 0.83593 0.96179
vt 0.83541 0.96109
vt 0.83684 0.96083
vt 0.83396 0.96078
vt 0.83523 0.96028
vt 0.83541 0.96109
vt 0.83684 0.96083
vt 0.83869 0.96061
vt 0.83769 0.96183
vt 0.83523 0.96028
vt 0.83529 0.95872
vt 0.8364 0.95899
vt 0.83557 0.95774
vt 0.83726 0.95843
vt 0.8364 0.95899
vt 0.83726 0.95843
vt 0.83557 0.95774
vt 0.8374 0.95648
vt 0.83684 0.96083
vt 0.83541 0.96109
vt 0.83523 0.96028
vt 0.83702 0.9599
vt 0.83726 0.95843
vt 0.83886 0.95801
vt 0.83945 0.9593
vt 0.83702 0.9599
vt 0.83886 0.95801
vt 0.83684 0.96083
vt 0.83702 0.9599
vt 0.83869 0.96061
vt 0.83702 0.9599
vt 0.83945 0.9593
vt 0.83869 0.96061
vt 0.84048 0.96001
vt 0.83869 0.96061
vt 0.83945 0.9593
vt 0.83138 0.95725
vt 0.83094 0.95798
vt 0.8301 0.9571
vt 0.83869 0.96061
vt 0.84048 0.96001
vt 0.83984 0.96188
vt 0.83984 0.96188
vt 0.83769 0.96183
vt 0.83869 0.96061
vt 0.83148 0.95572
vt 0.83243 0.95757
vt 0.83138 0.95725
vt 0.83364 0.95796
vt 0.8329 0.956
vt 0.834 0.95671
vt 0.8374 0.95648
vt 0.83886 0.95801
vt 0.83726 0.95843
vt 0.8374 0.95648
vt 0.84004 0.9551
vt 0.83886 0.95801
vt 0.8374 0.95648
vt 0.83675 0.95388
vt 0.84004 0.9551
vt 0.8364 0.95899
vt 0.83529 0.95872
vt 0.83557 0.95774
vt 0.83472 0.95805
vt 0.834 0.95671
vt 0.83557 0.95774
vt 0.8329 0.956
vt 0.83243 0.95757
vt 0.83148 0.95572
vt 0.8344 0.95925
vt 0.83293 0.95934
vt 0.83364 0.95796
vt 0.83293 0.95934
vt 0.83161 0.95913
vt 0.83243 0.95757
vt 0.82972 0.95933
vt 0.82849 0.95907
vt 0.82892 0.95804
vt 0.83702 0.9599
vt 0.83684 0.96083
vt 0.83523 0.96028
vt 0.83243 0.95757
vt 0.8329 0.956
vt 0.83364 0.95796
vt 0.83148 0.95572
vt 0.83138 0.95725
vt 0.8301 0.9571
vt 0.83161 0.95913
vt 0.83068 0.95883
vt 0.83094 0.95798
vt 0.83529 0.95872
vt 0.83523 0.96028
vt 0.8344 0.95925
vt 0.8364 0.95899
vt 0.83726 0.95843
vt 0.83702 0.9599
vt 0.82892 0.95804
vt 0.82997 0.95819
vt 0.82972 0.95933
vt 0.83396 0.96078
vt 0.83183 0.9607
vt 0.83293 0.95934
vt 0.83496 0.9555
vt 0.8374 0.95648
vt 0.83557 0.95774
vt 0.83221 0.95343
vt 0.8329 0.956
vt 0.83148 0.95572
vt 0.8374 0.95648
vt 0.83496 0.9555
vt 0.83675 0.95388
vt 0.83593 0.96179
vt 0.83684 0.96083
vt 0.83769 0.96183
vt 0.06352 0.23921
vt 0.06257 0.23848
vt 0.0651 0.23695
vt 0.0602 0.24422
vt 0.05826 0.24669
vt 0.05819 0.24347
vt 0.07141 0.22192
vt 0.07251 0.22252
vt 0.06919 0.22401
vt 0.05425 0.24066
vt 0.05649 0.24081
vt 0.0544 0.24263
vt 0.0505 0.25604
vt 0.05247 0.25565
vt 0.05321 0.25903
vt 0.07482 0.23156
vt 0.07907 0.23485
vt 0.07294 0.23399
vt 0.05649 0.24081
vt 0.05772 0.23737
vt 0.05969 0.23926
vt 0.06123 0.23497
vt 0.05955 0.23716
vt 0.05875 0.23532
vt 0.06472 0.23342
vt 0.06181 0.23386
vt 0.06356 0.23291
vt 0.0563 0.25583
vt 0.05623 0.25202
vt 0.06037 0.25259
vt 0.05772 0.23737
vt 0.05955 0.23716
vt 0.05969 0.23926
vt 0.05231 0.24484
vt 0.04993 0.24779
vt 0.04811 0.24517
vt 0.06472 0.23342
vt 0.06123 0.23497
vt 0.06181 0.23386
vt 0.04998 0.25334
vt 0.05283 0.25313
vt 0.0505 0.25604
vt 0.05419 0.24688
vt 0.05558 0.24403
vt 0.05655 0.24584
vt 0.07344 0.21964
vt 0.07141 0.22192
vt 0.07092 0.2197
vt 0.06846 0.26607
vt 0.07211 0.26365
vt 0.07255 0.26841
vt 0.05558 0.24403
vt 0.0544 0.24263
vt 0.05649 0.24081
vt 0.06673 0.2451
vt 0.07219 0.24286
vt 0.06971 0.24986
vt 0.05969 0.23926
vt 0.05955 0.23716
vt 0.06274 0.236
vt 0.06123 0.23497
vt 0.06472 0.23342
vt 0.06274 0.236
vt 0.07907 0.23485
vt 0.07973 0.24477
vt 0.07219 0.24286
vt 0.05558 0.24403
vt 0.05231 0.24484
vt 0.0544 0.24263
vt 0.05649 0.24081
vt 0.05969 0.23926
vt 0.05819 0.24347
vt 0.06486 0.26735
vt 0.05942 0.2672
vt 0.06222 0.26532
vt 0.06669 0.22821
vt 0.06919 0.22401
vt 0.06963 0.22604
vt 0.04993 0.24779
vt 0.04772 0.25227
vt 0.04556 0.24901
vt 0.06909 0.22966
vt 0.06795 0.23404
vt 0.06472 0.23342
vt 0.05623 0.25202
vt 0.05283 0.25313
vt 0.05371 0.24968
vt 0.04993 0.24779
vt 0.05419 0.24688
vt 0.05371 0.24968
vt 0.06257 0.23848
vt 0.05969 0.23926
vt 0.06274 0.236
vt 0.06909 0.22966
vt 0.07076 0.23121
vt 0.06795 0.23404
vt 0.04811 0.24517
vt 0.04993 0.24779
vt 0.04556 0.24901
vt 0.05819 0.24347
vt 0.05969 0.23926
vt 0.06093 0.24128
vt 0.06725 0.26231
vt 0.06486 0.26735
vt 0.06222 0.26532
vt 0.04772 0.25227
vt 0.04998 0.25334
vt 0.0483 0.25557
vt 0.07581 0.2579
vt 0.07905 0.25991
vt 0.07302 0.2596
vt 0.05162 0.24257
vt 0.05231 0.24484
vt 0.04811 0.24517
vt 0.07251 0.22252
vt 0.07278 0.22562
vt 0.06963 0.22604
vt 0.05655 0.24584
vt 0.05558 0.24403
vt 0.05819 0.24347
vt 0.06093 0.24128
vt 0.05969 0.23926
vt 0.06257 0.23848
vt 0.05371 0.24968
vt 0.05021 0.25106
vt 0.04993 0.24779
vt 0.06971 0.24986
vt 0.07973 0.24477
vt 0.07647 0.25135
vt 0.06274 0.236
vt 0.06795 0.23404
vt 0.0651 0.23695
vt 0.0715 0.23289
vt 0.06795 0.23404
vt 0.07076 0.23121
vt 0.06602 0.25722
vt 0.06456 0.25352
vt 0.06971 0.24986
vt 0.05162 0.24257
vt 0.0544 0.24263
vt 0.05231 0.24484
vt 0.0624 0.2618
vt 0.06602 0.25722
vt 0.06725 0.26231
vt 0.06257 0.23848
vt 0.06274 0.236
vt 0.0651 0.23695
vt 0.05028 0.26669
vt 0.05214 0.26452
vt 0.05449 0.26856
vt 0.06545 0.23113
vt 0.06367 0.232
vt 0.0632 0.23056
vt 0.05707 0.26593
vt 0.05942 0.2672
vt 0.05449 0.26856
vt 0.05655 0.24584
vt 0.05819 0.24347
vt 0.05826 0.24669
vt 0.0715 0.23289
vt 0.06876 0.2366
vt 0.06795 0.23404
vt 0.05606 0.24774
vt 0.05655 0.24584
vt 0.05826 0.24669
vt 0.0602 0.24422
vt 0.05819 0.24347
vt 0.06093 0.24128
vt 0.07186 0.23581
vt 0.06876 0.2366
vt 0.0715 0.23289
vt 0.06125 0.25739
vt 0.05805 0.26089
vt 0.0563 0.25583
vt 0.07991 0.22288
vt 0.07278 0.22562
vt 0.07391 0.22274
vt 0.07076 0.23121
vt 0.07521 0.22908
vt 0.0715 0.23289
vt 0.06545 0.23113
vt 0.06472 0.23342
vt 0.06356 0.23291
vt 0.06465 0.24977
vt 0.06456 0.25352
vt 0.06037 0.25259
vt 0.05826 0.24669
vt 0.0602 0.24422
vt 0.06161 0.24698
vt 0.04998 0.25334
vt 0.04772 0.25227
vt 0.05021 0.25106
vt 0.05623 0.25202
vt 0.05371 0.24968
vt 0.05788 0.24946
vt 0.05606 0.24774
vt 0.05788 0.24946
vt 0.05371 0.24968
vt 0.07521 0.22908
vt 0.07482 0.23156
vt 0.0715 0.23289
vt 0.07482 0.23156
vt 0.07294 0.23399
vt 0.0715 0.23289
vt 0.04998 0.25334
vt 0.0505 0.25604
vt 0.0483 0.25557
vt 0.05231 0.24484
vt 0.05558 0.24403
vt 0.05419 0.24688
vt 0.07991 0.22288
vt 0.07521 0.22908
vt 0.07278 0.22562
vt 0.07508 0.25535
vt 0.07302 0.2596
vt 0.0705 0.25641
vt 0.06161 0.24698
vt 0.06037 0.25259
vt 0.05788 0.24946
vt 0.06537 0.23839
vt 0.06876 0.2366
vt 0.06912 0.23966
vt 0.0505 0.25604
vt 0.04861 0.25748
vt 0.0483 0.25557
vt 0.06161 0.24698
vt 0.06394 0.2422
vt 0.06673 0.2451
vt 0.06537 0.23839
vt 0.06912 0.23966
vt 0.06394 0.2422
vt 0.06876 0.2366
vt 0.07186 0.23581
vt 0.06912 0.23966
vt 0.05283 0.25313
vt 0.05247 0.25565
vt 0.0505 0.25604
vt 0.05805 0.26089
vt 0.06125 0.25739
vt 0.0624 0.2618
vt 0.05425 0.24066
vt 0.0544 0.24263
vt 0.05162 0.24257
vt 0.06465 0.24977
vt 0.06161 0.24698
vt 0.06673 0.2451
vt 0.06037 0.25259
vt 0.06161 0.24698
vt 0.06465 0.24977
vt 0.05247 0.25565
vt 0.05283 0.25313
vt 0.0563 0.25583
vt 0.06912 0.23966
vt 0.07186 0.23581
vt 0.07907 0.23485
vt 0.06465 0.24977
vt 0.06673 0.2451
vt 0.06971 0.24986
vt 0.07508 0.25535
vt 0.07581 0.2579
vt 0.07302 0.2596
vt 0.06912 0.23966
vt 0.06673 0.2451
vt 0.06394 0.2422
vt 0.06093 0.24128
vt 0.06352 0.23921
vt 0.06394 0.2422
vt 0.05649 0.24081
vt 0.05819 0.24347
vt 0.05558 0.24403
vt 0.06181 0.23386
vt 0.06159 0.23269
vt 0.06356 0.23291
vt 0.0563 0.25583
vt 0.05321 0.25903
vt 0.05247 0.25565
vt 0.0563 0.25583
vt 0.05805 0.26089
vt 0.05321 0.25903
vt 0.0651 0.23695
vt 0.06537 0.23839
vt 0.06352 0.23921
vt 0.06125 0.25739
vt 0.06037 0.25259
vt 0.06456 0.25352
vt 0.06352 0.23921
vt 0.06093 0.24128
vt 0.06257 0.23848
vt 0.0632 0.23056
vt 0.06669 0.22821
vt 0.06545 0.23113
vt 0.05788 0.24946
vt 0.05826 0.24669
vt 0.06161 0.24698
vt 0.06125 0.25739
vt 0.0563 0.25583
vt 0.06037 0.25259
vt 0.06394 0.2422
vt 0.06352 0.23921
vt 0.06537 0.23839
vt 0.04772 0.25227
vt 0.04993 0.24779
vt 0.05021 0.25106
vt 0.07561 0.21992
vt 0.07991 0.22288
vt 0.07391 0.22274
vt 0.07278 0.22562
vt 0.06909 0.22966
vt 0.06963 0.22604
vt 0.05805 0.26089
vt 0.05485 0.2635
vt 0.05321 0.25903
vt 0.07907 0.23485
vt 0.07219 0.24286
vt 0.06912 0.23966
vt 0.06846 0.26607
vt 0.06486 0.26735
vt 0.06725 0.26231
vt 0.06971 0.24986
vt 0.06456 0.25352
vt 0.06465 0.24977
vt 0.06602 0.25722
vt 0.06125 0.25739
vt 0.06456 0.25352
vt 0.06602 0.25722
vt 0.0624 0.2618
vt 0.06125 0.25739
vt 0.05485 0.2635
vt 0.05805 0.26089
vt 0.05883 0.26435
vt 0.05449 0.26856
vt 0.05485 0.2635
vt 0.05707 0.26593
vt 0.0624 0.2618
vt 0.05883 0.26435
vt 0.05805 0.26089
vt 0.07647 0.25135
vt 0.0705 0.25641
vt 0.06971 0.24986
vt 0.05485 0.2635
vt 0.05214 0.26452
vt 0.05152 0.26201
vt 0.05321 0.25903
vt 0.05485 0.2635
vt 0.05152 0.26201
vt 0.05955 0.23716
vt 0.06123 0.23497
vt 0.06274 0.236
vt 0.06093 0.24128
vt 0.06394 0.2422
vt 0.0602 0.24422
vt 0.06846 0.26607
vt 0.06725 0.26231
vt 0.07211 0.26365
vt 0.07219 0.24286
vt 0.07973 0.24477
vt 0.06971 0.24986
vt 0.05826 0.24669
vt 0.05788 0.24946
vt 0.05606 0.24774
vt 0.06602 0.25722
vt 0.06971 0.24986
vt 0.0705 0.25641
vt 0.06725 0.26231
vt 0.06602 0.25722
vt 0.0705 0.25641
vt 0.06919 0.22401
vt 0.06669 0.22821
vt 0.0647 0.22607
vt 0.0678 0.22136
vt 0.06919 0.22401
vt 0.0647 0.22607
vt 0.04925 0.2636
vt 0.05214 0.26452
vt 0.05028 0.26669
vt 0.05449 0.26856
vt 0.05166 0.26856
vt 0.05028 0.26669
vt 0.06222 0.26532
vt 0.05707 0.26593
vt 0.05883 0.26435
vt 0.0705 0.25641
vt 0.07647 0.25135
vt 0.07508 0.25535
vt 0.07186 0.23581
vt 0.0715 0.23289
vt 0.07294 0.23399
vt 0.05152 0.26201
vt 0.05214 0.26452
vt 0.04925 0.2636
vt 0.06919 0.22401
vt 0.07251 0.22252
vt 0.06963 0.22604
vt 0.07278 0.22562
vt 0.07251 0.22252
vt 0.07391 0.22274
vt 0.05371 0.24968
vt 0.05419 0.24688
vt 0.05606 0.24774
vt 0.05321 0.25903
vt 0.05152 0.26201
vt 0.04914 0.25967
vt 0.05942 0.2672
vt 0.05707 0.26593
vt 0.06222 0.26532
vt 0.05623 0.25202
vt 0.0563 0.25583
vt 0.05283 0.25313
vt 0.04998 0.25334
vt 0.05021 0.25106
vt 0.05283 0.25313
vt 0.0705 0.25641
vt 0.07302 0.2596
vt 0.06725 0.26231
vt 0.05021 0.25106
vt 0.05371 0.24968
vt 0.05283 0.25313
vt 0.07211 0.26365
vt 0.06725 0.26231
vt 0.07302 0.2596
vt 0.04925 0.2636
vt 0.04914 0.25967
vt 0.05152 0.26201
vt 0.0651 0.23695
vt 0.06876 0.2366
vt 0.06537 0.23839
vt 0.06037 0.25259
vt 0.05623 0.25202
vt 0.05788 0.24946
vt 0.07092 0.2197
vt 0.07645 0.21443
vt 0.07344 0.21964
vt 0.05772 0.23737
vt 0.05649 0.24081
vt 0.05554 0.23811
vt 0.05203 0.23923
vt 0.05554 0.23811
vt 0.05425 0.24066
vt 0.05485 0.2635
vt 0.05449 0.26856
vt 0.05214 0.26452
vt 0.07278 0.22562
vt 0.07521 0.22908
vt 0.06909 0.22966
vt 0.06472 0.23342
vt 0.06795 0.23404
vt 0.06274 0.236
vt 0.07302 0.2596
vt 0.07905 0.25991
vt 0.07211 0.26365
vt 0.06963 0.22604
vt 0.06909 0.22966
vt 0.06669 0.22821
vt 0.07092 0.2197
vt 0.07141 0.22192
vt 0.06919 0.22401
vt 0.07255 0.26841
vt 0.07211 0.26365
vt 0.07905 0.25991
vt 0.06545 0.23113
vt 0.06669 0.22821
vt 0.06909 0.22966
vt 0.07251 0.22252
vt 0.07561 0.21992
vt 0.07391 0.22274
vt 0.06919 0.22401
vt 0.0678 0.22136
vt 0.07092 0.2197
vt 0.05419 0.24688
vt 0.04993 0.24779
vt 0.05231 0.24484
vt 0.05485 0.2635
vt 0.05883 0.26435
vt 0.05707 0.26593
vt 0.07905 0.25991
vt 0.07991 0.26711
vt 0.07255 0.26841
vt 0.0505 0.25604
vt 0.05321 0.25903
vt 0.04914 0.25967
vt 0.06472 0.23342
vt 0.06545 0.23113
vt 0.06909 0.22966
vt 0.05425 0.24066
vt 0.05162 0.24257
vt 0.05203 0.23923
vt 0.07907 0.23485
vt 0.07186 0.23581
vt 0.07294 0.23399
vt 0.06159 0.23269
vt 0.0632 0.23056
vt 0.06367 0.232
vt 0.06159 0.23269
vt 0.06181 0.23386
vt 0.05981 0.23414
vt 0.05655 0.24584
vt 0.05606 0.24774
vt 0.05419 0.24688
vt 0.06909 0.22966
vt 0.07521 0.22908
vt 0.07076 0.23121
vt 0.07141 0.22192
vt 0.07344 0.21964
vt 0.07251 0.22252
vt 0.06356 0.23291
vt 0.06367 0.232
vt 0.06545 0.23113
vt 0.0505 0.25604
vt 0.04914 0.25967
vt 0.04861 0.25748
vt 0.06222 0.26532
vt 0.0624 0.2618
vt 0.06725 0.26231
vt 0.06912 0.23966
vt 0.07219 0.24286
vt 0.06673 0.2451
vt 0.07561 0.21992
vt 0.07251 0.22252
vt 0.07344 0.21964
vt 0.06795 0.23404
vt 0.06876 0.2366
vt 0.0651 0.23695
vt 0.05649 0.24081
vt 0.05425 0.24066
vt 0.05554 0.23811
vt 0.05875 0.23532
vt 0.05955 0.23716
vt 0.05772 0.23737
vt 0.0602 0.24422
vt 0.06394 0.2422
vt 0.06161 0.24698
vt 0.06123 0.23497
vt 0.05875 0.23532
vt 0.05981 0.23414
vt 0.06367 0.232
vt 0.06356 0.23291
vt 0.06159 0.23269
vt 0.06222 0.26532
vt 0.05883 0.26435
vt 0.0624 0.2618
vt 0.0632 0.23056
vt 0.0647 0.22607
vt 0.06669 0.22821
vt 0.05981 0.23414
vt 0.06181 0.23386
vt 0.06123 0.23497
vt 0.26107 0.89673
vt 0.26277 0.8932
vt 0.2642 0.89804
vt 0.27804 0.90175
vt 0.27444 0.89873
vt 0.27723 0.89898
vt 0.28474 0.91641
vt 0.28221 0.91657
vt 0.28247 0.91575
vt 0.28961 0.90853
vt 0.28855 0.91001
vt 0.28806 0.90842
vt 0.28961 0.90853
vt 0.29011 0.91108
vt 0.28855 0.91001
vt 0.28689 0.90803
vt 0.28585 0.90633
vt 0.2885 0.90634
vt 0.27484 0.90151
vt 0.27179 0.89847
vt 0.27444 0.89873
vt 0.26593 0.89538
vt 0.26752 0.89873
vt 0.2642 0.89804
vt 0.27168 0.90088
vt 0.27054 0.9017
vt 0.27003 0.89887
vt 0.29171 0.90838
vt 0.29114 0.9061
vt 0.2929 0.90635
vt 0.29171 0.90838
vt 0.29032 0.90701
vt 0.29114 0.9061
vt 0.28003 0.90838
vt 0.28167 0.9058
vt 0.28374 0.90875
vt 0.28531 0.9118
vt 0.28218 0.91089
vt 0.28374 0.90875
vt 0.27054 0.9017
vt 0.26871 0.90185
vt 0.26948 0.8996
vt 0.29171 0.90838
vt 0.2929 0.90635
vt 0.29354 0.90917
vt 0.29256 0.90979
vt 0.29011 0.91108
vt 0.29171 0.90838
vt 0.26107 0.89673
vt 0.2615 0.90148
vt 0.25782 0.89729
vt 0.28531 0.9118
vt 0.28855 0.91001
vt 0.28876 0.91254
vt 0.28221 0.91657
vt 0.28474 0.91641
vt 0.28291 0.91794
vt 0.27188 0.90451
vt 0.27007 0.90838
vt 0.26595 0.9037
vt 0.28374 0.90875
vt 0.28655 0.90921
vt 0.28531 0.9118
vt 0.27168 0.90088
vt 0.27179 0.89847
vt 0.27484 0.90151
vt 0.26277 0.8932
vt 0.26593 0.89538
vt 0.2642 0.89804
vt 0.27637 0.90781
vt 0.27188 0.90451
vt 0.27697 0.90521
vt 0.27804 0.90175
vt 0.28112 0.90378
vt 0.28005 0.9038
vt 0.27804 0.90175
vt 0.27484 0.90151
vt 0.27444 0.89873
vt 0.28585 0.90633
vt 0.28425 0.90628
vt 0.28355 0.90469
vt 0.27347 0.90258
vt 0.27188 0.90451
vt 0.27054 0.9017
vt 0.27054 0.9017
vt 0.27168 0.90088
vt 0.27347 0.90258
vt 0.29349 0.91005
vt 0.29011 0.91108
vt 0.29256 0.90979
vt 0.28353 0.90212
vt 0.28617 0.90438
vt 0.28355 0.90469
vt 0.28123 0.89918
vt 0.28353 0.90212
vt 0.28042 0.90152
vt 0.28581 0.91408
vt 0.28531 0.9118
vt 0.28876 0.91254
vt 0.26107 0.89673
vt 0.25898 0.89356
vt 0.26277 0.8932
vt 0.28355 0.90469
vt 0.28617 0.90438
vt 0.28585 0.90633
vt 0.28806 0.90842
vt 0.28855 0.91001
vt 0.28655 0.90921
vt 0.2853 0.90784
vt 0.28374 0.90875
vt 0.28418 0.90709
vt 0.27804 0.90175
vt 0.28042 0.90152
vt 0.28112 0.90378
vt 0.2853 0.90784
vt 0.28655 0.90921
vt 0.28374 0.90875
vt 0.26107 0.89673
vt 0.25782 0.89729
vt 0.25898 0.89356
vt 0.28655 0.90921
vt 0.28855 0.91001
vt 0.28531 0.9118
vt 0.2853 0.90784
vt 0.28418 0.90709
vt 0.28425 0.90628
vt 0.28689 0.90803
vt 0.28655 0.90921
vt 0.2853 0.90784
vt 0.28112 0.90378
vt 0.28042 0.90152
vt 0.28355 0.90469
vt 0.28459 0.91886
vt 0.28291 0.91794
vt 0.28474 0.91641
vt 0.27188 0.90451
vt 0.27637 0.90781
vt 0.27409 0.90893
vt 0.28585 0.90633
vt 0.2853 0.90784
vt 0.28425 0.90628
vt 0.28655 0.90921
vt 0.28689 0.90803
vt 0.28806 0.90842
vt 0.28042 0.90152
vt 0.2791 0.89907
vt 0.28123 0.89918
vt 0.28806 0.90842
vt 0.28689 0.90803
vt 0.2885 0.90634
vt 0.29011 0.91108
vt 0.28876 0.91254
vt 0.28855 0.91001
vt 0.26893 0.89686
vt 0.27003 0.89887
vt 0.26752 0.89873
vt 0.28355 0.90469
vt 0.28243 0.90493
vt 0.28112 0.90378
vt 0.28806 0.90842
vt 0.2885 0.90634
vt 0.28961 0.90853
vt 0.29026 0.90312
vt 0.29114 0.9061
vt 0.2885 0.90634
vt 0.28617 0.90438
vt 0.28734 0.90259
vt 0.2885 0.90634
vt 0.2885 0.90634
vt 0.28585 0.90633
vt 0.28617 0.90438
vt 0.29373 0.90979
vt 0.29256 0.90979
vt 0.29317 0.90948
vt 0.26595 0.9037
vt 0.26871 0.90185
vt 0.27188 0.90451
vt 0.29032 0.90701
vt 0.28961 0.90853
vt 0.2885 0.90634
vt 0.27007 0.90838
vt 0.27188 0.90451
vt 0.27409 0.90893
vt 0.28167 0.9058
vt 0.27837 0.90371
vt 0.28005 0.9038
vt 0.28734 0.90259
vt 0.29026 0.90312
vt 0.2885 0.90634
vt 0.2929 0.90635
vt 0.29316 0.9055
vt 0.29445 0.90676
vt 0.29114 0.9061
vt 0.29032 0.90701
vt 0.2885 0.90634
vt 0.28262 0.91397
vt 0.28581 0.91408
vt 0.28451 0.91453
vt 0.29032 0.90701
vt 0.29171 0.90838
vt 0.28961 0.90853
vt 0.28961 0.90853
vt 0.29171 0.90838
vt 0.29011 0.91108
vt 0.26752 0.89873
vt 0.27003 0.89887
vt 0.26948 0.8996
vt 0.27637 0.90781
vt 0.27791 0.91117
vt 0.27409 0.90893
vt 0.27697 0.90521
vt 0.27188 0.90451
vt 0.27347 0.90258
vt 0.28112 0.90378
vt 0.28167 0.9058
vt 0.28005 0.9038
vt 0.27697 0.90521
vt 0.28003 0.90838
vt 0.27637 0.90781
vt 0.28129 0.91595
vt 0.28262 0.91397
vt 0.28247 0.91575
vt 0.27723 0.89898
vt 0.2791 0.89907
vt 0.28042 0.90152
vt 0.27347 0.90258
vt 0.27168 0.90088
vt 0.27484 0.90151
vt 0.26752 0.89873
vt 0.26595 0.9037
vt 0.2642 0.89804
vt 0.2615 0.90148
vt 0.26595 0.9037
vt 0.26246 0.90348
vt 0.28262 0.91397
vt 0.28474 0.91641
vt 0.28247 0.91575
vt 0.27054 0.9017
vt 0.27188 0.90451
vt 0.26871 0.90185
vt 0.29349 0.91005
vt 0.28876 0.91254
vt 0.29011 0.91108
vt 0.29316 0.9055
vt 0.29556 0.90528
vt 0.29445 0.90676
vt 0.27791 0.91117
vt 0.28218 0.91089
vt 0.28262 0.91397
vt 0.28042 0.90152
vt 0.28353 0.90212
vt 0.28355 0.90469
vt 0.28042 0.90152
vt 0.27804 0.90175
vt 0.27723 0.89898
vt 0.25364 0.89338
vt 0.25782 0.89729
vt 0.25365 0.89764
vt 0.29171 0.90838
vt 0.29354 0.90917
vt 0.29317 0.90948
vt 0.26948 0.8996
vt 0.26871 0.90185
vt 0.26752 0.89873
vt 0.25898 0.89356
vt 0.25782 0.89729
vt 0.25364 0.89338
vt 0.29256 0.90979
vt 0.29171 0.90838
vt 0.29317 0.90948
vt 0.26871 0.90185
vt 0.26595 0.9037
vt 0.26752 0.89873
vt 0.28581 0.91408
vt 0.28876 0.91254
vt 0.28854 0.91484
vt 0.28374 0.90875
vt 0.28218 0.91089
vt 0.28003 0.90838
vt 0.28617 0.90438
vt 0.28543 0.90227
vt 0.28734 0.90259
vt 0.29316 0.9055
vt 0.2929 0.90635
vt 0.29114 0.9061
vt 0.28374 0.90875
vt 0.28167 0.9058
vt 0.28418 0.90709
vt 0.27003 0.89887
vt 0.26893 0.89686
vt 0.27179 0.89847
vt 0.27804 0.90175
vt 0.27837 0.90371
vt 0.27484 0.90151
vt 0.29445 0.90676
vt 0.29354 0.90917
vt 0.2929 0.90635
vt 0.28262 0.91397
vt 0.28531 0.9118
vt 0.28581 0.91408
vt 0.29493 0.90948
vt 0.29551 0.91057
vt 0.29373 0.90979
vt 0.27697 0.90521
vt 0.28167 0.9058
vt 0.28003 0.90838
vt 0.28167 0.9058
vt 0.27697 0.90521
vt 0.27837 0.90371
vt 0.28854 0.91484
vt 0.28474 0.91641
vt 0.28581 0.91408
vt 0.26948 0.8996
vt 0.27003 0.89887
vt 0.27054 0.9017
vt 0.27697 0.90521
vt 0.27347 0.90258
vt 0.27484 0.90151
vt 0.28585 0.90633
vt 0.28689 0.90803
vt 0.2853 0.90784
vt 0.2642 0.89804
vt 0.26595 0.9037
vt 0.2615 0.90148
vt 0.28355 0.90469
vt 0.28167 0.9058
vt 0.28243 0.90493
vt 0.27637 0.90781
vt 0.28003 0.90838
vt 0.27791 0.91117
vt 0.28003 0.90838
vt 0.28218 0.91089
vt 0.27791 0.91117
vt 0.28418 0.90709
vt 0.28167 0.9058
vt 0.28425 0.90628
vt 0.26752 0.89873
vt 0.26593 0.89538
vt 0.26893 0.89686
vt 0.27484 0.90151
vt 0.27837 0.90371
vt 0.27697 0.90521
vt 0.28221 0.91657
vt 0.28129 0.91595
vt 0.28247 0.91575
vt 0.29317 0.90948
vt 0.29354 0.90917
vt 0.29493 0.90948
vt 0.28353 0.90212
vt 0.28543 0.90227
vt 0.28617 0.90438
vt 0.27179 0.89847
vt 0.27168 0.90088
vt 0.27003 0.89887
vt 0.28581 0.91408
vt 0.28474 0.91641
vt 0.28451 0.91453
vt 0.28005 0.9038
vt 0.27837 0.90371
vt 0.27804 0.90175
vt 0.28218 0.91089
vt 0.28531 0.9118
vt 0.28262 0.91397
vt 0.29551 0.91057
vt 0.29349 0.91005
vt 0.29373 0.90979
vt 0.28167 0.9058
vt 0.28355 0.90469
vt 0.28425 0.90628
vt 0.28474 0.91641
vt 0.28262 0.91397
vt 0.28451 0.91453
vt 0.29349 0.91005
vt 0.29256 0.90979
vt 0.29373 0.90979
vt 0.28221 0.91657
vt 0.28042 0.91632
vt 0.28129 0.91595
vt 0.28243 0.90493
vt 0.28167 0.9058
vt 0.28112 0.90378
vt 0.2615 0.90148
vt 0.26107 0.89673
vt 0.2642 0.89804
vt 0.29373 0.90979
vt 0.29317 0.90948
vt 0.29493 0.90948
vt 0.0501 0.85786
vt 0.04794 0.85701
vt 0.04868 0.8562
vt 0.04868 0.8562
vt 0.05035 0.85595
vt 0.0501 0.85786
vt 0.04868 0.8562
vt 0.04731 0.85554
vt 0.04834 0.85406
vt 0.04834 0.85406
vt 0.05035 0.85595
vt 0.04868 0.8562
vt 0.05695 0.83395
vt 0.06081 0.83345
vt 0.06252 0.83745
vt 0.04794 0.85701
vt 0.0501 0.85786
vt 0.04837 0.85849
vt 0.04227 0.83532
vt 0.04088 0.83724
vt 0.03963 0.83475
vt 0.03468 0.84765
vt 0.03613 0.84549
vt 0.03623 0.8481
vt 0.06232 0.84248
vt 0.06569 0.84847
vt 0.06091 0.84511
vt 0.04517 0.85689
vt 0.04731 0.85554
vt 0.04794 0.85701
vt 0.03899 0.84888
vt 0.04044 0.84429
vt 0.04333 0.84864
vt 0.03209 0.83901
vt 0.03624 0.84132
vt 0.03317 0.84215
vt 0.03952 0.8395
vt 0.04044 0.84429
vt 0.03624 0.84132
vt 0.06252 0.83745
vt 0.06637 0.84234
vt 0.06232 0.84248
vt 0.04162 0.83023
vt 0.0473 0.83852
vt 0.04227 0.83532
vt 0.03304 0.84905
vt 0.02989 0.85115
vt 0.0299 0.8478
vt 0.04349 0.84198
vt 0.04044 0.84429
vt 0.03952 0.8395
vt 0.04517 0.85689
vt 0.0425 0.85543
vt 0.04368 0.85346
vt 0.05681 0.84555
vt 0.06123 0.85069
vt 0.05789 0.85036
vt 0.04517 0.85689
vt 0.04592 0.85436
vt 0.04731 0.85554
vt 0.04075 0.85262
vt 0.03907 0.85568
vt 0.03816 0.85195
vt 0.04162 0.83023
vt 0.03619 0.82936
vt 0.03666 0.82586
vt 0.05789 0.85036
vt 0.06123 0.85069
vt 0.05962 0.85311
vt 0.0443 0.83793
vt 0.04088 0.83724
vt 0.04227 0.83532
vt 0.03619 0.82936
vt 0.04162 0.83023
vt 0.03921 0.83034
vt 0.04794 0.85701
vt 0.04731 0.85554
vt 0.04868 0.8562
vt 0.02964 0.84219
vt 0.0305 0.84027
vt 0.03317 0.84215
vt 0.04794 0.85701
vt 0.04837 0.85849
vt 0.04517 0.85689
vt 0.06288 0.82604
vt 0.0691 0.83133
vt 0.06446 0.83093
vt 0.03618 0.83424
vt 0.02909 0.82616
vt 0.03619 0.82936
vt 0.03209 0.83901
vt 0.0305 0.84027
vt 0.02621 0.8378
vt 0.06637 0.84234
vt 0.06983 0.84243
vt 0.07102 0.84752
vt 0.02909 0.82616
vt 0.03618 0.83424
vt 0.03063 0.83449
vt 0.05863 0.82988
vt 0.0585 0.82778
vt 0.06132 0.82918
vt 0.04147 0.85016
vt 0.04075 0.85262
vt 0.03899 0.84888
vt 0.06569 0.84847
vt 0.06232 0.84248
vt 0.06637 0.84234
vt 0.069 0.86172
vt 0.06722 0.86204
vt 0.06812 0.86007
vt 0.06417 0.83414
vt 0.06446 0.83093
vt 0.0672 0.83423
vt 0.02989 0.85115
vt 0.03304 0.84905
vt 0.03511 0.85277
vt 0.06153 0.83113
vt 0.06081 0.83345
vt 0.0583 0.83128
vt 0.03304 0.84905
vt 0.03204 0.84562
vt 0.03468 0.84765
vt 0.0583 0.83128
vt 0.05695 0.83395
vt 0.05381 0.82618
vt 0.06252 0.83745
vt 0.06713 0.83804
vt 0.06637 0.84234
vt 0.03618 0.83424
vt 0.03963 0.83475
vt 0.04088 0.83724
vt 0.03209 0.83901
vt 0.02621 0.8378
vt 0.03063 0.83449
vt 0.05863 0.82988
vt 0.0583 0.83128
vt 0.05381 0.82618
vt 0.0585 0.82778
vt 0.06288 0.82604
vt 0.06132 0.82918
vt 0.06132 0.82918
vt 0.06288 0.82604
vt 0.06446 0.83093
vt 0.0431 0.83995
vt 0.0443 0.83793
vt 0.0451 0.83989
vt 0.04626 0.8256
vt 0.04907 0.83367
vt 0.04162 0.83023
vt 0.06446 0.83093
vt 0.06153 0.83113
vt 0.06132 0.82918
vt 0.0431 0.83995
vt 0.03952 0.8395
vt 0.04088 0.83724
vt 0.06937 0.83653
vt 0.0672 0.83423
vt 0.0691 0.83133
vt 0.06081 0.83345
vt 0.05695 0.83395
vt 0.0583 0.83128
vt 0.06713 0.83804
vt 0.0672 0.83423
vt 0.06937 0.83653
vt 0.06081 0.83345
vt 0.06417 0.83414
vt 0.06252 0.83745
vt 0.03666 0.82586
vt 0.04012 0.82464
vt 0.04162 0.83023
vt 0.069 0.86172
vt 0.06778 0.86322
vt 0.06722 0.86204
vt 0.03209 0.83901
vt 0.03063 0.83449
vt 0.03481 0.83761
vt 0.06713 0.83804
vt 0.06983 0.84243
vt 0.06637 0.84234
vt 0.03921 0.83034
vt 0.04162 0.83023
vt 0.03849 0.83207
vt 0.04626 0.8256
vt 0.04162 0.83023
vt 0.04012 0.82464
vt 0.0486 0.84416
vt 0.05169 0.84685
vt 0.0485 0.84917
vt 0.04907 0.83367
vt 0.0473 0.83852
vt 0.04162 0.83023
vt 0.04227 0.83532
vt 0.03963 0.83475
vt 0.03849 0.83207
vt 0.05478 0.84865
vt 0.05288 0.85043
vt 0.05169 0.84685
vt 0.02909 0.82616
vt 0.03063 0.83449
vt 0.02375 0.83192
vt 0.04525 0.85174
vt 0.0485 0.84917
vt 0.04834 0.85406
vt 0.05681 0.84555
vt 0.06091 0.84511
vt 0.06123 0.85069
vt 0.03618 0.83424
vt 0.03849 0.83207
vt 0.03963 0.83475
vt 0.05681 0.84555
vt 0.05789 0.85036
vt 0.05478 0.84865
vt 0.05206 0.84359
vt 0.05681 0.84555
vt 0.05478 0.84865
vt 0.05206 0.84359
vt 0.0528 0.83953
vt 0.05681 0.84555
vt 0.03623 0.8481
vt 0.03899 0.84888
vt 0.03573 0.85002
vt 0.04592 0.85436
vt 0.04517 0.85689
vt 0.04368 0.85346
vt 0.06569 0.84847
vt 0.06519 0.85445
vt 0.06123 0.85069
vt 0.03618 0.83424
vt 0.03481 0.83761
vt 0.03063 0.83449
vt 0.03619 0.82936
vt 0.03404 0.82638
vt 0.03666 0.82586
vt 0.03816 0.85195
vt 0.03899 0.84888
vt 0.04075 0.85262
vt 0.0473 0.83852
vt 0.0443 0.83793
vt 0.04227 0.83532
vt 0.0425 0.85543
vt 0.04075 0.85262
vt 0.04368 0.85346
vt 0.0451 0.83989
vt 0.0443 0.83793
vt 0.0473 0.83852
vt 0.0473 0.83852
vt 0.04598 0.84165
vt 0.0451 0.83989
vt 0.02375 0.83192
vt 0.03063 0.83449
vt 0.02621 0.8378
vt 0.06312 0.86274
vt 0.06586 0.86088
vt 0.06722 0.86204
vt 0.05206 0.84359
vt 0.05478 0.84865
vt 0.05169 0.84685
vt 0.0486 0.84416
vt 0.05206 0.84359
vt 0.05169 0.84685
vt 0.06123 0.85069
vt 0.06091 0.84511
vt 0.06569 0.84847
vt 0.03618 0.83424
vt 0.03952 0.8395
vt 0.03481 0.83761
vt 0.05682 0.85421
vt 0.05962 0.85311
vt 0.06013 0.85533
vt 0.06153 0.83113
vt 0.0583 0.83128
vt 0.05863 0.82988
vt 0.05381 0.82618
vt 0.0585 0.82778
vt 0.05863 0.82988
vt 0.04626 0.8256
vt 0.05381 0.82618
vt 0.05198 0.83122
vt 0.06987 0.863
vt 0.06778 0.86322
vt 0.069 0.86172
vt 0.05682 0.85421
vt 0.05478 0.84865
vt 0.05789 0.85036
vt 0.06417 0.83414
vt 0.06713 0.83804
vt 0.06252 0.83745
vt 0.05962 0.85311
vt 0.05682 0.85421
vt 0.05789 0.85036
vt 0.03481 0.83761
vt 0.03952 0.8395
vt 0.03624 0.84132
vt 0.03481 0.83761
vt 0.03624 0.84132
vt 0.03209 0.83901
vt 0.0486 0.84416
vt 0.04598 0.84165
vt 0.0473 0.83852
vt 0.0451 0.83989
vt 0.04349 0.84198
vt 0.0431 0.83995
vt 0.06812 0.86007
vt 0.06641 0.85813
vt 0.06867 0.85742
vt 0.05478 0.84865
vt 0.05682 0.85421
vt 0.05288 0.85043
vt 0.0305 0.84027
vt 0.02964 0.84219
vt 0.02621 0.8378
vt 0.03317 0.84215
vt 0.0305 0.84027
vt 0.03209 0.83901
vt 0.0431 0.83995
vt 0.04349 0.84198
vt 0.03952 0.8395
vt 0.0486 0.84416
vt 0.04538 0.84504
vt 0.04598 0.84165
vt 0.04598 0.84165
vt 0.04538 0.84504
vt 0.04349 0.84198
vt 0.02457 0.8416
vt 0.02621 0.8378
vt 0.02964 0.84219
vt 0.0691 0.83133
vt 0.0672 0.83423
vt 0.06446 0.83093
vt 0.0486 0.84416
vt 0.0485 0.84917
vt 0.04538 0.84504
vt 0.03317 0.84215
vt 0.03624 0.84132
vt 0.03613 0.84549
vt 0.05288 0.85043
vt 0.05682 0.85421
vt 0.05185 0.85393
vt 0.03613 0.84549
vt 0.03204 0.84562
vt 0.03317 0.84215
vt 0.03204 0.84562
vt 0.02964 0.84219
vt 0.03317 0.84215
vt 0.02875 0.84494
vt 0.02457 0.8416
vt 0.02964 0.84219
vt 0.04044 0.84429
vt 0.04538 0.84504
vt 0.04333 0.84864
vt 0.0485 0.84917
vt 0.05185 0.85393
vt 0.04834 0.85406
vt 0.02875 0.84494
vt 0.02964 0.84219
vt 0.03204 0.84562
vt 0.02457 0.8416
vt 0.02875 0.84494
vt 0.02501 0.84776
vt 0.04333 0.84864
vt 0.0485 0.84917
vt 0.04525 0.85174
vt 0.03624 0.84132
vt 0.04044 0.84429
vt 0.03613 0.84549
vt 0.05185 0.85393
vt 0.05035 0.85595
vt 0.04834 0.85406
vt 0.03468 0.84765
vt 0.03204 0.84562
vt 0.03613 0.84549
vt 0.0299 0.8478
vt 0.02501 0.84776
vt 0.02875 0.84494
vt 0.04333 0.84864
vt 0.04147 0.85016
vt 0.03899 0.84888
vt 0.0299 0.8478
vt 0.02875 0.84494
vt 0.03204 0.84562
vt 0.0672 0.83423
vt 0.06713 0.83804
vt 0.06417 0.83414
vt 0.03623 0.8481
vt 0.03613 0.84549
vt 0.03899 0.84888
vt 0.04834 0.85406
vt 0.04731 0.85554
vt 0.04592 0.85436
vt 0.04088 0.83724
vt 0.03952 0.8395
vt 0.03618 0.83424
vt 0.04088 0.83724
vt 0.0443 0.83793
vt 0.0431 0.83995
vt 0.0473 0.83852
vt 0.05206 0.84359
vt 0.0486 0.84416
vt 0.0473 0.83852
vt 0.0528 0.83953
vt 0.05206 0.84359
vt 0.0299 0.8478
vt 0.02989 0.85115
vt 0.02501 0.84776
vt 0.04333 0.84864
vt 0.04525 0.85174
vt 0.04289 0.85111
vt 0.05381 0.82618
vt 0.05695 0.83395
vt 0.05198 0.83122
vt 0.04333 0.84864
vt 0.04289 0.85111
vt 0.04147 0.85016
vt 0.04834 0.85406
vt 0.04592 0.85436
vt 0.04525 0.85174
vt 0.03618 0.83424
vt 0.03619 0.82936
vt 0.03849 0.83207
vt 0.04592 0.85436
vt 0.04368 0.85346
vt 0.04525 0.85174
vt 0.04368 0.85346
vt 0.04289 0.85111
vt 0.04525 0.85174
vt 0.03619 0.82936
vt 0.03921 0.83034
vt 0.03849 0.83207
vt 0.03573 0.85002
vt 0.03304 0.84905
vt 0.03468 0.84765
vt 0.06153 0.83113
vt 0.06446 0.83093
vt 0.06417 0.83414
vt 0.04075 0.85262
vt 0.04147 0.85016
vt 0.04289 0.85111
vt 0.07102 0.84752
vt 0.06569 0.84847
vt 0.06637 0.84234
vt 0.03573 0.85002
vt 0.03468 0.84765
vt 0.03623 0.8481
vt 0.03573 0.85002
vt 0.03899 0.84888
vt 0.03816 0.85195
vt 0.04289 0.85111
vt 0.04368 0.85346
vt 0.04075 0.85262
vt 0.03304 0.84905
vt 0.03573 0.85002
vt 0.03511 0.85277
vt 0.0425 0.85543
vt 0.03907 0.85568
vt 0.04075 0.85262
vt 0.03404 0.82638
vt 0.03619 0.82936
vt 0.02909 0.82616
vt 0.04349 0.84198
vt 0.04538 0.84504
vt 0.04044 0.84429
vt 0.06722 0.86204
vt 0.06586 0.86088
vt 0.06812 0.86007
vt 0.05376 0.83587
vt 0.04907 0.83367
vt 0.05198 0.83122
vt 0.06091 0.84511
vt 0.05681 0.84555
vt 0.05779 0.84004
vt 0.05198 0.83122
vt 0.05695 0.83395
vt 0.05376 0.83587
vt 0.06132 0.82918
vt 0.06153 0.83113
vt 0.05863 0.82988
vt 0.05695 0.83395
vt 0.05779 0.84004
vt 0.05376 0.83587
vt 0.05779 0.84004
vt 0.06232 0.84248
vt 0.06091 0.84511
vt 0.0473 0.83852
vt 0.04907 0.83367
vt 0.0528 0.83953
vt 0.05376 0.83587
vt 0.0528 0.83953
vt 0.04907 0.83367
vt 0.05376 0.83587
vt 0.05779 0.84004
vt 0.0528 0.83953
vt 0.05681 0.84555
vt 0.0528 0.83953
vt 0.05779 0.84004
vt 0.069 0.86172
vt 0.06812 0.86007
vt 0.06997 0.85903
vt 0.05695 0.83395
vt 0.06252 0.83745
vt 0.05779 0.84004
vt 0.05779 0.84004
vt 0.06252 0.83745
vt 0.06232 0.84248
vt 0.06987 0.863
vt 0.07122 0.86061
vt 0.0717 0.86154
vt 0.06783 0.85528
vt 0.06519 0.85445
vt 0.06569 0.84847
vt 0.06842 0.86439
vt 0.06665 0.86588
vt 0.06446 0.86464
vt 0.06783 0.85528
vt 0.06569 0.84847
vt 0.06895 0.8528
vt 0.07232 0.85834
vt 0.07313 0.8597
vt 0.07122 0.86061
vt 0.0745 0.85808
vt 0.07313 0.8597
vt 0.07232 0.85834
vt 0.07706 0.85578
vt 0.07494 0.85572
vt 0.07578 0.85377
vt 0.07093 0.85601
vt 0.07283 0.85493
vt 0.07297 0.8564
vt 0.07179 0.84522
vt 0.07415 0.84693
vt 0.07102 0.84752
vt 0.07283 0.85493
vt 0.07093 0.85601
vt 0.07138 0.85313
vt 0.06895 0.8528
vt 0.07093 0.85601
vt 0.06783 0.85528
vt 0.0485 0.84917
vt 0.05169 0.84685
vt 0.05288 0.85043
vt 0.07379 0.85694
vt 0.07297 0.8564
vt 0.07283 0.85493
vt 0.07313 0.8597
vt 0.07325 0.86056
vt 0.07122 0.86061
vt 0.07327 0.85214
vt 0.07102 0.84752
vt 0.07415 0.84693
vt 0.07379 0.85694
vt 0.07283 0.85493
vt 0.07494 0.85572
vt 0.07093 0.85601
vt 0.06895 0.8528
vt 0.07138 0.85313
vt 0.07494 0.85572
vt 0.07706 0.85578
vt 0.07622 0.85736
vt 0.06081 0.83345
vt 0.06153 0.83113
vt 0.06417 0.83414
vt 0.07232 0.85834
vt 0.07297 0.8564
vt 0.07379 0.85694
vt 0.07379 0.85694
vt 0.07494 0.85572
vt 0.0745 0.85808
vt 0.07232 0.85834
vt 0.07379 0.85694
vt 0.0745 0.85808
vt 0.07494 0.85572
vt 0.07283 0.85493
vt 0.07327 0.85214
vt 0.07102 0.84752
vt 0.07327 0.85214
vt 0.07138 0.85313
vt 0.0485 0.84917
vt 0.04333 0.84864
vt 0.04538 0.84504
vt 0.07283 0.85493
vt 0.07138 0.85313
vt 0.07327 0.85214
vt 0.07578 0.85377
vt 0.07494 0.85572
vt 0.07327 0.85214
vt 0.06895 0.8528
vt 0.07102 0.84752
vt 0.07138 0.85313
vt 0.07494 0.85572
vt 0.07622 0.85736
vt 0.0745 0.85808
vt 0.07093 0.85601
vt 0.07297 0.8564
vt 0.07232 0.85834
vt 0.0299 0.8478
vt 0.03204 0.84562
vt 0.03304 0.84905
vt 0.07122 0.86061
vt 0.07325 0.86056
vt 0.0717 0.86154
vt 0.07122 0.86061
vt 0.06987 0.863
vt 0.069 0.86172
vt 0.07327 0.85214
vt 0.07535 0.85134
vt 0.07578 0.85377
vt 0.06778 0.86322
vt 0.06312 0.86274
vt 0.06722 0.86204
vt 0.04227 0.83532
vt 0.03849 0.83207
vt 0.04162 0.83023
vt 0.05185 0.85393
vt 0.0485 0.84917
vt 0.05288 0.85043
vt 0.05644 0.86815
vt 0.05887 0.8652
vt 0.05804 0.86906
vt 0.05789 0.85974
vt 0.05353 0.85918
vt 0.05682 0.85421
vt 0.05353 0.85918
vt 0.05717 0.86262
vt 0.05334 0.86501
vt 0.05887 0.8652
vt 0.05717 0.86262
vt 0.06016 0.86163
vt 0.05644 0.86815
vt 0.05334 0.86501
vt 0.05717 0.86262
vt 0.06307 0.86054
vt 0.06312 0.86274
vt 0.06016 0.86163
vt 0.07832 0.85582
vt 0.07891 0.85483
vt 0.07825 0.85689
vt 0.07682 0.85889
vt 0.07774 0.85713
vt 0.07825 0.85689
vt 0.07825 0.85689
vt 0.07774 0.85713
vt 0.07832 0.85582
vt 0.06997 0.85903
vt 0.07093 0.85601
vt 0.07232 0.85834
vt 0.05644 0.86815
vt 0.05717 0.86262
vt 0.05887 0.8652
vt 0.07179 0.84522
vt 0.07262 0.84363
vt 0.07415 0.84693
vt 0.07262 0.84363
vt 0.07451 0.84663
vt 0.07415 0.84693
vt 0.07451 0.84663
vt 0.07262 0.84363
vt 0.07461 0.84381
vt 0.07535 0.85134
vt 0.07415 0.84693
vt 0.07451 0.84663
vt 0.07635 0.84482
vt 0.07622 0.84587
vt 0.07461 0.84381
vt 0.07639 0.84963
vt 0.07535 0.85134
vt 0.07451 0.84663
vt 0.07451 0.84663
vt 0.07622 0.84587
vt 0.07764 0.84676
vt 0.07415 0.84693
vt 0.07535 0.85134
vt 0.07327 0.85214
vt 0.07461 0.84381
vt 0.07622 0.84587
vt 0.07451 0.84663
vt 0.07578 0.85377
vt 0.07535 0.85134
vt 0.07759 0.85383
vt 0.07325 0.86056
vt 0.07496 0.85961
vt 0.07552 0.86042
vt 0.07899 0.85101
vt 0.07743 0.85143
vt 0.07873 0.84612
vt 0.07496 0.85961
vt 0.07622 0.85736
vt 0.07682 0.85889
vt 0.03573 0.85002
vt 0.03816 0.85195
vt 0.03511 0.85277
vt 0.07906 0.85377
vt 0.07743 0.85143
vt 0.07899 0.85101
vt 0.07535 0.85134
vt 0.07743 0.85143
vt 0.07759 0.85383
vt 0.07764 0.84676
vt 0.07635 0.84482
vt 0.07873 0.84612
vt 0.07764 0.84676
vt 0.07622 0.84587
vt 0.07635 0.84482
vt 0.04907 0.83367
vt 0.04626 0.8256
vt 0.05198 0.83122
vt 0.07743 0.85143
vt 0.07764 0.84676
vt 0.07873 0.84612
vt 0.07461 0.84381
vt 0.07262 0.84363
vt 0.07343 0.8431
vt 0.07906 0.85377
vt 0.07759 0.85383
vt 0.07743 0.85143
vt 0.06812 0.86007
vt 0.06867 0.85742
vt 0.06997 0.85903
vt 0.07122 0.86061
vt 0.069 0.86172
vt 0.06997 0.85903
vt 0.06726 0.85658
vt 0.06867 0.85742
vt 0.06641 0.85813
vt 0.06075 0.85899
vt 0.06307 0.86054
vt 0.06016 0.86163
vt 0.05717 0.86262
vt 0.05789 0.85974
vt 0.06016 0.86163
vt 0.07122 0.86061
vt 0.06997 0.85903
vt 0.07232 0.85834
vt 0.04566 0.86379
vt 0.04127 0.86572
vt 0.04053 0.86034
vt 0.05202 0.86955
vt 0.04826 0.87094
vt 0.04964 0.86667
vt 0.03546 0.86234
vt 0.02262 0.863
vt 0.031 0.85892
vt 0.05682 0.85421
vt 0.06013 0.85533
vt 0.06075 0.85899
vt 0.06185 0.85674
vt 0.06075 0.85899
vt 0.06013 0.85533
vt 0.05334 0.86501
vt 0.04959 0.86195
vt 0.05353 0.85918
vt 0.04964 0.86667
vt 0.04566 0.86379
vt 0.04959 0.86195
vt 0.06519 0.85445
vt 0.06337 0.85569
vt 0.06123 0.85069
vt 0.07102 0.84752
vt 0.06895 0.8528
vt 0.06569 0.84847
vt 0.05353 0.85918
vt 0.05185 0.85393
vt 0.05682 0.85421
vt 0.0425 0.85543
vt 0.04517 0.85689
vt 0.04276 0.85769
vt 0.03444 0.85653
vt 0.02891 0.85404
vt 0.02989 0.85115
vt 0.03816 0.85195
vt 0.03907 0.85568
vt 0.03511 0.85277
vt 0.06123 0.85069
vt 0.06162 0.85402
vt 0.05962 0.85311
vt 0.04127 0.86572
vt 0.03546 0.86234
vt 0.04053 0.86034
vt 0.0457 0.86787
vt 0.04964 0.86667
vt 0.04826 0.87094
vt 0.04053 0.86034
vt 0.04559 0.86019
vt 0.04566 0.86379
vt 0.06783 0.85528
vt 0.06867 0.85742
vt 0.06726 0.85658
vt 0.04559 0.86019
vt 0.04276 0.85769
vt 0.04517 0.85689
vt 0.05035 0.85595
vt 0.05185 0.85393
vt 0.05353 0.85918
vt 0.06337 0.85569
vt 0.06519 0.85445
vt 0.06641 0.85813
vt 0.06162 0.85402
vt 0.06013 0.85533
vt 0.05962 0.85311
vt 0.04837 0.85849
vt 0.04959 0.86195
vt 0.04559 0.86019
vt 0.04964 0.86667
vt 0.04959 0.86195
vt 0.05334 0.86501
vt 0.03444 0.85653
vt 0.04053 0.86034
vt 0.03546 0.86234
vt 0.02891 0.85404
vt 0.03444 0.85653
vt 0.031 0.85892
vt 0.06337 0.85569
vt 0.06185 0.85674
vt 0.06162 0.85402
vt 0.0504 0.87235
vt 0.05278 0.87243
vt 0.04801 0.8785
vt 0.06166 0.86501
vt 0.05887 0.8652
vt 0.06312 0.86274
vt 0.04559 0.86019
vt 0.04517 0.85689
vt 0.04837 0.85849
vt 0.06013 0.85533
vt 0.06162 0.85402
vt 0.06185 0.85674
vt 0.04127 0.86572
vt 0.04275 0.87166
vt 0.03488 0.8685
vt 0.03912 0.87732
vt 0.03361 0.88245
vt 0.02213 0.87435
vt 0.06162 0.85402
vt 0.06123 0.85069
vt 0.06337 0.85569
vt 0.05202 0.86955
vt 0.04964 0.86667
vt 0.05334 0.86501
vt 0.03912 0.87732
vt 0.04168 0.88602
vt 0.03361 0.88245
vt 0.04275 0.87166
vt 0.04127 0.86572
vt 0.0457 0.86787
vt 0.05202 0.86955
vt 0.05334 0.86501
vt 0.05644 0.86815
vt 0.03552 0.87342
vt 0.03912 0.87732
vt 0.02213 0.87435
vt 0.04801 0.8785
vt 0.04168 0.88602
vt 0.03912 0.87732
vt 0.05353 0.85918
vt 0.04959 0.86195
vt 0.0501 0.85786
vt 0.03552 0.87342
vt 0.02213 0.87435
vt 0.03488 0.8685
vt 0.06175 0.86711
vt 0.06166 0.86501
vt 0.06446 0.86464
vt 0.06413 0.85877
vt 0.06185 0.85674
vt 0.06337 0.85569
vt 0.03912 0.87732
vt 0.03552 0.87342
vt 0.04275 0.87166
vt 0.04275 0.87166
vt 0.03552 0.87342
vt 0.03488 0.8685
vt 0.04275 0.87166
vt 0.04801 0.8785
vt 0.03912 0.87732
vt 0.02262 0.863
vt 0.03488 0.8685
vt 0.02213 0.87435
vt 0.04801 0.8785
vt 0.04275 0.87166
vt 0.04826 0.87094
vt 0.06016 0.86163
vt 0.05789 0.85974
vt 0.06075 0.85899
vt 0.04826 0.87094
vt 0.04275 0.87166
vt 0.0457 0.86787
vt 0.04801 0.8785
vt 0.04826 0.87094
vt 0.0504 0.87235
vt 0.03546 0.86234
vt 0.03488 0.8685
vt 0.02262 0.863
vt 0.04837 0.85849
vt 0.0501 0.85786
vt 0.04959 0.86195
vt 0.06446 0.86464
vt 0.06778 0.86322
vt 0.06842 0.86439
vt 0.04053 0.86034
vt 0.03907 0.85568
vt 0.04276 0.85769
vt 0.03488 0.8685
vt 0.03546 0.86234
vt 0.04127 0.86572
vt 0.04127 0.86572
vt 0.04566 0.86379
vt 0.0457 0.86787
vt 0.05202 0.86955
vt 0.0504 0.87235
vt 0.04826 0.87094
vt 0.03546 0.86234
vt 0.031 0.85892
vt 0.03444 0.85653
vt 0.05202 0.86955
vt 0.05278 0.87243
vt 0.0504 0.87235
vt 0.0457 0.86787
vt 0.04566 0.86379
vt 0.04964 0.86667
vt 0.05644 0.86815
vt 0.05278 0.87243
vt 0.05202 0.86955
vt 0.04053 0.86034
vt 0.03444 0.85653
vt 0.03907 0.85568
vt 0.03511 0.85277
vt 0.03907 0.85568
vt 0.03444 0.85653
vt 0.05717 0.86262
vt 0.05353 0.85918
vt 0.05789 0.85974
vt 0.04053 0.86034
vt 0.04276 0.85769
vt 0.04559 0.86019
vt 0.04566 0.86379
vt 0.04559 0.86019
vt 0.04959 0.86195
vt 0.03907 0.85568
vt 0.0425 0.85543
vt 0.04276 0.85769
vt 0.03444 0.85653
vt 0.02989 0.85115
vt 0.03511 0.85277
vt 0.05035 0.85595
vt 0.05353 0.85918
vt 0.0501 0.85786
vt 0.06185 0.85674
vt 0.06413 0.85877
vt 0.06075 0.85899
vt 0.07093 0.85601
vt 0.06867 0.85742
vt 0.06783 0.85528
vt 0.06778 0.86322
vt 0.06446 0.86464
vt 0.06312 0.86274
vt 0.06586 0.86088
vt 0.06312 0.86274
vt 0.06307 0.86054
vt 0.06778 0.86322
vt 0.06987 0.863
vt 0.06842 0.86439
vt 0.06016 0.86163
vt 0.06312 0.86274
vt 0.05887 0.8652
vt 0.06166 0.86501
vt 0.06312 0.86274
vt 0.06446 0.86464
vt 0.07891 0.85483
vt 0.07759 0.85383
vt 0.07906 0.85377
vt 0.07759 0.85383
vt 0.07891 0.85483
vt 0.07832 0.85582
vt 0.07706 0.85578
vt 0.07759 0.85383
vt 0.07832 0.85582
vt 0.07759 0.85383
vt 0.07706 0.85578
vt 0.07578 0.85377
vt 0.07552 0.83894
vt 0.07607 0.8346
vt 0.07737 0.83845
vt 0.06983 0.84243
vt 0.07179 0.84522
vt 0.07102 0.84752
vt 0.06937 0.83653
vt 0.07097 0.83993
vt 0.06713 0.83804
vt 0.06983 0.84243
vt 0.06713 0.83804
vt 0.07097 0.83993
vt 0.07262 0.84363
vt 0.07179 0.84522
vt 0.06983 0.84243
vt 0.06937 0.83653
vt 0.07251 0.83918
vt 0.07097 0.83993
vt 0.07251 0.83918
vt 0.07343 0.8431
vt 0.07262 0.84363
vt 0.07481 0.84152
vt 0.07461 0.84381
vt 0.07251 0.83918
vt 0.07097 0.83993
vt 0.07251 0.83918
vt 0.07262 0.84363
vt 0.07251 0.83918
vt 0.06937 0.83653
vt 0.0691 0.83133
vt 0.07251 0.83918
vt 0.07461 0.84381
vt 0.07343 0.8431
vt 0.07737 0.83845
vt 0.07673 0.84264
vt 0.07552 0.83894
vt 0.06783 0.85528
vt 0.06726 0.85658
vt 0.06519 0.85445
vt 0.06983 0.84243
vt 0.07097 0.83993
vt 0.07262 0.84363
vt 0.07351 0.83102
vt 0.07607 0.8346
vt 0.07412 0.83563
vt 0.0691 0.83133
vt 0.07351 0.83102
vt 0.07412 0.83563
vt 0.07251 0.83918
vt 0.07412 0.83563
vt 0.07481 0.84152
vt 0.07251 0.83918
vt 0.0691 0.83133
vt 0.07412 0.83563
vt 0.07552 0.83894
vt 0.07412 0.83563
vt 0.07607 0.8346
vt 0.07552 0.83894
vt 0.07481 0.84152
vt 0.07412 0.83563
vt 0.07552 0.83894
vt 0.07673 0.84264
vt 0.07481 0.84152
vt 0.05278 0.87243
vt 0.05333 0.87628
vt 0.04801 0.8785
vt 0.05798 0.87636
vt 0.05863 0.87389
vt 0.05978 0.87521
vt 0.06446 0.86464
vt 0.06665 0.86588
vt 0.06381 0.8672
vt 0.05647 0.87511
vt 0.05333 0.87628
vt 0.05758 0.87205
vt 0.06175 0.86711
vt 0.05944 0.86718
vt 0.06166 0.86501
vt 0.05758 0.87205
vt 0.05863 0.87389
vt 0.05647 0.87511
vt 0.06175 0.86711
vt 0.05985 0.87097
vt 0.05944 0.86718
vt 0.04044 0.84429
vt 0.03899 0.84888
vt 0.03613 0.84549
vt 0.05887 0.86893
vt 0.05985 0.87097
vt 0.05863 0.87389
vt 0.07673 0.84264
vt 0.07635 0.84482
vt 0.07481 0.84152
vt 0.06075 0.85899
vt 0.06413 0.85877
vt 0.06307 0.86054
vt 0.05887 0.86893
vt 0.05863 0.87389
vt 0.05758 0.87205
vt 0.05985 0.87097
vt 0.05978 0.87521
vt 0.05863 0.87389
vt 0.07635 0.84482
vt 0.07461 0.84381
vt 0.07481 0.84152
vt 0.05863 0.87389
vt 0.05798 0.87636
vt 0.05647 0.87511
vt 0.07873 0.84612
vt 0.07635 0.84482
vt 0.07673 0.84264
vt 0.06213 0.86991
vt 0.05985 0.87097
vt 0.06175 0.86711
vt 0.06586 0.86088
vt 0.06641 0.85813
vt 0.06812 0.86007
vt 0.05278 0.87243
vt 0.05758 0.87205
vt 0.05333 0.87628
vt 0.06075 0.85899
vt 0.05789 0.85974
vt 0.05682 0.85421
vt 0.06641 0.85813
vt 0.06519 0.85445
vt 0.06726 0.85658
vt 0.06381 0.8672
vt 0.06213 0.86991
vt 0.06175 0.86711
vt 0.06586 0.86088
vt 0.06413 0.85877
vt 0.06641 0.85813
vt 0.06446 0.86464
vt 0.06381 0.8672
vt 0.06175 0.86711
vt 0.07622 0.85736
vt 0.07774 0.85713
vt 0.07682 0.85889
vt 0.06413 0.85877
vt 0.06586 0.86088
vt 0.06307 0.86054
vt 0.05644 0.86815
vt 0.05804 0.86906
vt 0.05758 0.87205
vt 0.05804 0.86906
vt 0.05887 0.8652
vt 0.05887 0.86893
vt 0.05758 0.87205
vt 0.05278 0.87243
vt 0.05644 0.86815
vt 0.05887 0.86893
vt 0.05758 0.87205
vt 0.05804 0.86906
vt 0.07743 0.85143
vt 0.07535 0.85134
vt 0.07639 0.84963
vt 0.07764 0.84676
vt 0.07639 0.84963
vt 0.07451 0.84663
vt 0.07743 0.85143
vt 0.07639 0.84963
vt 0.07764 0.84676
vt 0.07682 0.85889
vt 0.07552 0.86042
vt 0.07496 0.85961
vt 0.05887 0.86893
vt 0.05887 0.8652
vt 0.05944 0.86718
vt 0.05944 0.86718
vt 0.05887 0.8652
vt 0.06166 0.86501
vt 0.05944 0.86718
vt 0.05985 0.87097
vt 0.05887 0.86893
vt 0.07093 0.85601
vt 0.06997 0.85903
vt 0.06867 0.85742
vt 0.07774 0.85713
vt 0.07706 0.85578
vt 0.07832 0.85582
vt 0.07774 0.85713
vt 0.07622 0.85736
vt 0.07706 0.85578
vt 0.07496 0.85961
vt 0.0745 0.85808
vt 0.07622 0.85736
vt 0.0745 0.85808
vt 0.07496 0.85961
vt 0.07313 0.8597
vt 0.0451 0.83989
vt 0.04598 0.84165
vt 0.04349 0.84198
vt 0.06413 0.85877
vt 0.06337 0.85569
vt 0.06641 0.85813
vt 0.07496 0.85961
vt 0.07325 0.86056
vt 0.07313 0.8597
vt 0.12312 0.34434
vt 0.12483 0.34205
vt 0.12651 0.34425
vt 0.12791 0.34333
vt 0.12713 0.34109
vt 0.12861 0.34293
vt 0.10668 0.34309
vt 0.10683 0.34511
vt 0.10463 0.34509
vt 0.12646 0.3417
vt 0.12651 0.34425
vt 0.12483 0.34205
vt 0.12483 0.34205
vt 0.12312 0.34434
vt 0.12273 0.34278
vt 0.12791 0.34333
vt 0.12651 0.34425
vt 0.12646 0.3417
vt 0.12026 0.34478
vt 0.11714 0.34533
vt 0.11823 0.34305
vt 0.10879 0.34541
vt 0.10683 0.34511
vt 0.10668 0.34309
vt 0.12021 0.34285
vt 0.12312 0.34434
vt 0.12026 0.34478
vt 0.11373 0.34386
vt 0.11714 0.34533
vt 0.11492 0.34721
vt 0.1217 0.34164
vt 0.12273 0.34278
vt 0.12312 0.34434
vt 0.10597 0.34646
vt 0.10758 0.34656
vt 0.10672 0.34848
vt 0.11492 0.34721
vt 0.11264 0.34601
vt 0.11373 0.34386
vt 0.10879 0.34541
vt 0.11086 0.34648
vt 0.10973 0.34821
vt 0.10672 0.34848
vt 0.10339 0.34743
vt 0.10597 0.34646
vt 0.10339 0.34743
vt 0.10463 0.34509
vt 0.10597 0.34646
vt 0.10339 0.34743
vt 0.10234 0.34517
vt 0.10463 0.34509
vt 0.10683 0.34511
vt 0.10758 0.34656
vt 0.10597 0.34646
vt 0.10463 0.34509
vt 0.10683 0.34511
vt 0.10597 0.34646
vt 0.10234 0.34517
vt 0.10369 0.34379
vt 0.10463 0.34509
vt 0.10668 0.34309
vt 0.11118 0.34105
vt 0.11078 0.34391
vt 0.12011 0.30131
vt 0.11641 0.30589
vt 0.11453 0.30016
vt 0.11605 0.31022
vt 0.11641 0.30589
vt 0.12155 0.30539
vt 0.12155 0.30539
vt 0.12325 0.31097
vt 0.11605 0.31022
vt 0.11118 0.34105
vt 0.10668 0.34309
vt 0.10641 0.34075
vt 0.12156 0.31616
vt 0.1172 0.31682
vt 0.12325 0.31097
vt 0.12325 0.31097
vt 0.1172 0.31682
vt 0.11765 0.31357
vt 0.11605 0.31022
vt 0.12325 0.31097
vt 0.11765 0.31357
vt 0.11376 0.33858
vt 0.11465 0.3415
vt 0.11118 0.34105
vt 0.12373 0.333
vt 0.12545 0.33403
vt 0.12391 0.33428
vt 0.11677 0.32629
vt 0.11527 0.32566
vt 0.11645 0.32483
vt 0.11677 0.32629
vt 0.11645 0.32483
vt 0.11811 0.32612
vt 0.11641 0.30589
vt 0.12011 0.30131
vt 0.12155 0.30539
vt 0.11376 0.33858
vt 0.10837 0.33493
vt 0.11599 0.33546
vt 0.11078 0.34391
vt 0.10879 0.34541
vt 0.10668 0.34309
vt 0.10879 0.34541
vt 0.11078 0.34391
vt 0.11086 0.34648
vt 0.11636 0.34276
vt 0.11823 0.34305
vt 0.11714 0.34533
vt 0.11636 0.34276
vt 0.11714 0.34533
vt 0.11373 0.34386
vt 0.12273 0.34278
vt 0.12278 0.34173
vt 0.12483 0.34205
vt 0.1217 0.34164
vt 0.12278 0.34173
vt 0.12273 0.34278
vt 0.10463 0.34509
vt 0.10369 0.34379
vt 0.10668 0.34309
vt 0.11725 0.34169
vt 0.11932 0.34052
vt 0.11823 0.34305
vt 0.11934 0.34193
vt 0.11823 0.34305
vt 0.11932 0.34052
vt 0.12278 0.34173
vt 0.1217 0.34164
vt 0.11932 0.34052
vt 0.11934 0.34193
vt 0.11932 0.34052
vt 0.1217 0.34164
vt 0.11811 0.32612
vt 0.11645 0.32483
vt 0.12029 0.32488
vt 0.12186 0.33513
vt 0.12391 0.33428
vt 0.12532 0.33686
vt 0.11948 0.33547
vt 0.12089 0.33823
vt 0.11746 0.33822
vt 0.12532 0.33686
vt 0.12713 0.34109
vt 0.12568 0.33995
vt 0.11618 0.3407
vt 0.11746 0.33822
vt 0.11932 0.34052
vt 0.12354 0.34003
vt 0.11932 0.34052
vt 0.12089 0.33823
vt 0.12545 0.33403
vt 0.12532 0.33686
vt 0.12391 0.33428
vt 0.11746 0.33822
vt 0.12089 0.33823
vt 0.11932 0.34052
vt 0.12532 0.33686
vt 0.12089 0.33823
vt 0.12186 0.33513
vt 0.12186 0.33513
vt 0.12089 0.33823
vt 0.11948 0.33547
vt 0.12122 0.33298
vt 0.12373 0.333
vt 0.12391 0.33428
vt 0.12186 0.33513
vt 0.11948 0.33547
vt 0.12122 0.33298
vt 0.11396 0.33114
vt 0.11557 0.32796
vt 0.11748 0.33026
vt 0.12089 0.33823
vt 0.12532 0.33686
vt 0.12354 0.34003
vt 0.10668 0.34309
vt 0.10326 0.34236
vt 0.10641 0.34075
vt 0.12215 0.33066
vt 0.12397 0.32994
vt 0.12373 0.333
vt 0.11118 0.34105
vt 0.10641 0.34075
vt 0.10931 0.33874
vt 0.11746 0.33822
vt 0.11618 0.3407
vt 0.11376 0.33858
vt 0.12397 0.32994
vt 0.12215 0.33066
vt 0.12168 0.32957
vt 0.11599 0.33546
vt 0.11467 0.33367
vt 0.11847 0.33249
vt 0.11465 0.3415
vt 0.11376 0.33858
vt 0.11618 0.3407
vt 0.11747 0.32789
vt 0.11748 0.33026
vt 0.11557 0.32796
vt 0.11636 0.34276
vt 0.11465 0.3415
vt 0.11618 0.3407
vt 0.12168 0.32957
vt 0.12215 0.33066
vt 0.1209 0.32925
vt 0.12168 0.32957
vt 0.1209 0.32925
vt 0.12138 0.32826
vt 0.10931 0.33874
vt 0.10837 0.33493
vt 0.11376 0.33858
vt 0.11823 0.34305
vt 0.11636 0.34276
vt 0.11725 0.34169
vt 0.12156 0.31616
vt 0.12327 0.31958
vt 0.1172 0.31682
vt 0.11557 0.32796
vt 0.11527 0.32566
vt 0.11747 0.32789
vt 0.11467 0.33367
vt 0.11396 0.33114
vt 0.11847 0.33249
vt 0.12138 0.32826
vt 0.1209 0.32925
vt 0.12029 0.32702
vt 0.11747 0.32789
vt 0.11811 0.32612
vt 0.12029 0.32702
vt 0.10837 0.33493
vt 0.11104 0.33243
vt 0.11467 0.33367
vt 0.11748 0.33026
vt 0.11747 0.32789
vt 0.1209 0.32925
vt 0.11847 0.33249
vt 0.12122 0.33298
vt 0.11948 0.33547
vt 0.1209 0.32925
vt 0.11747 0.32789
vt 0.12029 0.32702
vt 0.12021 0.34285
vt 0.11934 0.34193
vt 0.1217 0.34164
vt 0.11932 0.34052
vt 0.11725 0.34169
vt 0.11618 0.3407
vt 0.12568 0.33995
vt 0.12483 0.34205
vt 0.12354 0.34003
vt 0.12 0.3204
vt 0.1172 0.31682
vt 0.12327 0.31958
vt 0.12373 0.333
vt 0.12122 0.33298
vt 0.12215 0.33066
vt 0.11687 0.32307
vt 0.12009 0.32229
vt 0.12029 0.32488
vt 0.12368 0.32704
vt 0.12397 0.32994
vt 0.12138 0.32826
vt 0.1172 0.31682
vt 0.12 0.3204
vt 0.11703 0.32031
vt 0.11264 0.34601
vt 0.11078 0.34391
vt 0.11373 0.34386
vt 0.12354 0.34003
vt 0.12532 0.33686
vt 0.12568 0.33995
vt 0.11645 0.32483
vt 0.11687 0.32307
vt 0.12029 0.32488
vt 0.11747 0.32789
vt 0.11527 0.32566
vt 0.11677 0.32629
vt 0.12122 0.33298
vt 0.11847 0.33249
vt 0.1209 0.32925
vt 0.12312 0.34434
vt 0.12021 0.34285
vt 0.1217 0.34164
vt 0.12224 0.32489
vt 0.12009 0.32229
vt 0.12216 0.32257
vt 0.11932 0.34052
vt 0.12354 0.34003
vt 0.12278 0.34173
vt 0.12168 0.32957
vt 0.12138 0.32826
vt 0.12397 0.32994
vt 0.12278 0.34173
vt 0.12354 0.34003
vt 0.12483 0.34205
vt 0.11811 0.32612
vt 0.11747 0.32789
vt 0.11677 0.32629
vt 0.11599 0.33546
vt 0.11948 0.33547
vt 0.11746 0.33822
vt 0.11396 0.33114
vt 0.11748 0.33026
vt 0.11847 0.33249
vt 0.11078 0.34391
vt 0.11118 0.34105
vt 0.11373 0.34386
vt 0.11453 0.30016
vt 0.12012 0.2972
vt 0.12011 0.30131
vt 0.11396 0.33114
vt 0.11467 0.33367
vt 0.11104 0.33243
vt 0.1209 0.32925
vt 0.11847 0.33249
vt 0.11748 0.33026
vt 0.12327 0.31958
vt 0.12216 0.32257
vt 0.12 0.3204
vt 0.12122 0.33298
vt 0.1209 0.32925
vt 0.12215 0.33066
vt 0.12029 0.32488
vt 0.12224 0.32489
vt 0.12368 0.32704
vt 0.12029 0.32488
vt 0.12029 0.32702
vt 0.11811 0.32612
vt 0.11599 0.33546
vt 0.11847 0.33249
vt 0.11948 0.33547
vt 0.12138 0.32826
vt 0.12029 0.32702
vt 0.12029 0.32488
vt 0.11373 0.34386
vt 0.11465 0.3415
vt 0.11636 0.34276
vt 0.12029 0.32488
vt 0.12368 0.32704
vt 0.12138 0.32826
vt 0.11725 0.34169
vt 0.11636 0.34276
vt 0.11618 0.3407
vt 0.11376 0.33858
vt 0.11599 0.33546
vt 0.11746 0.33822
vt 0.10758 0.34656
vt 0.10683 0.34511
vt 0.10879 0.34541
vt 0.10758 0.34656
vt 0.10973 0.34821
vt 0.10672 0.34848
vt 0.10973 0.34821
vt 0.10758 0.34656
vt 0.10879 0.34541
vt 0.11376 0.33858
vt 0.11118 0.34105
vt 0.10931 0.33874
vt 0.11465 0.3415
vt 0.11373 0.34386
vt 0.11118 0.34105
vt 0.12009 0.32229
vt 0.12 0.3204
vt 0.12216 0.32257
vt 0.12009 0.32229
vt 0.12224 0.32489
vt 0.12029 0.32488
vt 0.12009 0.32229
vt 0.11703 0.32031
vt 0.12 0.3204
vt 0.11934 0.34193
vt 0.12021 0.34285
vt 0.11823 0.34305
vt 0.10326 0.34236
vt 0.10668 0.34309
vt 0.10369 0.34379
vt 0.12021 0.34285
vt 0.12026 0.34478
vt 0.11823 0.34305
vt 0.11264 0.34601
vt 0.11086 0.34648
vt 0.11078 0.34391
vt 0.12186 0.33513
vt 0.12122 0.33298
vt 0.12391 0.33428
vt 0.11703 0.32031
vt 0.12009 0.32229
vt 0.11687 0.32307
vt 0.11467 0.33367
vt 0.11599 0.33546
vt 0.10837 0.33493
vt 0.12861 0.34293
vt 0.12713 0.34109
vt 0.12971 0.34179
vt 0.12713 0.34109
vt 0.12791 0.34333
vt 0.12646 0.3417
vt 0.12568 0.33995
vt 0.12713 0.34109
vt 0.12646 0.3417
vt 0.12971 0.34179
vt 0.1301 0.34372
vt 0.12861 0.34293
vt 0.12483 0.34205
vt 0.12568 0.33995
vt 0.12646 0.3417
vt 0.89251 0.2014
vt 0.89491 0.19924
vt 0.89689 0.2019
vt 0.89655 0.19613
vt 0.89491 0.19924
vt 0.89134 0.19639
vt 0.8905 0.20417
vt 0.88835 0.20068
vt 0.89251 0.2014
vt 0.87977 0.24962
vt 0.88249 0.24982
vt 0.88107 0.25261
vt 0.89655 0.19613
vt 0.89204 0.19483
vt 0.89259 0.19302
vt 0.87582 0.24954
vt 0.87713 0.24626
vt 0.87977 0.24962
vt 0.88552 0.20252
vt 0.8905 0.20417
vt 0.88742 0.20596
vt 0.89447 0.20362
vt 0.89251 0.2014
vt 0.89689 0.2019
vt 0.8905 0.20417
vt 0.89447 0.20362
vt 0.89423 0.20592
vt 0.88306 0.20563
vt 0.88552 0.20252
vt 0.88742 0.20596
vt 0.88552 0.20252
vt 0.88306 0.20563
vt 0.8833 0.2031
vt 0.89692 0.19241
vt 0.89847 0.19313
vt 0.89655 0.19613
vt 0.87666 0.27703
vt 0.87382 0.27478
vt 0.88059 0.27325
vt 0.86681 0.26919
vt 0.86156 0.26777
vt 0.86706 0.26494
vt 0.85917 0.26372
vt 0.86156 0.26777
vt 0.85585 0.26567
vt 0.89655 0.19613
vt 0.89847 0.19313
vt 0.90011 0.19489
vt 0.88552 0.20252
vt 0.8833 0.2031
vt 0.88171 0.20037
vt 0.85917 0.26372
vt 0.85585 0.26567
vt 0.85495 0.26132
vt 0.85495 0.26132
vt 0.85585 0.26567
vt 0.85319 0.26366
vt 0.85319 0.26366
vt 0.85193 0.2625
vt 0.85495 0.26132
vt 0.85319 0.26366
vt 0.85585 0.26567
vt 0.8523 0.26559
vt 0.85585 0.26567
vt 0.85539 0.26783
vt 0.8523 0.26559
vt 0.89251 0.2014
vt 0.88835 0.20068
vt 0.89019 0.19887
vt 0.85193 0.2625
vt 0.85319 0.26366
vt 0.85084 0.26403
vt 0.85319 0.26366
vt 0.8523 0.26559
vt 0.85084 0.26403
vt 0.89957 0.19916
vt 0.89655 0.19613
vt 0.90011 0.19489
vt 0.88949 0.19407
vt 0.89134 0.19639
vt 0.88897 0.19644
vt 0.89447 0.20362
vt 0.89689 0.2019
vt 0.89783 0.20491
vt 0.88781 0.19775
vt 0.89019 0.19887
vt 0.88835 0.20068
vt 0.85777 0.27088
vt 0.85539 0.26783
vt 0.86156 0.26777
vt 0.89783 0.20491
vt 0.89423 0.20592
vt 0.89447 0.20362
vt 0.89957 0.19916
vt 0.89689 0.2019
vt 0.89491 0.19924
vt 0.89734 0.22262
vt 0.89991 0.22655
vt 0.89257 0.22453
vt 0.88326 0.2321
vt 0.87682 0.23403
vt 0.87959 0.23068
vt 0.85193 0.2625
vt 0.84999 0.26238
vt 0.85174 0.26013
vt 0.85174 0.26013
vt 0.84999 0.26238
vt 0.84846 0.25906
vt 0.89491 0.19924
vt 0.89251 0.2014
vt 0.89019 0.19887
vt 0.88059 0.27325
vt 0.87382 0.27478
vt 0.87232 0.27201
vt 0.85084 0.26403
vt 0.84999 0.26238
vt 0.85193 0.2625
vt 0.84846 0.25906
vt 0.84999 0.26238
vt 0.84734 0.26148
vt 0.85777 0.27088
vt 0.86156 0.26777
vt 0.8624 0.27009
vt 0.89134 0.19639
vt 0.88949 0.19407
vt 0.89204 0.19483
vt 0.89003 0.26941
vt 0.89762 0.26952
vt 0.89494 0.27241
vt 0.89957 0.19916
vt 0.89491 0.19924
vt 0.89655 0.19613
vt 0.89315 0.27785
vt 0.89371 0.28056
vt 0.8879 0.27891
vt 0.88949 0.19407
vt 0.89259 0.19302
vt 0.89204 0.19483
vt 0.89059 0.2283
vt 0.8931 0.22707
vt 0.89263 0.23049
vt 0.8829 0.23655
vt 0.87548 0.23842
vt 0.87682 0.23403
vt 0.88552 0.20252
vt 0.8848 0.1981
vt 0.88835 0.20068
vt 0.85585 0.26567
vt 0.86156 0.26777
vt 0.85539 0.26783
vt 0.8487 0.23882
vt 0.8487 0.23622
vt 0.84985 0.23742
vt 0.89734 0.22262
vt 0.89952 0.21946
vt 0.90139 0.22148
vt 0.88313 0.24657
vt 0.88865 0.24534
vt 0.88684 0.24915
vt 0.8848 0.1981
vt 0.88781 0.19775
vt 0.88835 0.20068
vt 0.90087 0.23235
vt 0.90107 0.23612
vt 0.89865 0.23376
vt 0.88157 0.18707
vt 0.88084 0.18213
vt 0.88581 0.18652
vt 0.89263 0.23049
vt 0.88767 0.23281
vt 0.88775 0.22999
vt 0.89952 0.21946
vt 0.89734 0.22262
vt 0.89486 0.22076
vt 0.8953 0.2339
vt 0.89263 0.23049
vt 0.89926 0.23059
vt 0.89447 0.20362
vt 0.8905 0.20417
vt 0.89251 0.2014
vt 0.89961 0.18273
vt 0.89424 0.18476
vt 0.89144 0.18094
vt 0.89042 0.18654
vt 0.88581 0.18652
vt 0.89144 0.18094
vt 0.89042 0.18654
vt 0.89144 0.18094
vt 0.89424 0.18476
vt 0.8931 0.22707
vt 0.89257 0.22453
vt 0.89991 0.22655
vt 0.88581 0.18652
vt 0.88367 0.18833
vt 0.88157 0.18707
vt 0.89337 0.24247
vt 0.90134 0.24196
vt 0.89312 0.24625
vt 0.88599 0.1808
vt 0.88581 0.18652
vt 0.88084 0.18213
vt 0.89491 0.19924
vt 0.89019 0.19887
vt 0.89134 0.19639
vt 0.88781 0.19775
vt 0.88667 0.19555
vt 0.88897 0.19644
vt 0.89734 0.22262
vt 0.90139 0.22148
vt 0.89991 0.22655
vt 0.89961 0.18273
vt 0.89144 0.18094
vt 0.899 0.17715
vt 0.89494 0.27241
vt 0.89698 0.277
vt 0.89238 0.27557
vt 0.89257 0.22453
vt 0.8931 0.22707
vt 0.89039 0.22665
vt 0.8953 0.2339
vt 0.89011 0.2354
vt 0.89263 0.23049
vt 0.8715 0.24235
vt 0.87548 0.23842
vt 0.87955 0.24197
vt 0.88599 0.1808
vt 0.89144 0.18094
vt 0.88581 0.18652
vt 0.89596 0.27952
vt 0.89315 0.27785
vt 0.89238 0.27557
vt 0.88084 0.18213
vt 0.88157 0.18707
vt 0.87744 0.18646
vt 0.8931 0.22707
vt 0.89059 0.2283
vt 0.89039 0.22665
vt 0.89019 0.19887
vt 0.88897 0.19644
vt 0.89134 0.19639
vt 0.89926 0.23059
vt 0.89263 0.23049
vt 0.89991 0.22655
vt 0.89263 0.23049
vt 0.89011 0.2354
vt 0.88767 0.23281
vt 0.89415 0.18871
vt 0.89424 0.18476
vt 0.89614 0.1873
vt 0.89787 0.19058
vt 0.89692 0.19241
vt 0.89386 0.19074
vt 0.87713 0.24626
vt 0.87118 0.24615
vt 0.8715 0.24235
vt 0.879 0.28022
vt 0.8879 0.27891
vt 0.88539 0.28256
vt 0.89003 0.26941
vt 0.89407 0.26479
vt 0.8971 0.26683
vt 0.89762 0.26952
vt 0.89003 0.26941
vt 0.8971 0.26683
vt 0.89424 0.18476
vt 0.89415 0.18871
vt 0.89042 0.18654
vt 0.89692 0.19241
vt 0.89259 0.19302
vt 0.89386 0.19074
vt 0.87118 0.24615
vt 0.87713 0.24626
vt 0.87582 0.24954
vt 0.89012 0.19129
vt 0.89074 0.18951
vt 0.89156 0.19133
vt 0.88107 0.25261
vt 0.88249 0.24982
vt 0.88684 0.24915
vt 0.89238 0.27557
vt 0.88856 0.27365
vt 0.89494 0.27241
vt 0.89051 0.19245
vt 0.89156 0.19133
vt 0.89259 0.19302
vt 0.87955 0.24197
vt 0.87713 0.24626
vt 0.8715 0.24235
vt 0.88414 0.27679
vt 0.88059 0.27325
vt 0.88856 0.27365
vt 0.8827 0.25557
vt 0.88107 0.25261
vt 0.888 0.25298
vt 0.88107 0.25261
vt 0.88684 0.24915
vt 0.888 0.25298
vt 0.84883 0.24499
vt 0.84833 0.24137
vt 0.85012 0.24059
vt 0.89134 0.19639
vt 0.89204 0.19483
vt 0.89655 0.19613
vt 0.88421 0.22844
vt 0.88775 0.22999
vt 0.88326 0.2321
vt 0.89655 0.19613
vt 0.89259 0.19302
vt 0.89692 0.19241
vt 0.84543 0.24942
vt 0.84672 0.24441
vt 0.84731 0.24856
vt 0.8487 0.23882
vt 0.85012 0.24059
vt 0.84833 0.24137
vt 0.89042 0.18654
vt 0.88823 0.18884
vt 0.88581 0.18652
vt 0.89263 0.23049
vt 0.8931 0.22707
vt 0.89991 0.22655
vt 0.88552 0.20252
vt 0.88171 0.20037
vt 0.8848 0.1981
vt 0.888 0.22781
vt 0.89039 0.22665
vt 0.89059 0.2283
vt 0.84731 0.24856
vt 0.84883 0.24499
vt 0.84933 0.24769
vt 0.87454 0.22475
vt 0.87281 0.22777
vt 0.8701 0.22524
vt 0.8655 0.2204
vt 0.86423 0.21817
vt 0.8677 0.21708
vt 0.88835 0.20068
vt 0.8905 0.20417
vt 0.88552 0.20252
vt 0.8505 0.21948
vt 0.85223 0.21871
vt 0.85172 0.22087
vt 0.84703 0.23949
vt 0.84833 0.24137
vt 0.84672 0.24441
vt 0.89926 0.23059
vt 0.90087 0.23235
vt 0.89865 0.23376
vt 0.86219 0.22917
vt 0.86214 0.22591
vt 0.8658 0.22677
vt 0.89257 0.22453
vt 0.89039 0.22665
vt 0.88776 0.22586
vt 0.8533 0.22625
vt 0.85552 0.22628
vt 0.85498 0.22899
vt 0.84672 0.24441
vt 0.84833 0.24137
vt 0.84883 0.24499
vt 0.85022 0.24366
vt 0.85239 0.24529
vt 0.84883 0.24499
vt 0.88897 0.19644
vt 0.89019 0.19887
vt 0.88781 0.19775
vt 0.86894 0.22806
vt 0.86594 0.22925
vt 0.8658 0.22677
vt 0.89051 0.19245
vt 0.88907 0.1924
vt 0.89012 0.19129
vt 0.87281 0.22777
vt 0.86894 0.22806
vt 0.8701 0.22524
vt 0.85793 0.24731
vt 0.8526 0.24811
vt 0.85239 0.24529
vt 0.85012 0.24059
vt 0.85306 0.24174
vt 0.85022 0.24366
vt 0.89012 0.19129
vt 0.88788 0.19114
vt 0.89074 0.18951
vt 0.85239 0.24529
vt 0.85022 0.24366
vt 0.85306 0.24174
vt 0.8526 0.24811
vt 0.84933 0.24769
vt 0.85239 0.24529
vt 0.87428 0.22164
vt 0.86724 0.22334
vt 0.87046 0.21897
vt 0.84374 0.23962
vt 0.84254 0.24037
vt 0.84175 0.23483
vt 0.85524 0.22324
vt 0.85722 0.22091
vt 0.8583 0.22239
vt 0.87744 0.18646
vt 0.88157 0.18707
vt 0.8797 0.18916
vt 0.89011 0.2354
vt 0.8953 0.2339
vt 0.89343 0.23818
vt 0.85816 0.24026
vt 0.85745 0.24369
vt 0.85306 0.24174
vt 0.89042 0.18654
vt 0.89415 0.18871
vt 0.89074 0.18951
vt 0.888 0.22781
vt 0.88776 0.22586
vt 0.89039 0.22665
vt 0.88907 0.1924
vt 0.89051 0.19245
vt 0.88949 0.19407
vt 0.85805 0.21828
vt 0.85457 0.21619
vt 0.85971 0.21575
vt 0.8655 0.2204
vt 0.87046 0.21897
vt 0.86724 0.22334
vt 0.86894 0.22806
vt 0.8658 0.22677
vt 0.8701 0.22524
vt 0.85852 0.22489
vt 0.86183 0.22279
vt 0.86214 0.22591
vt 0.86214 0.22591
vt 0.86219 0.22917
vt 0.85821 0.22793
vt 0.8701 0.22524
vt 0.8658 0.22677
vt 0.86724 0.22334
vt 0.85524 0.22324
vt 0.85251 0.22317
vt 0.85423 0.22037
vt 0.85423 0.22037
vt 0.85223 0.21871
vt 0.8545 0.21822
vt 0.86214 0.22591
vt 0.86183 0.22279
vt 0.86724 0.22334
vt 0.89012 0.19129
vt 0.88907 0.1924
vt 0.88788 0.19114
vt 0.86183 0.22279
vt 0.85852 0.22489
vt 0.8583 0.22239
vt 0.84714 0.23452
vt 0.8487 0.23622
vt 0.84703 0.23949
vt 0.84862 0.21981
vt 0.8505 0.21948
vt 0.85014 0.22244
vt 0.86423 0.21817
vt 0.8655 0.2204
vt 0.86086 0.22034
vt 0.86724 0.22334
vt 0.86183 0.22279
vt 0.8655 0.2204
vt 0.88776 0.22586
vt 0.888 0.22781
vt 0.88421 0.22844
vt 0.89059 0.2283
vt 0.88775 0.22999
vt 0.888 0.22781
vt 0.85852 0.22489
vt 0.86214 0.22591
vt 0.85821 0.22793
vt 0.88767 0.23281
vt 0.89011 0.2354
vt 0.8829 0.23655
vt 0.89074 0.18951
vt 0.88788 0.19114
vt 0.88823 0.18884
vt 0.88775 0.22999
vt 0.89059 0.2283
vt 0.89263 0.23049
vt 0.86724 0.22334
vt 0.87428 0.22164
vt 0.8701 0.22524
vt 0.88775 0.22999
vt 0.88421 0.22844
vt 0.888 0.22781
vt 0.88256 0.19004
vt 0.8797 0.18916
vt 0.88157 0.18707
vt 0.87046 0.21897
vt 0.8655 0.2204
vt 0.8677 0.21708
vt 0.8583 0.22239
vt 0.86086 0.22034
vt 0.86183 0.22279
vt 0.8583 0.22239
vt 0.85852 0.22489
vt 0.85524 0.22324
vt 0.87666 0.27703
vt 0.88059 0.27325
vt 0.88414 0.27679
vt 0.85552 0.22628
vt 0.85852 0.22489
vt 0.85821 0.22793
vt 0.85894 0.22988
vt 0.85731 0.23103
vt 0.85821 0.22793
vt 0.8655 0.2204
vt 0.86183 0.22279
vt 0.86086 0.22034
vt 0.85012 0.24059
vt 0.85022 0.24366
vt 0.84883 0.24499
vt 0.86724 0.22334
vt 0.8658 0.22677
vt 0.86214 0.22591
vt 0.8953 0.2339
vt 0.89926 0.23059
vt 0.89865 0.23376
vt 0.86219 0.22917
vt 0.85894 0.22988
vt 0.85821 0.22793
vt 0.8757 0.19031
vt 0.87744 0.18646
vt 0.8797 0.18916
vt 0.85223 0.21871
vt 0.85457 0.21619
vt 0.8545 0.21822
vt 0.85027 0.22668
vt 0.85103 0.22487
vt 0.8533 0.22625
vt 0.90107 0.23612
vt 0.89756 0.23586
vt 0.89865 0.23376
vt 0.85457 0.21619
vt 0.85805 0.21828
vt 0.8545 0.21822
vt 0.84883 0.24499
vt 0.85239 0.24529
vt 0.84933 0.24769
vt 0.85524 0.22324
vt 0.8533 0.22625
vt 0.85251 0.22317
vt 0.89756 0.23586
vt 0.8953 0.2339
vt 0.89865 0.23376
vt 0.8533 0.22625
vt 0.85524 0.22324
vt 0.85552 0.22628
vt 0.85524 0.22324
vt 0.85852 0.22489
vt 0.85552 0.22628
vt 0.8583 0.22239
vt 0.85722 0.22091
vt 0.86086 0.22034
vt 0.88775 0.22999
vt 0.88767 0.23281
vt 0.88326 0.2321
vt 0.85457 0.21619
vt 0.85223 0.21871
vt 0.85129 0.21726
vt 0.85423 0.22037
vt 0.85722 0.22091
vt 0.85524 0.22324
vt 0.84448 0.24376
vt 0.84703 0.23949
vt 0.84672 0.24441
vt 0.85805 0.21828
vt 0.86311 0.21638
vt 0.86423 0.21817
vt 0.88107 0.25261
vt 0.87582 0.24954
vt 0.87977 0.24962
vt 0.8533 0.22625
vt 0.85152 0.22945
vt 0.85027 0.22668
vt 0.8533 0.22625
vt 0.85498 0.22899
vt 0.85152 0.22945
vt 0.89697 0.23915
vt 0.89756 0.23586
vt 0.90107 0.23612
vt 0.88313 0.24657
vt 0.88249 0.24982
vt 0.87977 0.24962
vt 0.85498 0.22899
vt 0.85552 0.22628
vt 0.85821 0.22793
vt 0.85805 0.21828
vt 0.85722 0.22091
vt 0.85423 0.22037
vt 0.85805 0.21828
vt 0.86086 0.22034
vt 0.85722 0.22091
vt 0.8533 0.22625
vt 0.85103 0.22487
vt 0.85251 0.22317
vt 0.8953 0.2339
vt 0.89756 0.23586
vt 0.89343 0.23818
vt 0.88767 0.23281
vt 0.8829 0.23655
vt 0.88326 0.2321
vt 0.89756 0.23586
vt 0.89697 0.23915
vt 0.89343 0.23818
vt 0.8658 0.22677
vt 0.86594 0.22925
vt 0.86219 0.22917
vt 0.8829 0.23655
vt 0.87682 0.23403
vt 0.88326 0.2321
vt 0.85376 0.23735
vt 0.85306 0.24174
vt 0.85012 0.24059
vt 0.85868 0.21132
vt 0.85508 0.21334
vt 0.85297 0.21159
vt 0.85805 0.21828
vt 0.85423 0.22037
vt 0.8545 0.21822
vt 0.85498 0.22899
vt 0.85821 0.22793
vt 0.85731 0.23103
vt 0.89698 0.277
vt 0.89596 0.27952
vt 0.89238 0.27557
vt 0.89074 0.18951
vt 0.89415 0.18871
vt 0.89386 0.19074
vt 0.88823 0.18884
vt 0.88788 0.19114
vt 0.88532 0.18992
vt 0.85022 0.23394
vt 0.85063 0.23154
vt 0.85363 0.23247
vt 0.85152 0.22945
vt 0.85063 0.23154
vt 0.84982 0.23067
vt 0.8797 0.18916
vt 0.88256 0.19004
vt 0.88064 0.19229
vt 0.85251 0.22317
vt 0.85172 0.22087
vt 0.85423 0.22037
vt 0.85805 0.21828
vt 0.86423 0.21817
vt 0.86086 0.22034
vt 0.85805 0.21828
vt 0.85971 0.21575
vt 0.86311 0.21638
vt 0.84754 0.22935
vt 0.84812 0.22676
vt 0.84904 0.22867
vt 0.85223 0.21871
vt 0.85423 0.22037
vt 0.85172 0.22087
vt 0.85103 0.22487
vt 0.85014 0.22244
vt 0.85251 0.22317
vt 0.85172 0.22087
vt 0.85251 0.22317
vt 0.85014 0.22244
vt 0.84988 0.21697
vt 0.8505 0.21948
vt 0.84862 0.21981
vt 0.84858 0.22461
vt 0.85103 0.22487
vt 0.85027 0.22668
vt 0.84862 0.21981
vt 0.85014 0.22244
vt 0.84787 0.22216
vt 0.84649 0.22646
vt 0.8461 0.22344
vt 0.84858 0.22461
vt 0.85103 0.22487
vt 0.84858 0.22461
vt 0.85014 0.22244
vt 0.8505 0.21948
vt 0.85172 0.22087
vt 0.85014 0.22244
vt 0.85223 0.21871
vt 0.8505 0.21948
vt 0.85129 0.21726
vt 0.85498 0.22899
vt 0.85731 0.23103
vt 0.85363 0.23247
vt 0.85022 0.23394
vt 0.84884 0.23156
vt 0.84982 0.23067
vt 0.84754 0.22935
vt 0.84742 0.23198
vt 0.84613 0.23082
vt 0.84419 0.2254
vt 0.84649 0.22646
vt 0.84613 0.23082
vt 0.84731 0.24856
vt 0.84672 0.24441
vt 0.84883 0.24499
vt 0.88256 0.19004
vt 0.88388 0.19253
vt 0.88064 0.19229
vt 0.84812 0.22676
vt 0.84754 0.22935
vt 0.84649 0.22646
vt 0.8461 0.22344
vt 0.84419 0.2254
vt 0.84477 0.22197
vt 0.88667 0.19555
vt 0.88949 0.19407
vt 0.88897 0.19644
vt 0.85027 0.22668
vt 0.85152 0.22945
vt 0.84904 0.22867
vt 0.85376 0.23735
vt 0.85022 0.23394
vt 0.85363 0.23247
vt 0.85793 0.24731
vt 0.85239 0.24529
vt 0.85745 0.24369
vt 0.85306 0.24174
vt 0.85745 0.24369
vt 0.85239 0.24529
vt 0.8671 0.20134
vt 0.86897 0.2055
vt 0.86436 0.20551
vt 0.84175 0.23483
vt 0.84444 0.23127
vt 0.84517 0.23593
vt 0.8588 0.2343
vt 0.85363 0.23247
vt 0.85731 0.23103
vt 0.86436 0.20551
vt 0.86897 0.2055
vt 0.86641 0.2074
vt 0.84613 0.23082
vt 0.84742 0.23198
vt 0.84714 0.23452
vt 0.86683 0.21459
vt 0.87084 0.21219
vt 0.87214 0.21548
vt 0.86705 0.20981
vt 0.86897 0.2055
vt 0.87187 0.20878
vt 0.86641 0.2074
vt 0.86383 0.20934
vt 0.86436 0.20551
vt 0.85891 0.20764
vt 0.86383 0.20934
vt 0.85868 0.21132
vt 0.84982 0.23067
vt 0.85063 0.23154
vt 0.85022 0.23394
vt 0.87084 0.21219
vt 0.86683 0.21459
vt 0.86706 0.21239
vt 0.85745 0.24369
vt 0.86217 0.24557
vt 0.85793 0.24731
vt 0.84444 0.23127
vt 0.84175 0.23483
vt 0.8429 0.22801
vt 0.86371 0.2114
vt 0.86383 0.20934
vt 0.86705 0.20981
vt 0.86383 0.20934
vt 0.86641 0.2074
vt 0.86705 0.20981
vt 0.84175 0.23483
vt 0.84517 0.23593
vt 0.84374 0.23962
vt 0.84985 0.23742
vt 0.8487 0.23622
vt 0.85022 0.23394
vt 0.85376 0.23735
vt 0.85012 0.24059
vt 0.84985 0.23742
vt 0.8797 0.18916
vt 0.88064 0.19229
vt 0.8757 0.19031
vt 0.8757 0.19031
vt 0.87751 0.19422
vt 0.87538 0.19373
vt 0.88752 0.1943
vt 0.88949 0.19407
vt 0.88667 0.19555
vt 0.8487 0.23622
vt 0.84714 0.23452
vt 0.84823 0.23361
vt 0.84448 0.24376
vt 0.84374 0.23962
vt 0.84517 0.23593
vt 0.84982 0.23067
vt 0.84859 0.22992
vt 0.84904 0.22867
vt 0.84703 0.23949
vt 0.84448 0.24376
vt 0.84517 0.23593
vt 0.84714 0.23452
vt 0.84703 0.23949
vt 0.84517 0.23593
vt 0.84113 0.24682
vt 0.84254 0.24037
vt 0.84374 0.23962
vt 0.88735 0.19279
vt 0.88574 0.19345
vt 0.88608 0.19192
vt 0.84904 0.22867
vt 0.84812 0.22676
vt 0.85027 0.22668
vt 0.84859 0.22992
vt 0.84754 0.22935
vt 0.84904 0.22867
vt 0.84859 0.22992
vt 0.84982 0.23067
vt 0.84884 0.23156
vt 0.84448 0.24376
vt 0.84113 0.24682
vt 0.84374 0.23962
vt 0.8487 0.23882
vt 0.84703 0.23949
vt 0.8487 0.23622
vt 0.84833 0.24137
vt 0.84703 0.23949
vt 0.8487 0.23882
vt 0.84884 0.23156
vt 0.84742 0.23198
vt 0.84754 0.22935
vt 0.84812 0.22676
vt 0.84649 0.22646
vt 0.84858 0.22461
vt 0.88752 0.1943
vt 0.88574 0.19345
vt 0.88735 0.19279
vt 0.84543 0.24942
vt 0.84448 0.24376
vt 0.84672 0.24441
vt 0.84113 0.24682
vt 0.84448 0.24376
vt 0.84194 0.25289
vt 0.85012 0.24059
vt 0.8487 0.23882
vt 0.84985 0.23742
vt 0.84194 0.25289
vt 0.84448 0.24376
vt 0.84543 0.24942
vt 0.88388 0.19253
vt 0.88532 0.18992
vt 0.88608 0.19192
vt 0.84884 0.23156
vt 0.84754 0.22935
vt 0.84859 0.22992
vt 0.88272 0.19358
vt 0.88064 0.19229
vt 0.88388 0.19253
vt 0.84787 0.22216
vt 0.84858 0.22461
vt 0.8461 0.22344
vt 0.88574 0.19345
vt 0.88395 0.19462
vt 0.88388 0.19253
vt 0.88007 0.19409
vt 0.88064 0.19229
vt 0.88139 0.19423
vt 0.87084 0.21219
vt 0.86705 0.20981
vt 0.87187 0.20878
vt 0.88139 0.19423
vt 0.88064 0.19229
vt 0.88204 0.19424
vt 0.89074 0.18951
vt 0.88823 0.18884
vt 0.89042 0.18654
vt 0.86705 0.20981
vt 0.86706 0.21239
vt 0.86352 0.21365
vt 0.88007 0.19409
vt 0.87928 0.19506
vt 0.87751 0.19422
vt 0.86706 0.21239
vt 0.86705 0.20981
vt 0.87084 0.21219
vt 0.85027 0.22668
vt 0.84812 0.22676
vt 0.84858 0.22461
vt 0.87507 0.19501
vt 0.87556 0.19698
vt 0.87332 0.1955
vt 0.84823 0.23361
vt 0.84884 0.23156
vt 0.85022 0.23394
vt 0.88667 0.19555
vt 0.88395 0.19462
vt 0.88574 0.19345
vt 0.86423 0.21817
vt 0.86311 0.21638
vt 0.86683 0.21459
vt 0.87728 0.19574
vt 0.87751 0.19422
vt 0.87928 0.19506
vt 0.87928 0.19506
vt 0.88007 0.19409
vt 0.88156 0.19605
vt 0.84673 0.2167
vt 0.84862 0.21981
vt 0.8463 0.22034
vt 0.85376 0.23735
vt 0.84985 0.23742
vt 0.85022 0.23394
vt 0.87556 0.19698
vt 0.87335 0.19759
vt 0.87332 0.1955
vt 0.8848 0.1981
vt 0.88395 0.19462
vt 0.88667 0.19555
vt 0.86025 0.25375
vt 0.85909 0.25667
vt 0.85416 0.25519
vt 0.87891 0.19674
vt 0.87928 0.19506
vt 0.88156 0.19605
vt 0.87556 0.19698
vt 0.8771 0.19875
vt 0.87335 0.19759
vt 0.86109 0.26026
vt 0.85909 0.25667
vt 0.86529 0.25679
vt 0.87891 0.19674
vt 0.8771 0.19875
vt 0.87556 0.19698
vt 0.87335 0.19759
vt 0.8771 0.19875
vt 0.87242 0.20097
vt 0.86421 0.23963
vt 0.8715 0.24235
vt 0.86419 0.24303
vt 0.87752 0.21743
vt 0.87046 0.21897
vt 0.87214 0.21548
vt 0.86653 0.2465
vt 0.86217 0.24557
vt 0.86419 0.24303
vt 0.87118 0.24615
vt 0.86419 0.24303
vt 0.8715 0.24235
vt 0.88171 0.20037
vt 0.8771 0.19875
vt 0.87891 0.19674
vt 0.86592 0.25362
vt 0.86529 0.25679
vt 0.86025 0.25375
vt 0.85731 0.23103
vt 0.85894 0.22988
vt 0.86008 0.23162
vt 0.86383 0.20934
vt 0.86371 0.2114
vt 0.85868 0.21132
vt 0.87146 0.23337
vt 0.87476 0.23093
vt 0.87682 0.23403
vt 0.87281 0.22777
vt 0.86963 0.23067
vt 0.86894 0.22806
vt 0.86447 0.24877
vt 0.86217 0.24557
vt 0.86653 0.2465
vt 0.86624 0.25987
vt 0.86109 0.26026
vt 0.86529 0.25679
vt 0.87024 0.23619
vt 0.86524 0.23267
vt 0.87146 0.23337
vt 0.86893 0.23875
vt 0.87548 0.23842
vt 0.8715 0.24235
vt 0.86653 0.2465
vt 0.86419 0.24303
vt 0.87118 0.24615
vt 0.87214 0.21548
vt 0.8677 0.21708
vt 0.86683 0.21459
vt 0.86419 0.24303
vt 0.85816 0.24026
vt 0.86421 0.23963
vt 0.88907 0.1924
vt 0.88949 0.19407
vt 0.88735 0.19279
vt 0.86373 0.27286
vt 0.86397 0.27081
vt 0.86744 0.27214
vt 0.85816 0.24026
vt 0.85923 0.23751
vt 0.86421 0.23963
vt 0.86421 0.23963
vt 0.86426 0.23643
vt 0.86893 0.23875
vt 0.86426 0.23643
vt 0.86421 0.23963
vt 0.85923 0.23751
vt 0.87281 0.22777
vt 0.87476 0.23093
vt 0.86963 0.23067
vt 0.86594 0.22925
vt 0.86894 0.22806
vt 0.86963 0.23067
vt 0.86352 0.21365
vt 0.86371 0.2114
vt 0.86705 0.20981
vt 0.86419 0.24303
vt 0.86217 0.24557
vt 0.85745 0.24369
vt 0.86893 0.23875
vt 0.86426 0.23643
vt 0.87024 0.23619
vt 0.85816 0.24026
vt 0.86419 0.24303
vt 0.85745 0.24369
vt 0.85376 0.23735
vt 0.85816 0.24026
vt 0.85306 0.24174
vt 0.86219 0.22917
vt 0.86594 0.22925
vt 0.86524 0.23267
vt 0.87752 0.21743
vt 0.87428 0.22164
vt 0.87046 0.21897
vt 0.8715 0.24235
vt 0.86421 0.23963
vt 0.86893 0.23875
vt 0.86744 0.27214
vt 0.86918 0.27537
vt 0.86373 0.27286
vt 0.85868 0.21132
vt 0.86371 0.2114
vt 0.86352 0.21365
vt 0.86311 0.21638
vt 0.86352 0.21365
vt 0.86683 0.21459
vt 0.86008 0.23162
vt 0.86219 0.22917
vt 0.86524 0.23267
vt 0.87121 0.25925
vt 0.86529 0.25679
vt 0.87034 0.25503
vt 0.86426 0.23643
vt 0.85923 0.23751
vt 0.8588 0.2343
vt 0.86008 0.23162
vt 0.85894 0.22988
vt 0.86219 0.22917
vt 0.88329 0.22532
vt 0.8789 0.22363
vt 0.8831 0.22246
vt 0.87024 0.23619
vt 0.87146 0.23337
vt 0.87682 0.23403
vt 0.87024 0.23619
vt 0.86426 0.23643
vt 0.86524 0.23267
vt 0.87281 0.22777
vt 0.87823 0.22728
vt 0.87476 0.23093
vt 0.85832 0.21431
vt 0.85868 0.21132
vt 0.86352 0.21365
vt 0.85376 0.23735
vt 0.85363 0.23247
vt 0.8588 0.2343
vt 0.86524 0.23267
vt 0.86426 0.23643
vt 0.8588 0.2343
vt 0.86918 0.27537
vt 0.86744 0.27214
vt 0.87232 0.27201
vt 0.8827 0.25557
vt 0.87694 0.25658
vt 0.88107 0.25261
vt 0.85816 0.24026
vt 0.85376 0.23735
vt 0.85923 0.23751
vt 0.84649 0.22646
vt 0.84754 0.22935
vt 0.84613 0.23082
vt 0.85868 0.21132
vt 0.85832 0.21431
vt 0.85508 0.21334
vt 0.8487 0.23622
vt 0.84823 0.23361
vt 0.85022 0.23394
vt 0.86706 0.21239
vt 0.86683 0.21459
vt 0.86352 0.21365
vt 0.86865 0.26187
vt 0.87337 0.26403
vt 0.86706 0.26494
vt 0.84419 0.2254
vt 0.8461 0.22344
vt 0.84649 0.22646
vt 0.88823 0.18884
vt 0.88532 0.18992
vt 0.88581 0.18652
vt 0.87115 0.26786
vt 0.87695 0.26877
vt 0.87232 0.27201
vt 0.88077 0.2586
vt 0.87986 0.26262
vt 0.87646 0.26029
vt 0.84673 0.2167
vt 0.84988 0.21697
vt 0.84862 0.21981
vt 0.85152 0.22945
vt 0.84982 0.23067
vt 0.84904 0.22867
vt 0.85971 0.21575
vt 0.86352 0.21365
vt 0.86311 0.21638
vt 0.8677 0.21708
vt 0.86423 0.21817
vt 0.86683 0.21459
vt 0.89371 0.28056
vt 0.89315 0.27785
vt 0.89596 0.27952
vt 0.8588 0.2343
vt 0.86008 0.23162
vt 0.86524 0.23267
vt 0.86524 0.23267
vt 0.86963 0.23067
vt 0.87146 0.23337
vt 0.86436 0.20551
vt 0.86383 0.20934
vt 0.85891 0.20764
vt 0.8588 0.2343
vt 0.85923 0.23751
vt 0.85376 0.23735
vt 0.86524 0.23267
vt 0.86594 0.22925
vt 0.86963 0.23067
vt 0.85731 0.23103
vt 0.86008 0.23162
vt 0.8588 0.2343
vt 0.88611 0.25709
vt 0.8827 0.25557
vt 0.888 0.25298
vt 0.86109 0.26026
vt 0.85477 0.25802
vt 0.85909 0.25667
vt 0.86641 0.2074
vt 0.86897 0.2055
vt 0.86705 0.20981
vt 0.85971 0.21575
vt 0.85832 0.21431
vt 0.86352 0.21365
vt 0.87476 0.23093
vt 0.87146 0.23337
vt 0.86963 0.23067
vt 0.86903 0.25179
vt 0.86447 0.24877
vt 0.87076 0.24907
vt 0.87695 0.26877
vt 0.87337 0.26403
vt 0.87795 0.26559
vt 0.87795 0.26559
vt 0.87986 0.26262
vt 0.88275 0.26598
vt 0.87281 0.22777
vt 0.87454 0.22475
vt 0.87823 0.22728
vt 0.88341 0.25963
vt 0.88433 0.26219
vt 0.87986 0.26262
vt 0.88202 0.26923
vt 0.89003 0.26941
vt 0.88059 0.27325
vt 0.86109 0.26026
vt 0.85917 0.26372
vt 0.85495 0.26132
vt 0.89429 0.25197
vt 0.89701 0.25398
vt 0.89209 0.25612
vt 0.87024 0.23619
vt 0.87682 0.23403
vt 0.87548 0.23842
vt 0.87548 0.23842
vt 0.86893 0.23875
vt 0.87024 0.23619
vt 0.87476 0.23093
vt 0.87823 0.22728
vt 0.87959 0.23068
vt 0.87959 0.23068
vt 0.87682 0.23403
vt 0.87476 0.23093
vt 0.87823 0.22728
vt 0.88421 0.22844
vt 0.87959 0.23068
vt 0.88421 0.22844
vt 0.88326 0.2321
vt 0.87959 0.23068
vt 0.87823 0.22728
vt 0.88329 0.22532
vt 0.88421 0.22844
vt 0.8789 0.22363
vt 0.88329 0.22532
vt 0.87823 0.22728
vt 0.8789 0.22363
vt 0.87823 0.22728
vt 0.87454 0.22475
vt 0.88329 0.22532
vt 0.8831 0.22246
vt 0.88718 0.22322
vt 0.87428 0.22164
vt 0.8789 0.22363
vt 0.87454 0.22475
vt 0.87428 0.22164
vt 0.87454 0.22475
vt 0.8701 0.22524
vt 0.8677 0.21708
vt 0.87214 0.21548
vt 0.87046 0.21897
vt 0.87703 0.2148
vt 0.87752 0.21743
vt 0.87214 0.21548
vt 0.86447 0.24877
vt 0.86653 0.2465
vt 0.87076 0.24907
vt 0.8741 0.2527
vt 0.87076 0.24907
vt 0.87582 0.24954
vt 0.89003 0.26941
vt 0.89494 0.27241
vt 0.88856 0.27365
vt 0.88202 0.26923
vt 0.88275 0.26598
vt 0.89003 0.26941
vt 0.86903 0.25179
vt 0.87076 0.24907
vt 0.8741 0.2527
vt 0.87076 0.24907
vt 0.86653 0.2465
vt 0.87118 0.24615
vt 0.8741 0.2527
vt 0.87582 0.24954
vt 0.88107 0.25261
vt 0.87076 0.24907
vt 0.87118 0.24615
vt 0.87582 0.24954
vt 0.8848 0.1981
vt 0.88171 0.20037
vt 0.88156 0.19605
vt 0.89077 0.20752
vt 0.88742 0.20596
vt 0.8905 0.20417
vt 0.89732 0.24916
vt 0.89259 0.24937
vt 0.89749 0.24683
vt 0.89337 0.24247
vt 0.88865 0.24534
vt 0.88768 0.2411
vt 0.88898 0.26393
vt 0.89003 0.26941
vt 0.88275 0.26598
vt 0.89753 0.25774
vt 0.89209 0.25612
vt 0.89701 0.25398
vt 0.88107 0.25261
vt 0.87694 0.25658
vt 0.8741 0.2527
vt 0.87878 0.20287
vt 0.87242 0.20097
vt 0.8771 0.19875
vt 0.88768 0.2411
vt 0.89011 0.2354
vt 0.89343 0.23818
vt 0.89407 0.26479
vt 0.89003 0.26941
vt 0.88898 0.26393
vt 0.89337 0.24247
vt 0.89697 0.23915
vt 0.90134 0.24196
vt 0.87121 0.25925
vt 0.87646 0.26029
vt 0.87337 0.26403
vt 0.84419 0.2254
vt 0.84613 0.23082
vt 0.84444 0.23127
vt 0.87453 0.20572
vt 0.87242 0.20097
vt 0.87878 0.20287
vt 0.89751 0.26175
vt 0.89908 0.26429
vt 0.89407 0.26479
vt 0.89423 0.20592
vt 0.89783 0.20491
vt 0.89875 0.20817
vt 0.88414 0.27679
vt 0.879 0.28022
vt 0.87666 0.27703
vt 0.89875 0.20817
vt 0.89441 0.20795
vt 0.89423 0.20592
vt 0.89407 0.26479
vt 0.89908 0.26429
vt 0.8971 0.26683
vt 0.8789 0.22363
vt 0.87969 0.22091
vt 0.8831 0.22246
vt 0.85019 0.24979
vt 0.8526 0.24811
vt 0.85521 0.25095
vt 0.84884 0.23156
vt 0.84823 0.23361
vt 0.84742 0.23198
vt 0.85063 0.23154
vt 0.85152 0.22945
vt 0.85363 0.23247
vt 0.87878 0.20287
vt 0.88182 0.20307
vt 0.88306 0.20563
vt 0.87382 0.27478
vt 0.87666 0.27703
vt 0.86918 0.27537
vt 0.84731 0.24856
vt 0.84761 0.25118
vt 0.84543 0.24942
vt 0.84761 0.25118
vt 0.84731 0.24856
vt 0.85019 0.24979
vt 0.90107 0.23612
vt 0.90134 0.24196
vt 0.89697 0.23915
vt 0.84543 0.24942
vt 0.84586 0.25251
vt 0.84194 0.25289
vt 0.84586 0.25251
vt 0.84543 0.24942
vt 0.84761 0.25118
vt 0.84194 0.25289
vt 0.84586 0.25251
vt 0.8466 0.2553
vt 0.85521 0.25095
vt 0.85245 0.25312
vt 0.8504 0.25232
vt 0.8526 0.24811
vt 0.85019 0.24979
vt 0.84933 0.24769
vt 0.85019 0.24979
vt 0.85521 0.25095
vt 0.8504 0.25232
vt 0.87694 0.25658
vt 0.8827 0.25557
vt 0.88077 0.2586
vt 0.84842 0.25372
vt 0.84586 0.25251
vt 0.84761 0.25118
vt 0.84836 0.25608
vt 0.84701 0.25887
vt 0.84736 0.25676
vt 0.8879 0.27891
vt 0.879 0.28022
vt 0.88414 0.27679
vt 0.84842 0.25372
vt 0.84761 0.25118
vt 0.8504 0.25232
vt 0.89238 0.27557
vt 0.89315 0.27785
vt 0.8879 0.27891
vt 0.84586 0.25251
vt 0.84842 0.25372
vt 0.8466 0.2553
vt 0.8463 0.22034
vt 0.84787 0.22216
vt 0.8461 0.22344
vt 0.87795 0.26559
vt 0.88275 0.26598
vt 0.87695 0.26877
vt 0.85245 0.25312
vt 0.85521 0.25095
vt 0.85416 0.25519
vt 0.84477 0.22197
vt 0.8463 0.22034
vt 0.8461 0.22344
vt 0.85416 0.25519
vt 0.85477 0.25802
vt 0.85086 0.25687
vt 0.87337 0.26403
vt 0.86865 0.26187
vt 0.87121 0.25925
vt 0.85086 0.25687
vt 0.85245 0.25312
vt 0.85416 0.25519
vt 0.84761 0.25118
vt 0.85019 0.24979
vt 0.8504 0.25232
vt 0.85019 0.24979
vt 0.84731 0.24856
vt 0.84933 0.24769
vt 0.89063 0.21893
vt 0.8901 0.2215
vt 0.88535 0.22012
vt 0.85086 0.25687
vt 0.85477 0.25802
vt 0.85174 0.26013
vt 0.84714 0.23452
vt 0.84517 0.23593
vt 0.84613 0.23082
vt 0.86897 0.2055
vt 0.87242 0.20097
vt 0.87453 0.20572
vt 0.84613 0.23082
vt 0.84517 0.23593
vt 0.84444 0.23127
vt 0.87891 0.19674
vt 0.87728 0.19574
vt 0.87928 0.19506
vt 0.87666 0.27703
vt 0.87113 0.27867
vt 0.86918 0.27537
vt 0.85416 0.25519
vt 0.85521 0.25095
vt 0.86025 0.25375
vt 0.86865 0.26187
vt 0.86502 0.26177
vt 0.86624 0.25987
vt 0.89343 0.26078
vt 0.89751 0.26175
vt 0.89407 0.26479
vt 0.87878 0.20287
vt 0.87904 0.20618
vt 0.87453 0.20572
vt 0.85245 0.25312
vt 0.85051 0.25456
vt 0.8504 0.25232
vt 0.89607 0.2181
vt 0.89952 0.21946
vt 0.89486 0.22076
vt 0.84842 0.25372
vt 0.8504 0.25232
vt 0.85051 0.25456
vt 0.84736 0.25676
vt 0.8466 0.2553
vt 0.84836 0.25608
vt 0.85086 0.25687
vt 0.85174 0.26013
vt 0.84846 0.25906
vt 0.87986 0.26262
vt 0.88433 0.26219
vt 0.88275 0.26598
vt 0.84701 0.25887
vt 0.84846 0.25906
vt 0.84734 0.26148
vt 0.85051 0.25456
vt 0.85245 0.25312
vt 0.85086 0.25687
vt 0.84836 0.25608
vt 0.8466 0.2553
vt 0.84842 0.25372
vt 0.87453 0.20572
vt 0.87904 0.20618
vt 0.87726 0.20824
vt 0.89407 0.26479
vt 0.88898 0.26393
vt 0.89343 0.26078
vt 0.87121 0.25925
vt 0.86865 0.26187
vt 0.86624 0.25987
vt 0.89423 0.20592
vt 0.89077 0.20752
vt 0.8905 0.20417
vt 0.84842 0.25372
vt 0.85051 0.25456
vt 0.84836 0.25608
vt 0.86502 0.26177
vt 0.86706 0.26494
vt 0.8628 0.26369
vt 0.89349 0.21022
vt 0.89441 0.20795
vt 0.89875 0.20817
vt 0.88313 0.24657
vt 0.88768 0.2411
vt 0.88865 0.24534
vt 0.88395 0.19462
vt 0.88204 0.19424
vt 0.88272 0.19358
vt 0.85793 0.24731
vt 0.85521 0.25095
vt 0.8526 0.24811
vt 0.88356 0.21301
vt 0.8804 0.21475
vt 0.87653 0.21264
vt 0.87694 0.25658
vt 0.87034 0.25503
vt 0.8741 0.2527
vt 0.84742 0.23198
vt 0.84823 0.23361
vt 0.84714 0.23452
vt 0.8463 0.22034
vt 0.84862 0.21981
vt 0.84787 0.22216
vt 0.84444 0.23127
vt 0.8429 0.22801
vt 0.84419 0.2254
vt 0.89875 0.20817
vt 0.89772 0.21139
vt 0.89349 0.21022
vt 0.85909 0.25667
vt 0.86025 0.25375
vt 0.86529 0.25679
vt 0.84846 0.25906
vt 0.84701 0.25887
vt 0.84836 0.25608
vt 0.84846 0.25906
vt 0.84836 0.25608
vt 0.85051 0.25456
vt 0.87115 0.26786
vt 0.87337 0.26403
vt 0.87695 0.26877
vt 0.85086 0.25687
vt 0.84846 0.25906
vt 0.85051 0.25456
vt 0.89423 0.20592
vt 0.89441 0.20795
vt 0.89077 0.20752
vt 0.87453 0.20572
vt 0.87726 0.20824
vt 0.87187 0.20878
vt 0.88171 0.20037
vt 0.88182 0.20307
vt 0.87878 0.20287
vt 0.87904 0.20618
vt 0.881 0.20817
vt 0.87726 0.20824
vt 0.89077 0.20752
vt 0.89441 0.20795
vt 0.89349 0.21022
vt 0.87891 0.19674
vt 0.87556 0.19698
vt 0.87728 0.19574
vt 0.89875 0.20817
vt 0.90171 0.21062
vt 0.89772 0.21139
vt 0.87187 0.20878
vt 0.87726 0.20824
vt 0.87525 0.21026
vt 0.89415 0.18871
vt 0.89614 0.1873
vt 0.89594 0.18932
vt 0.88627 0.20951
vt 0.881 0.20817
vt 0.88306 0.20563
vt 0.87977 0.24962
vt 0.87713 0.24626
vt 0.88313 0.24657
vt 0.87507 0.19501
vt 0.87538 0.19373
vt 0.87577 0.19498
vt 0.90035 0.21427
vt 0.89772 0.21139
vt 0.90171 0.21062
vt 0.87726 0.20824
vt 0.87998 0.21063
vt 0.87525 0.21026
vt 0.88627 0.20951
vt 0.88306 0.20563
vt 0.88742 0.20596
vt 0.88627 0.20951
vt 0.88742 0.20596
vt 0.89077 0.20752
vt 0.87232 0.27201
vt 0.86681 0.26919
vt 0.87115 0.26786
vt 0.89772 0.21139
vt 0.90035 0.21427
vt 0.89541 0.21292
vt 0.87187 0.20878
vt 0.87525 0.21026
vt 0.87084 0.21219
vt 0.87998 0.21063
vt 0.87653 0.21264
vt 0.87525 0.21026
vt 0.8833 0.2031
vt 0.88182 0.20307
vt 0.88171 0.20037
vt 0.8804 0.21475
vt 0.88356 0.21301
vt 0.88614 0.21618
vt 0.87728 0.19574
vt 0.87556 0.19698
vt 0.87577 0.19498
vt 0.89349 0.21022
vt 0.89044 0.21338
vt 0.88627 0.20951
vt 0.89011 0.2354
vt 0.88768 0.2411
vt 0.8829 0.23655
vt 0.87214 0.21548
vt 0.87084 0.21219
vt 0.87653 0.21264
vt 0.87694 0.25658
vt 0.87646 0.26029
vt 0.87121 0.25925
vt 0.85014 0.22244
vt 0.84858 0.22461
vt 0.84787 0.22216
vt 0.85498 0.22899
vt 0.85363 0.23247
vt 0.85152 0.22945
vt 0.86502 0.26177
vt 0.86865 0.26187
vt 0.86706 0.26494
vt 0.88156 0.19605
vt 0.88395 0.19462
vt 0.8848 0.1981
vt 0.88306 0.20563
vt 0.88182 0.20307
vt 0.8833 0.2031
vt 0.87646 0.26029
vt 0.87986 0.26262
vt 0.87337 0.26403
vt 0.89952 0.21946
vt 0.89607 0.2181
vt 0.89969 0.21714
vt 0.88007 0.19409
vt 0.88139 0.19423
vt 0.88156 0.19605
vt 0.87428 0.22164
vt 0.87752 0.21743
vt 0.87969 0.22091
vt 0.87337 0.26403
vt 0.87986 0.26262
vt 0.87795 0.26559
vt 0.89349 0.21022
vt 0.89541 0.21292
vt 0.89044 0.21338
vt 0.88256 0.19004
vt 0.88367 0.18833
vt 0.88532 0.18992
vt 0.87653 0.21264
vt 0.87998 0.21063
vt 0.88356 0.21301
vt 0.88627 0.20951
vt 0.89044 0.21338
vt 0.88356 0.21301
vt 0.87232 0.27201
vt 0.87695 0.26877
vt 0.88059 0.27325
vt 0.89465 0.21504
vt 0.89541 0.21292
vt 0.90035 0.21427
vt 0.88313 0.24657
vt 0.87713 0.24626
vt 0.87955 0.24197
vt 0.89594 0.18932
vt 0.89787 0.19058
vt 0.89386 0.19074
vt 0.87998 0.21063
vt 0.881 0.20817
vt 0.88627 0.20951
vt 0.89749 0.24683
vt 0.90214 0.24659
vt 0.89732 0.24916
vt 0.87115 0.26786
vt 0.86706 0.26494
vt 0.87337 0.26403
vt 0.87703 0.2148
vt 0.87214 0.21548
vt 0.87653 0.21264
vt 0.89386 0.19074
vt 0.89415 0.18871
vt 0.89594 0.18932
vt 0.88752 0.1943
vt 0.88735 0.19279
vt 0.88949 0.19407
vt 0.89044 0.21338
vt 0.89541 0.21292
vt 0.89465 0.21504
vt 0.89077 0.20752
vt 0.89349 0.21022
vt 0.88627 0.20951
vt 0.89465 0.21504
vt 0.90035 0.21427
vt 0.89607 0.2181
vt 0.89238 0.27557
vt 0.8879 0.27891
vt 0.88414 0.27679
vt 0.87577 0.19498
vt 0.87538 0.19373
vt 0.87751 0.19422
vt 0.8771 0.19875
vt 0.88171 0.20037
vt 0.87878 0.20287
vt 0.89349 0.21022
vt 0.89772 0.21139
vt 0.89541 0.21292
vt 0.88306 0.20563
vt 0.881 0.20817
vt 0.87904 0.20618
vt 0.88735 0.19279
vt 0.88788 0.19114
vt 0.88907 0.1924
vt 0.89689 0.2019
vt 0.89957 0.19916
vt 0.89967 0.20174
vt 0.8804 0.21475
vt 0.87703 0.2148
vt 0.87653 0.21264
vt 0.89257 0.22453
vt 0.89486 0.22076
vt 0.89734 0.22262
vt 0.88367 0.18833
vt 0.88256 0.19004
vt 0.88157 0.18707
vt 0.87752 0.21743
vt 0.88614 0.21618
vt 0.88535 0.22012
vt 0.8526 0.21377
vt 0.85043 0.21314
vt 0.85297 0.21159
vt 0.89465 0.21504
vt 0.89177 0.21638
vt 0.89044 0.21338
vt 0.88388 0.19253
vt 0.88256 0.19004
vt 0.88532 0.18992
vt 0.87969 0.22091
vt 0.8789 0.22363
vt 0.87428 0.22164
vt 0.88272 0.19358
vt 0.88388 0.19253
vt 0.88395 0.19462
vt 0.87891 0.19674
vt 0.88156 0.19605
vt 0.88171 0.20037
vt 0.89003 0.26941
vt 0.88856 0.27365
vt 0.88059 0.27325
vt 0.89051 0.19245
vt 0.89259 0.19302
vt 0.88949 0.19407
vt 0.86156 0.26777
vt 0.85917 0.26372
vt 0.8628 0.26369
vt 0.89429 0.25197
vt 0.89259 0.24937
vt 0.89732 0.24916
vt 0.88356 0.21301
vt 0.89044 0.21338
vt 0.88614 0.21618
vt 0.89044 0.21338
vt 0.89177 0.21638
vt 0.88614 0.21618
vt 0.84988 0.21697
vt 0.85129 0.21726
vt 0.8505 0.21948
vt 0.8804 0.21475
vt 0.87752 0.21743
vt 0.87703 0.2148
vt 0.89209 0.25612
vt 0.88814 0.25988
vt 0.88611 0.25709
vt 0.88611 0.25709
vt 0.88814 0.25988
vt 0.88341 0.25963
vt 0.89312 0.24625
vt 0.88865 0.24534
vt 0.89337 0.24247
vt 0.87695 0.26877
vt 0.88202 0.26923
vt 0.88059 0.27325
vt 0.85477 0.25802
vt 0.85416 0.25519
vt 0.85909 0.25667
vt 0.87034 0.25503
vt 0.86529 0.25679
vt 0.86592 0.25362
vt 0.88898 0.26393
vt 0.88814 0.25988
vt 0.89343 0.26078
vt 0.8628 0.26369
vt 0.86706 0.26494
vt 0.86156 0.26777
vt 0.89386 0.19074
vt 0.89156 0.19133
vt 0.89074 0.18951
vt 0.89751 0.26175
vt 0.89343 0.26078
vt 0.89753 0.25774
vt 0.88433 0.26219
vt 0.88341 0.25963
vt 0.88814 0.25988
vt 0.88768 0.2411
vt 0.89343 0.23818
vt 0.89337 0.24247
vt 0.87121 0.25925
vt 0.87034 0.25503
vt 0.87694 0.25658
vt 0.88077 0.2586
vt 0.88611 0.25709
vt 0.88341 0.25963
vt 0.88275 0.26598
vt 0.88433 0.26219
vt 0.88898 0.26393
vt 0.88718 0.22322
vt 0.89257 0.22453
vt 0.88776 0.22586
vt 0.86706 0.26494
vt 0.87115 0.26786
vt 0.86681 0.26919
vt 0.88007 0.19409
vt 0.87751 0.19422
vt 0.88064 0.19229
vt 0.8671 0.20134
vt 0.87242 0.20097
vt 0.86897 0.2055
vt 0.88788 0.19114
vt 0.88735 0.19279
vt 0.88608 0.19192
vt 0.88768 0.2411
vt 0.87955 0.24197
vt 0.8829 0.23655
vt 0.87751 0.19422
vt 0.87728 0.19574
vt 0.87577 0.19498
vt 0.89312 0.24625
vt 0.89259 0.24937
vt 0.88684 0.24915
vt 0.89343 0.26078
vt 0.88814 0.25988
vt 0.89209 0.25612
vt 0.89386 0.19074
vt 0.89259 0.19302
vt 0.89156 0.19133
vt 0.87998 0.21063
vt 0.88627 0.20951
vt 0.88356 0.21301
vt 0.888 0.25298
vt 0.89429 0.25197
vt 0.89209 0.25612
vt 0.89312 0.24625
vt 0.90134 0.24196
vt 0.89749 0.24683
vt 0.87695 0.26877
vt 0.88275 0.26598
vt 0.88202 0.26923
vt 0.888 0.25298
vt 0.89209 0.25612
vt 0.88611 0.25709
vt 0.87998 0.21063
vt 0.87726 0.20824
vt 0.881 0.20817
vt 0.86502 0.26177
vt 0.8628 0.26369
vt 0.86109 0.26026
vt 0.88139 0.19423
vt 0.88204 0.19424
vt 0.88156 0.19605
vt 0.8901 0.2215
vt 0.89486 0.22076
vt 0.89257 0.22453
vt 0.89156 0.19133
vt 0.89051 0.19245
vt 0.89012 0.19129
vt 0.89465 0.21504
vt 0.89607 0.2181
vt 0.89177 0.21638
vt 0.88718 0.22322
vt 0.8831 0.22246
vt 0.88535 0.22012
vt 0.88667 0.19555
vt 0.88574 0.19345
vt 0.88752 0.1943
vt 0.88535 0.22012
vt 0.8831 0.22246
vt 0.87969 0.22091
vt 0.89969 0.21714
vt 0.89607 0.2181
vt 0.90035 0.21427
vt 0.88367 0.18833
vt 0.88581 0.18652
vt 0.88532 0.18992
vt 0.85793 0.24731
vt 0.86143 0.25153
vt 0.85521 0.25095
vt 0.86592 0.25362
vt 0.86025 0.25375
vt 0.86143 0.25153
vt 0.86143 0.25153
vt 0.85793 0.24731
vt 0.86447 0.24877
vt 0.86903 0.25179
vt 0.87034 0.25503
vt 0.86592 0.25362
vt 0.88608 0.19192
vt 0.88574 0.19345
vt 0.88388 0.19253
vt 0.88204 0.19424
vt 0.88064 0.19229
vt 0.88272 0.19358
vt 0.86447 0.24877
vt 0.85793 0.24731
vt 0.86217 0.24557
vt 0.86903 0.25179
vt 0.86592 0.25362
vt 0.86143 0.25153
vt 0.86109 0.26026
vt 0.86624 0.25987
vt 0.86502 0.26177
vt 0.86025 0.25375
vt 0.85521 0.25095
vt 0.86143 0.25153
vt 0.87751 0.19422
vt 0.8757 0.19031
vt 0.88064 0.19229
vt 0.8827 0.25557
vt 0.88611 0.25709
vt 0.88077 0.2586
vt 0.86143 0.25153
vt 0.86447 0.24877
vt 0.86903 0.25179
vt 0.88614 0.21618
vt 0.89177 0.21638
vt 0.89063 0.21893
vt 0.86744 0.27214
vt 0.86681 0.26919
vt 0.87232 0.27201
vt 0.89928 0.25104
vt 0.89732 0.24916
vt 0.90214 0.24659
vt 0.89928 0.25104
vt 0.89701 0.25398
vt 0.89429 0.25197
vt 0.89749 0.24683
vt 0.90134 0.24196
vt 0.90214 0.24659
vt 0.88718 0.22322
vt 0.88776 0.22586
vt 0.88329 0.22532
vt 0.89486 0.22076
vt 0.89063 0.21893
vt 0.89607 0.2181
vt 0.89337 0.24247
vt 0.89343 0.23818
vt 0.89697 0.23915
vt 0.8628 0.26369
vt 0.85917 0.26372
vt 0.86109 0.26026
vt 0.88768 0.2411
vt 0.88313 0.24657
vt 0.87955 0.24197
vt 0.88684 0.24915
vt 0.88865 0.24534
vt 0.89312 0.24625
vt 0.89257 0.22453
vt 0.88718 0.22322
vt 0.8901 0.2215
vt 0.888 0.25298
vt 0.88684 0.24915
vt 0.89259 0.24937
vt 0.8901 0.2215
vt 0.88718 0.22322
vt 0.88535 0.22012
vt 0.88156 0.19605
vt 0.88204 0.19424
vt 0.88395 0.19462
vt 0.87084 0.21219
vt 0.87525 0.21026
vt 0.87653 0.21264
vt 0.88341 0.25963
vt 0.87986 0.26262
vt 0.88077 0.2586
vt 0.88306 0.20563
vt 0.87904 0.20618
vt 0.87878 0.20287
vt 0.89689 0.2019
vt 0.89967 0.20174
vt 0.89783 0.20491
vt 0.87577 0.19498
vt 0.87556 0.19698
vt 0.87507 0.19501
vt 0.87646 0.26029
vt 0.87694 0.25658
vt 0.88077 0.2586
vt 0.86529 0.25679
vt 0.87121 0.25925
vt 0.86624 0.25987
vt 0.87969 0.22091
vt 0.87752 0.21743
vt 0.88535 0.22012
vt 0.88421 0.22844
vt 0.88329 0.22532
vt 0.88776 0.22586
vt 0.88433 0.26219
vt 0.88814 0.25988
vt 0.88898 0.26393
vt 0.89063 0.21893
vt 0.89486 0.22076
vt 0.8901 0.2215
vt 0.8848 0.1981
vt 0.88667 0.19555
vt 0.88781 0.19775
vt 0.89063 0.21893
vt 0.88535 0.22012
vt 0.88614 0.21618
vt 0.87187 0.20878
vt 0.86897 0.2055
vt 0.87453 0.20572
vt 0.87232 0.27201
vt 0.87382 0.27478
vt 0.86918 0.27537
vt 0.89607 0.2181
vt 0.89063 0.21893
vt 0.89177 0.21638
vt 0.89928 0.25104
vt 0.89429 0.25197
vt 0.89732 0.24916
vt 0.8741 0.2527
vt 0.87034 0.25503
vt 0.86903 0.25179
vt 0.86373 0.27286
vt 0.8624 0.27009
vt 0.86397 0.27081
vt 0.86681 0.26919
vt 0.86397 0.27081
vt 0.86156 0.26777
vt 0.88608 0.19192
vt 0.88532 0.18992
vt 0.88788 0.19114
vt 0.86744 0.27214
vt 0.86397 0.27081
vt 0.86681 0.26919
vt 0.89429 0.25197
vt 0.888 0.25298
vt 0.89259 0.24937
vt 0.89343 0.26078
vt 0.89209 0.25612
vt 0.89753 0.25774
vt 0.87955 0.24197
vt 0.87548 0.23842
vt 0.8829 0.23655
vt 0.8624 0.27009
vt 0.86373 0.27286
vt 0.85777 0.27088
vt 0.85832 0.21431
vt 0.85971 0.21575
vt 0.85457 0.21619
vt 0.85457 0.21619
vt 0.85508 0.21334
vt 0.85832 0.21431
vt 0.88614 0.21618
vt 0.87752 0.21743
vt 0.8804 0.21475
vt 0.86397 0.27081
vt 0.8624 0.27009
vt 0.86156 0.26777
vt 0.8526 0.21377
vt 0.85508 0.21334
vt 0.85457 0.21619
vt 0.85457 0.21619
vt 0.85073 0.21509
vt 0.8526 0.21377
vt 0.85174 0.26013
vt 0.85495 0.26132
vt 0.85193 0.2625
vt 0.85129 0.21726
vt 0.85073 0.21509
vt 0.85457 0.21619
vt 0.85495 0.26132
vt 0.85477 0.25802
vt 0.86109 0.26026
vt 0.85073 0.21509
vt 0.85043 0.21314
vt 0.8526 0.21377
vt 0.85297 0.21159
vt 0.85508 0.21334
vt 0.8526 0.21377
vt 0.89371 0.28056
vt 0.88539 0.28256
vt 0.8879 0.27891
vt 0.88414 0.27679
vt 0.88856 0.27365
vt 0.89238 0.27557
vt 0.85129 0.21726
vt 0.84988 0.21697
vt 0.85073 0.21509
vt 0.90129 0.19547
vt 0.89957 0.19916
vt 0.90011 0.19489
vt 0.85495 0.26132
vt 0.85174 0.26013
vt 0.85477 0.25802
vt 0.88684 0.24915
vt 0.88249 0.24982
vt 0.88313 0.24657
vt 0.89259 0.24937
vt 0.89312 0.24625
vt 0.89749 0.24683
vt 0.879 0.28022
vt 0.87113 0.27867
vt 0.87666 0.27703
vt 0.78683 0.44178
vt 0.79246 0.44198
vt 0.79167 0.44531
vt 0.78467 0.44481
vt 0.78735 0.44651
vt 0.78377 0.44814
vt 0.78801 0.44887
vt 0.79228 0.45184
vt 0.78712 0.45068
vt 0.79275 0.46047
vt 0.79205 0.46375
vt 0.78782 0.46236
vt 0.77713 0.45923
vt 0.77864 0.46169
vt 0.7747 0.46142
vt 0.78228 0.45481
vt 0.77877 0.45694
vt 0.77415 0.45267
vt 0.78753 0.44431
vt 0.79167 0.44531
vt 0.78735 0.44651
vt 0.78783 0.45356
vt 0.78283 0.4514
vt 0.78712 0.45068
vt 0.78833 0.45672
vt 0.79275 0.46047
vt 0.78562 0.4589
vt 0.78283 0.4514
vt 0.78009 0.44747
vt 0.78377 0.44814
vt 0.78937 0.46486
vt 0.79331 0.46638
vt 0.7896 0.46757
vt 0.78833 0.45672
vt 0.79181 0.45819
vt 0.79275 0.46047
vt 0.78735 0.44651
vt 0.78467 0.44481
vt 0.78753 0.44431
vt 0.78735 0.44651
vt 0.78801 0.44887
vt 0.78377 0.44814
vt 0.78283 0.4514
vt 0.78377 0.44814
vt 0.78712 0.45068
vt 0.78377 0.44814
vt 0.78801 0.44887
vt 0.78712 0.45068
vt 0.78245 0.46108
vt 0.77713 0.45923
vt 0.77877 0.45694
vt 0.78377 0.44814
vt 0.78173 0.44444
vt 0.78467 0.44481
vt 0.78712 0.45068
vt 0.79228 0.45184
vt 0.78783 0.45356
vt 0.79379 0.45644
vt 0.78783 0.45356
vt 0.79228 0.45184
vt 0.77877 0.45694
vt 0.77713 0.45923
vt 0.7741 0.45627
vt 0.79167 0.44531
vt 0.79158 0.4487
vt 0.78735 0.44651
vt 0.78456 0.46303
vt 0.78782 0.46236
vt 0.7862 0.46554
vt 0.7741 0.45627
vt 0.77415 0.45267
vt 0.77877 0.45694
vt 0.78283 0.4514
vt 0.78228 0.45481
vt 0.77908 0.45139
vt 0.78173 0.46394
vt 0.7862 0.46554
vt 0.7826 0.46636
vt 0.78783 0.45356
vt 0.78228 0.45481
vt 0.78283 0.4514
vt 0.79379 0.45644
vt 0.78833 0.45672
vt 0.78783 0.45356
vt 0.78735 0.44651
vt 0.79158 0.4487
vt 0.78801 0.44887
vt 0.78833 0.45672
vt 0.78228 0.45481
vt 0.78783 0.45356
vt 0.78562 0.4589
vt 0.79275 0.46047
vt 0.78782 0.46236
vt 0.77877 0.45694
vt 0.78228 0.45481
vt 0.78562 0.4589
vt 0.78833 0.45672
vt 0.78562 0.4589
vt 0.78228 0.45481
vt 0.78245 0.46108
vt 0.77877 0.45694
vt 0.78562 0.4589
vt 0.77864 0.46169
vt 0.78245 0.46108
vt 0.78173 0.46394
vt 0.79379 0.45644
vt 0.79275 0.46047
vt 0.79181 0.45819
vt 0.79379 0.45644
vt 0.79181 0.45819
vt 0.78833 0.45672
vt 0.78456 0.46303
vt 0.78245 0.46108
vt 0.78782 0.46236
vt 0.78937 0.46486
vt 0.78782 0.46236
vt 0.79205 0.46375
vt 0.7741 0.45627
vt 0.77713 0.45923
vt 0.77332 0.45855
vt 0.77332 0.45855
vt 0.77713 0.45923
vt 0.7747 0.46142
vt 0.79331 0.46638
vt 0.78937 0.46486
vt 0.79205 0.46375
vt 0.79158 0.4487
vt 0.79228 0.45184
vt 0.78801 0.44887
vt 0.78562 0.4589
vt 0.78782 0.46236
vt 0.78245 0.46108
vt 0.78245 0.46108
vt 0.78456 0.46303
vt 0.78173 0.46394
vt 0.7862 0.46554
vt 0.78782 0.46236
vt 0.78937 0.46486
vt 0.77332 0.45855
vt 0.76874 0.45464
vt 0.7741 0.45627
vt 0.7862 0.46554
vt 0.78173 0.46394
vt 0.78456 0.46303
vt 0.7896 0.46757
vt 0.7862 0.46554
vt 0.78937 0.46486
vt 0.79439 0.4698
vt 0.79179 0.47085
vt 0.7896 0.46757
vt 0.79439 0.4698
vt 0.7896 0.46757
vt 0.79331 0.46638
vt 0.78376 0.46822
vt 0.7862 0.46554
vt 0.78671 0.46893
vt 0.77332 0.45855
vt 0.7747 0.46142
vt 0.76788 0.45775
vt 0.7862 0.46554
vt 0.7896 0.46757
vt 0.78671 0.46893
vt 0.78753 0.44431
vt 0.78683 0.44178
vt 0.79167 0.44531
vt 0.7747 0.46142
vt 0.7705 0.46182
vt 0.76788 0.45775
vt 0.77864 0.46169
vt 0.77713 0.45923
vt 0.78245 0.46108
vt 0.78683 0.44178
vt 0.78753 0.44431
vt 0.78467 0.44481
vt 0.78671 0.46893
vt 0.7896 0.46757
vt 0.78906 0.47
vt 0.7896 0.46757
vt 0.79179 0.47085
vt 0.78906 0.47
vt 0.79179 0.47085
vt 0.79439 0.4698
vt 0.79348 0.47241
vt 0.77412 0.48425
vt 0.77176 0.48621
vt 0.76924 0.48288
vt 0.7767 0.47647
vt 0.77896 0.47656
vt 0.77918 0.47861
vt 0.78128 0.48399
vt 0.77802 0.48601
vt 0.77726 0.48094
vt 0.79237 0.49533
vt 0.79032 0.49466
vt 0.79132 0.4925
vt 0.7762 0.47259
vt 0.7795 0.47448
vt 0.7767 0.47647
vt 0.77802 0.48601
vt 0.77412 0.48425
vt 0.77726 0.48094
vt 0.76087 0.47462
vt 0.76653 0.47702
vt 0.76012 0.47973
vt 0.78334 0.48179
vt 0.78422 0.47976
vt 0.78492 0.48296
vt 0.76955 0.47987
vt 0.76594 0.48025
vt 0.76653 0.47702
vt 0.77802 0.48601
vt 0.78128 0.48399
vt 0.78043 0.48865
vt 0.78618 0.4775
vt 0.78422 0.47976
vt 0.7834 0.47589
vt 0.79071 0.48423
vt 0.78738 0.4844
vt 0.78841 0.48059
vt 0.78841 0.48059
vt 0.78422 0.47976
vt 0.78618 0.4775
vt 0.77813 0.47065
vt 0.7795 0.47448
vt 0.7762 0.47259
vt 0.77896 0.47656
vt 0.7795 0.47448
vt 0.7817 0.47803
vt 0.7817 0.47803
vt 0.77918 0.47861
vt 0.77896 0.47656
vt 0.78671 0.46893
vt 0.78323 0.47154
vt 0.78376 0.46822
vt 0.78158 0.49136
vt 0.77911 0.49125
vt 0.78043 0.48865
vt 0.78961 0.47458
vt 0.78635 0.47456
vt 0.78751 0.47209
vt 0.7795 0.47448
vt 0.77813 0.47065
vt 0.78323 0.47154
vt 0.78476 0.49015
vt 0.7843 0.48604
vt 0.78816 0.48689
vt 0.77404 0.48862
vt 0.77176 0.48621
vt 0.77412 0.48425
vt 0.79057 0.47258
vt 0.79348 0.47241
vt 0.79281 0.47559
vt 0.78751 0.47209
vt 0.78671 0.46893
vt 0.78906 0.47
vt 0.7826 0.46636
vt 0.78049 0.46831
vt 0.77902 0.4659
vt 0.78738 0.4844
vt 0.79071 0.48423
vt 0.78816 0.48689
vt 0.7559 0.53889
vt 0.75783 0.53856
vt 0.75744 0.54002
vt 0.76924 0.48288
vt 0.77191 0.47836
vt 0.77412 0.48425
vt 0.79281 0.47559
vt 0.79288 0.47862
vt 0.78919 0.47703
vt 0.77306 0.53977
vt 0.76993 0.54012
vt 0.77059 0.53764
vt 0.77436 0.46501
vt 0.77699 0.46767
vt 0.77287 0.46939
vt 0.78422 0.47976
vt 0.78115 0.48076
vt 0.7817 0.47803
vt 0.77902 0.4659
vt 0.77801 0.46338
vt 0.78173 0.46394
vt 0.79348 0.47241
vt 0.79057 0.47258
vt 0.79179 0.47085
vt 0.75611 0.53155
vt 0.75494 0.52904
vt 0.75883 0.52989
vt 0.74653 0.52567
vt 0.74792 0.52925
vt 0.7452 0.52853
vt 0.77918 0.47861
vt 0.78115 0.48076
vt 0.77726 0.48094
vt 0.78115 0.48076
vt 0.78422 0.47976
vt 0.78334 0.48179
vt 0.74333 0.51591
vt 0.74221 0.5134
vt 0.74525 0.51367
vt 0.79373 0.48173
vt 0.79071 0.48423
vt 0.78841 0.48059
vt 0.78919 0.47703
vt 0.78841 0.48059
vt 0.78618 0.4775
vt 0.78635 0.47456
vt 0.7834 0.47589
vt 0.78323 0.47154
vt 0.78492 0.48296
vt 0.7843 0.48604
vt 0.78128 0.48399
vt 0.78334 0.48179
vt 0.78128 0.48399
vt 0.78115 0.48076
vt 0.76277 0.52547
vt 0.76045 0.52418
vt 0.763 0.52369
vt 0.79184 0.4874
vt 0.78816 0.48689
vt 0.79071 0.48423
vt 0.79629 0.49115
vt 0.79132 0.4925
vt 0.79275 0.48965
vt 0.77319 0.53536
vt 0.76935 0.53294
vt 0.77396 0.53324
vt 0.78492 0.48296
vt 0.78738 0.4844
vt 0.7843 0.48604
vt 0.77454 0.54247
vt 0.77001 0.54223
vt 0.77306 0.53977
vt 0.79057 0.47258
vt 0.79281 0.47559
vt 0.78961 0.47458
vt 0.76087 0.47462
vt 0.76257 0.47088
vt 0.76586 0.47329
vt 0.76257 0.47088
vt 0.76734 0.47019
vt 0.76586 0.47329
vt 0.76402 0.53032
vt 0.76935 0.53294
vt 0.76525 0.53346
vt 0.75339 0.52253
vt 0.75041 0.51999
vt 0.75496 0.52076
vt 0.7699 0.4734
vt 0.76586 0.47329
vt 0.76734 0.47019
vt 0.79281 0.47559
vt 0.78919 0.47703
vt 0.78961 0.47458
vt 0.7699 0.4734
vt 0.76734 0.47019
vt 0.77287 0.46939
vt 0.78841 0.48059
vt 0.79288 0.47862
vt 0.79373 0.48173
vt 0.76349 0.46748
vt 0.76734 0.47019
vt 0.76257 0.47088
vt 0.79237 0.49533
vt 0.79429 0.4939
vt 0.79417 0.49488
vt 0.79288 0.47862
vt 0.78841 0.48059
vt 0.78919 0.47703
vt 0.75563 0.53537
vt 0.7578 0.53423
vt 0.75672 0.53667
vt 0.76752 0.46687
vt 0.77287 0.46939
vt 0.76734 0.47019
vt 0.79057 0.47258
vt 0.78906 0.47
vt 0.79179 0.47085
vt 0.75819 0.53218
vt 0.75611 0.53155
vt 0.75883 0.52989
vt 0.75741 0.50493
vt 0.75824 0.50339
vt 0.76358 0.50517
vt 0.77191 0.47836
vt 0.77353 0.47375
vt 0.7767 0.47647
vt 0.76349 0.46748
vt 0.76257 0.47088
vt 0.75937 0.46837
vt 0.77032 0.5283
vt 0.77254 0.52733
vt 0.77275 0.53012
vt 0.77614 0.52541
vt 0.76847 0.52389
vt 0.77681 0.51988
vt 0.79373 0.48173
vt 0.79488 0.48502
vt 0.79071 0.48423
vt 0.76983 0.46481
vt 0.77287 0.46939
vt 0.76752 0.46687
vt 0.76277 0.52547
vt 0.76018 0.52611
vt 0.76045 0.52418
vt 0.78049 0.46831
vt 0.77813 0.47065
vt 0.77699 0.46767
vt 0.79057 0.47258
vt 0.78751 0.47209
vt 0.78906 0.47
vt 0.79184 0.4874
vt 0.79488 0.48502
vt 0.79472 0.4882
vt 0.76349 0.46748
vt 0.76752 0.46687
vt 0.76734 0.47019
vt 0.75757 0.4642
vt 0.75941 0.4661
vt 0.75268 0.46664
vt 0.76606 0.51618
vt 0.76553 0.50942
vt 0.77355 0.51313
vt 0.79071 0.48423
vt 0.79488 0.48502
vt 0.79184 0.4874
vt 0.79472 0.4882
vt 0.79629 0.49115
vt 0.79275 0.48965
vt 0.74196 0.51805
vt 0.74333 0.51591
vt 0.74522 0.51907
vt 0.75937 0.46837
vt 0.75941 0.4661
vt 0.76349 0.46748
vt 0.75757 0.4642
vt 0.75744 0.4613
vt 0.76338 0.46268
vt 0.75757 0.4642
vt 0.76338 0.46268
vt 0.75941 0.4661
vt 0.76553 0.50942
vt 0.76606 0.51618
vt 0.75623 0.50978
vt 0.78751 0.47209
vt 0.78635 0.47456
vt 0.78323 0.47154
vt 0.7843 0.48604
vt 0.78476 0.49015
vt 0.78043 0.48865
vt 0.78635 0.47456
vt 0.78961 0.47458
vt 0.78919 0.47703
vt 0.78919 0.47703
vt 0.78618 0.4775
vt 0.78635 0.47456
vt 0.76338 0.46268
vt 0.76983 0.46481
vt 0.76752 0.46687
vt 0.74613 0.53052
vt 0.74792 0.52925
vt 0.74773 0.53137
vt 0.78492 0.48296
vt 0.78841 0.48059
vt 0.78738 0.4844
vt 0.76752 0.46687
vt 0.76349 0.46748
vt 0.76338 0.46268
vt 0.74261 0.53596
vt 0.74091 0.53421
vt 0.74336 0.53343
vt 0.79057 0.47258
vt 0.78961 0.47458
vt 0.78751 0.47209
vt 0.75611 0.53155
vt 0.75407 0.53353
vt 0.75371 0.53066
vt 0.7834 0.47589
vt 0.78635 0.47456
vt 0.78618 0.4775
vt 0.78422 0.47976
vt 0.7817 0.47803
vt 0.7834 0.47589
vt 0.76338 0.46268
vt 0.76349 0.46748
vt 0.75941 0.4661
vt 0.7675 0.5352
vt 0.76672 0.53735
vt 0.76379 0.5354
vt 0.79472 0.4882
vt 0.79275 0.48965
vt 0.79184 0.4874
vt 0.78128 0.48399
vt 0.7843 0.48604
vt 0.78043 0.48865
vt 0.76776 0.54268
vt 0.77001 0.54223
vt 0.76839 0.54403
vt 0.76983 0.46481
vt 0.76862 0.46271
vt 0.7705 0.46182
vt 0.74336 0.53343
vt 0.74499 0.53547
vt 0.74261 0.53596
vt 0.74477 0.50595
vt 0.74154 0.50705
vt 0.74075 0.50291
vt 0.76862 0.46271
vt 0.76983 0.46481
vt 0.76338 0.46268
vt 0.75937 0.46837
vt 0.75268 0.46664
vt 0.75941 0.4661
vt 0.76338 0.46268
vt 0.76586 0.46004
vt 0.76862 0.46271
vt 0.76594 0.48025
vt 0.76358 0.48133
vt 0.76012 0.47973
vt 0.7894 0.48972
vt 0.78816 0.48689
vt 0.79184 0.4874
vt 0.76117 0.53618
vt 0.7595 0.53718
vt 0.75965 0.5352
vt 0.74312 0.51149
vt 0.73999 0.50996
vt 0.74273 0.50938
vt 0.7699 0.4734
vt 0.77287 0.46939
vt 0.77353 0.47375
vt 0.76586 0.46004
vt 0.76788 0.45775
vt 0.7705 0.46182
vt 0.79429 0.4939
vt 0.79132 0.4925
vt 0.79629 0.49115
vt 0.76862 0.46271
vt 0.76586 0.46004
vt 0.7705 0.46182
vt 0.75825 0.54187
vt 0.76016 0.53997
vt 0.76072 0.54212
vt 0.75909 0.52222
vt 0.75704 0.52359
vt 0.75496 0.52076
vt 0.7894 0.48972
vt 0.79275 0.48965
vt 0.79132 0.4925
vt 0.79275 0.48965
vt 0.7894 0.48972
vt 0.79184 0.4874
vt 0.7762 0.47259
vt 0.77353 0.47375
vt 0.77287 0.46939
vt 0.78738 0.4844
vt 0.78816 0.48689
vt 0.7843 0.48604
vt 0.74459 0.49773
vt 0.74292 0.49958
vt 0.74248 0.49675
vt 0.78323 0.47154
vt 0.78671 0.46893
vt 0.78751 0.47209
vt 0.77275 0.53012
vt 0.76935 0.53294
vt 0.76785 0.52829
vt 0.7496 0.49682
vt 0.74779 0.49996
vt 0.74652 0.49671
vt 0.7452 0.52853
vt 0.74291 0.52593
vt 0.74653 0.52567
vt 0.74292 0.49958
vt 0.74038 0.49941
vt 0.74248 0.49675
vt 0.73855 0.52875
vt 0.74102 0.53149
vt 0.73822 0.53268
vt 0.73862 0.52239
vt 0.73557 0.52332
vt 0.73553 0.52011
vt 0.76586 0.46004
vt 0.76338 0.46268
vt 0.75889 0.45177
vt 0.76874 0.45464
vt 0.77332 0.45855
vt 0.76788 0.45775
vt 0.76379 0.5354
vt 0.76525 0.53346
vt 0.7675 0.5352
vt 0.75214 0.51822
vt 0.75496 0.52076
vt 0.75041 0.51999
vt 0.79237 0.49533
vt 0.79132 0.4925
vt 0.79429 0.4939
vt 0.7894 0.48972
vt 0.78476 0.49015
vt 0.78816 0.48689
vt 0.7894 0.48972
vt 0.79132 0.4925
vt 0.78754 0.4918
vt 0.77902 0.4659
vt 0.78173 0.46394
vt 0.7826 0.46636
vt 0.78334 0.48179
vt 0.78492 0.48296
vt 0.78128 0.48399
vt 0.75006 0.50419
vt 0.74498 0.50215
vt 0.74779 0.49996
vt 0.78422 0.47976
vt 0.78841 0.48059
vt 0.78492 0.48296
vt 0.79032 0.49466
vt 0.78792 0.49439
vt 0.79132 0.4925
vt 0.78754 0.4918
vt 0.79132 0.4925
vt 0.78792 0.49439
vt 0.74522 0.51907
vt 0.74333 0.51591
vt 0.74611 0.51702
vt 0.74312 0.51149
vt 0.74515 0.50969
vt 0.74525 0.51367
vt 0.78323 0.47154
vt 0.7834 0.47589
vt 0.7795 0.47448
vt 0.7862 0.46554
vt 0.78376 0.46822
vt 0.7826 0.46636
vt 0.7894 0.48972
vt 0.78754 0.4918
vt 0.78476 0.49015
vt 0.76379 0.5354
vt 0.76317 0.53897
vt 0.76117 0.53618
vt 0.73813 0.49656
vt 0.73371 0.49512
vt 0.73556 0.49276
vt 0.73128 0.49772
vt 0.7365 0.49899
vt 0.73391 0.5019
vt 0.78049 0.46831
vt 0.78376 0.46822
vt 0.78323 0.47154
vt 0.75016 0.51185
vt 0.74515 0.50969
vt 0.74905 0.50806
vt 0.76788 0.45775
vt 0.76586 0.46004
vt 0.75889 0.45177
vt 0.7817 0.47803
vt 0.7795 0.47448
vt 0.7834 0.47589
vt 0.74906 0.52256
vt 0.75098 0.52781
vt 0.74653 0.52567
vt 0.78049 0.46831
vt 0.7826 0.46636
vt 0.78376 0.46822
vt 0.77813 0.47065
vt 0.78049 0.46831
vt 0.78323 0.47154
vt 0.76338 0.46268
vt 0.75744 0.4613
vt 0.75889 0.45177
vt 0.78115 0.48076
vt 0.77918 0.47861
vt 0.7817 0.47803
vt 0.77454 0.54247
vt 0.77165 0.5443
vt 0.77001 0.54223
vt 0.74611 0.51702
vt 0.74761 0.51863
vt 0.74522 0.51907
vt 0.76402 0.53032
vt 0.76248 0.53251
vt 0.75883 0.52989
vt 0.76317 0.53897
vt 0.7595 0.53718
vt 0.76117 0.53618
vt 0.74529 0.49952
vt 0.74652 0.49671
vt 0.74779 0.49996
vt 0.77032 0.5283
vt 0.76785 0.52829
vt 0.76941 0.52695
vt 0.78043 0.48865
vt 0.78476 0.49015
vt 0.78158 0.49136
vt 0.78754 0.4918
vt 0.78792 0.49439
vt 0.78488 0.49346
vt 0.73391 0.5019
vt 0.73486 0.50698
vt 0.73122 0.50368
vt 0.78128 0.48399
vt 0.77726 0.48094
vt 0.78115 0.48076
vt 0.77254 0.52733
vt 0.76941 0.52695
vt 0.76847 0.52389
vt 0.78488 0.49346
vt 0.78476 0.49015
vt 0.78754 0.4918
vt 0.7762 0.47259
vt 0.77287 0.46939
vt 0.77813 0.47065
vt 0.73813 0.49656
vt 0.74248 0.49675
vt 0.74038 0.49941
vt 0.77896 0.47656
vt 0.7767 0.47647
vt 0.7795 0.47448
vt 0.77726 0.48094
vt 0.7767 0.47647
vt 0.77918 0.47861
vt 0.78043 0.48865
vt 0.77771 0.48881
vt 0.77802 0.48601
vt 0.77726 0.48094
vt 0.77412 0.48425
vt 0.77191 0.47836
vt 0.77699 0.46767
vt 0.77902 0.4659
vt 0.78049 0.46831
vt 0.76924 0.48288
vt 0.76594 0.48025
vt 0.76955 0.47987
vt 0.77771 0.48881
vt 0.78043 0.48865
vt 0.77911 0.49125
vt 0.77726 0.48094
vt 0.77191 0.47836
vt 0.7767 0.47647
vt 0.77436 0.46501
vt 0.77801 0.46338
vt 0.77902 0.4659
vt 0.7762 0.47259
vt 0.7767 0.47647
vt 0.77353 0.47375
vt 0.77813 0.47065
vt 0.77287 0.46939
vt 0.77699 0.46767
vt 0.77699 0.46767
vt 0.77436 0.46501
vt 0.77902 0.4659
vt 0.7747 0.46142
vt 0.77801 0.46338
vt 0.77436 0.46501
vt 0.77191 0.47836
vt 0.7699 0.4734
vt 0.77353 0.47375
vt 0.7747 0.46142
vt 0.77436 0.46501
vt 0.7705 0.46182
vt 0.77191 0.47836
vt 0.76653 0.47702
vt 0.7699 0.4734
vt 0.77028 0.47987
vt 0.77191 0.47836
vt 0.76924 0.48288
vt 0.76983 0.46481
vt 0.7705 0.46182
vt 0.77436 0.46501
vt 0.76653 0.47702
vt 0.76586 0.47329
vt 0.7699 0.4734
vt 0.76924 0.48288
vt 0.76955 0.47987
vt 0.77028 0.47987
vt 0.77028 0.47987
vt 0.76955 0.47987
vt 0.77191 0.47836
vt 0.76653 0.47702
vt 0.77191 0.47836
vt 0.76955 0.47987
vt 0.75131 0.5343
vt 0.75343 0.5365
vt 0.75088 0.53634
vt 0.77287 0.46939
vt 0.76983 0.46481
vt 0.77436 0.46501
vt 0.76594 0.48025
vt 0.76924 0.48288
vt 0.76506 0.48274
vt 0.76506 0.48274
vt 0.76358 0.48133
vt 0.76594 0.48025
vt 0.76653 0.47702
vt 0.76594 0.48025
vt 0.76012 0.47973
vt 0.76653 0.47702
vt 0.76087 0.47462
vt 0.76586 0.47329
vt 0.76167 0.48319
vt 0.76358 0.48133
vt 0.76506 0.48274
vt 0.77059 0.53764
vt 0.76672 0.53735
vt 0.7675 0.5352
vt 0.74905 0.50806
vt 0.74515 0.50969
vt 0.74477 0.50595
vt 0.74761 0.51863
vt 0.74907 0.5177
vt 0.75041 0.51999
vt 0.72833 0.5068
vt 0.73262 0.51016
vt 0.72864 0.51118
vt 0.75581 0.51621
vt 0.75517 0.51873
vt 0.75214 0.51822
vt 0.76525 0.53346
vt 0.76379 0.5354
vt 0.76248 0.53251
vt 0.77001 0.54223
vt 0.76777 0.53967
vt 0.76993 0.54012
vt 0.76777 0.53967
vt 0.76619 0.54178
vt 0.76317 0.53897
vt 0.74091 0.53421
vt 0.73822 0.53268
vt 0.74102 0.53149
vt 0.76163 0.52025
vt 0.763 0.52369
vt 0.75909 0.52222
vt 0.76848 0.50726
vt 0.76553 0.50942
vt 0.76358 0.50517
vt 0.75343 0.5365
vt 0.75407 0.53353
vt 0.75563 0.53537
vt 0.76034 0.53389
vt 0.76248 0.53251
vt 0.76379 0.5354
vt 0.7365 0.49899
vt 0.73813 0.49656
vt 0.74038 0.49941
vt 0.77404 0.48862
vt 0.7746 0.49157
vt 0.77261 0.49071
vt 0.77404 0.48862
vt 0.77613 0.48763
vt 0.7761 0.48964
vt 0.77771 0.48881
vt 0.7761 0.48964
vt 0.77613 0.48763
vt 0.77645 0.49142
vt 0.7746 0.49157
vt 0.7761 0.48964
vt 0.77613 0.48763
vt 0.77412 0.48425
vt 0.77802 0.48601
vt 0.77645 0.49142
vt 0.7761 0.48964
vt 0.77729 0.49057
vt 0.73933 0.53579
vt 0.73822 0.53268
vt 0.74091 0.53421
vt 0.77729 0.49057
vt 0.77788 0.49231
vt 0.77645 0.49142
vt 0.78476 0.49015
vt 0.78312 0.49333
vt 0.78158 0.49136
vt 0.77771 0.48881
vt 0.77613 0.48763
vt 0.77802 0.48601
vt 0.77729 0.49057
vt 0.77771 0.48881
vt 0.77911 0.49125
vt 0.77911 0.49125
vt 0.78076 0.49425
vt 0.77788 0.49231
vt 0.75098 0.52781
vt 0.75161 0.53185
vt 0.74993 0.53118
vt 0.78488 0.49346
vt 0.78606 0.49737
vt 0.78339 0.49609
vt 0.73471 0.52586
vt 0.73174 0.52712
vt 0.73114 0.52138
vt 0.78339 0.49609
vt 0.78076 0.49425
vt 0.78312 0.49333
vt 0.76993 0.54012
vt 0.77306 0.53977
vt 0.77001 0.54223
vt 0.76525 0.53346
vt 0.76935 0.53294
vt 0.7675 0.5352
vt 0.75783 0.53856
vt 0.75672 0.53667
vt 0.7595 0.53718
vt 0.74001 0.52626
vt 0.74291 0.52593
vt 0.74163 0.52884
vt 0.78312 0.49333
vt 0.78476 0.49015
vt 0.78488 0.49346
vt 0.73862 0.52239
vt 0.73897 0.52479
vt 0.73747 0.52513
vt 0.78158 0.49136
vt 0.78312 0.49333
vt 0.78076 0.49425
vt 0.77911 0.49125
vt 0.78158 0.49136
vt 0.78076 0.49425
vt 0.77729 0.49057
vt 0.77911 0.49125
vt 0.77788 0.49231
vt 0.74077 0.49299
vt 0.74248 0.49675
vt 0.73813 0.49656
vt 0.78339 0.49609
vt 0.78312 0.49333
vt 0.78488 0.49346
vt 0.7365 0.49899
vt 0.74075 0.50291
vt 0.73391 0.5019
vt 0.73486 0.50698
vt 0.72833 0.5068
vt 0.73122 0.50368
vt 0.77771 0.48881
vt 0.77729 0.49057
vt 0.7761 0.48964
vt 0.77412 0.48425
vt 0.77613 0.48763
vt 0.77404 0.48862
vt 0.7761 0.48964
vt 0.7746 0.49157
vt 0.77404 0.48862
vt 0.75965 0.5352
vt 0.7595 0.53718
vt 0.7578 0.53423
vt 0.7347 0.51499
vt 0.72864 0.51118
vt 0.73262 0.51016
vt 0.7347 0.51499
vt 0.73553 0.52011
vt 0.73394 0.51877
vt 0.72833 0.5068
vt 0.73486 0.50698
vt 0.73262 0.51016
vt 0.79017 0.50182
vt 0.78721 0.50003
vt 0.78929 0.49753
vt 0.78488 0.49346
vt 0.78792 0.49439
vt 0.78606 0.49737
vt 0.78721 0.50003
vt 0.78606 0.49737
vt 0.78929 0.49753
vt 0.79237 0.49533
vt 0.79417 0.49488
vt 0.79423 0.49588
vt 0.78792 0.49439
vt 0.79032 0.49466
vt 0.78929 0.49753
vt 0.79378 0.49758
vt 0.79237 0.49533
vt 0.79423 0.49588
vt 0.78929 0.49753
vt 0.79213 0.49833
vt 0.79017 0.50182
vt 0.79095 0.49637
vt 0.79213 0.49833
vt 0.78929 0.49753
vt 0.79323 0.50276
vt 0.79367 0.49997
vt 0.79538 0.50205
vt 0.79237 0.49533
vt 0.79095 0.49637
vt 0.79032 0.49466
vt 0.79032 0.49466
vt 0.79095 0.49637
vt 0.78929 0.49753
vt 0.79213 0.49833
vt 0.79378 0.49758
vt 0.79367 0.49997
vt 0.79213 0.49833
vt 0.79095 0.49637
vt 0.79237 0.49533
vt 0.79017 0.50182
vt 0.79213 0.49833
vt 0.79367 0.49997
vt 0.79378 0.49758
vt 0.79213 0.49833
vt 0.79237 0.49533
vt 0.78929 0.49753
vt 0.78606 0.49737
vt 0.78792 0.49439
vt 0.75189 0.48156
vt 0.75511 0.48001
vt 0.75539 0.48237
vt 0.75909 0.52222
vt 0.75738 0.51985
vt 0.76163 0.52025
vt 0.76123 0.48567
vt 0.75788 0.48412
vt 0.76167 0.48319
vt 0.75788 0.48412
vt 0.75539 0.48237
vt 0.76012 0.47973
vt 0.76167 0.48319
vt 0.75788 0.48412
vt 0.76012 0.47973
vt 0.74291 0.52593
vt 0.74001 0.52626
vt 0.74099 0.52428
vt 0.74075 0.50291
vt 0.73845 0.50567
vt 0.73391 0.5019
vt 0.74779 0.49996
vt 0.75168 0.50081
vt 0.75006 0.50419
vt 0.73642 0.51123
vt 0.73262 0.51016
vt 0.73486 0.50698
vt 0.75088 0.53634
vt 0.74961 0.5355
vt 0.75131 0.5343
vt 0.76777 0.53967
vt 0.77001 0.54223
vt 0.76619 0.54178
vt 0.76248 0.53251
vt 0.76034 0.53389
vt 0.75883 0.52989
vt 0.73862 0.52239
vt 0.73747 0.52513
vt 0.73557 0.52332
vt 0.73262 0.51016
vt 0.73642 0.51123
vt 0.7347 0.51499
vt 0.74292 0.49958
vt 0.74075 0.50291
vt 0.74038 0.49941
vt 0.76272 0.54186
vt 0.76217 0.54328
vt 0.76072 0.54212
vt 0.73486 0.50698
vt 0.73391 0.5019
vt 0.73845 0.50567
vt 0.7365 0.49899
vt 0.73128 0.49772
vt 0.73371 0.49512
vt 0.74001 0.52626
vt 0.73855 0.52875
vt 0.73747 0.52513
vt 0.74273 0.50938
vt 0.73999 0.50996
vt 0.74154 0.50705
vt 0.74905 0.50806
vt 0.75623 0.50978
vt 0.75016 0.51185
vt 0.75186 0.47904
vt 0.75511 0.48001
vt 0.75189 0.48156
vt 0.73471 0.52586
vt 0.73475 0.52991
vt 0.73174 0.52712
vt 0.73451 0.53301
vt 0.73475 0.52991
vt 0.73822 0.53268
vt 0.75268 0.46664
vt 0.75753 0.47116
vt 0.75375 0.47151
vt 0.74154 0.50705
vt 0.74357 0.50807
vt 0.74273 0.50938
vt 0.76012 0.47973
vt 0.75511 0.48001
vt 0.75662 0.47821
vt 0.76012 0.47973
vt 0.75741 0.47676
vt 0.76087 0.47462
vt 0.74839 0.47923
vt 0.74646 0.47483
vt 0.75186 0.47904
vt 0.74163 0.52884
vt 0.74102 0.53149
vt 0.73855 0.52875
vt 0.76087 0.47462
vt 0.75741 0.47676
vt 0.7542 0.47432
vt 0.74261 0.53596
vt 0.73933 0.53579
vt 0.74091 0.53421
vt 0.76402 0.53032
vt 0.76386 0.52745
vt 0.76785 0.52829
vt 0.76272 0.54186
vt 0.76317 0.53897
vt 0.76619 0.54178
vt 0.74872 0.48179
vt 0.74464 0.48227
vt 0.74839 0.47923
vt 0.75741 0.47676
vt 0.75388 0.47728
vt 0.7542 0.47432
vt 0.74102 0.53149
vt 0.74336 0.53343
vt 0.74091 0.53421
vt 0.75581 0.51621
vt 0.76163 0.52025
vt 0.75738 0.51985
vt 0.74872 0.48179
vt 0.75189 0.48156
vt 0.75043 0.48399
vt 0.76167 0.48319
vt 0.76012 0.47973
vt 0.76358 0.48133
vt 0.75741 0.47676
vt 0.75662 0.47821
vt 0.75388 0.47728
vt 0.74906 0.52256
vt 0.74288 0.52194
vt 0.74522 0.51907
vt 0.74839 0.47923
vt 0.75189 0.48156
vt 0.74872 0.48179
vt 0.73471 0.52586
vt 0.73114 0.52138
vt 0.73557 0.52332
vt 0.74498 0.50215
vt 0.74075 0.50291
vt 0.74292 0.49958
vt 0.74292 0.49958
vt 0.74459 0.49773
vt 0.74529 0.49952
vt 0.75168 0.50081
vt 0.7496 0.49682
vt 0.75396 0.49827
vt 0.76672 0.53735
vt 0.76777 0.53967
vt 0.76317 0.53897
vt 0.74457 0.47859
vt 0.74839 0.47923
vt 0.74464 0.48227
vt 0.7542 0.47432
vt 0.75753 0.47116
vt 0.76087 0.47462
vt 0.74839 0.47923
vt 0.75186 0.47904
vt 0.75189 0.48156
vt 0.7496 0.49682
vt 0.75168 0.50081
vt 0.74779 0.49996
vt 0.74312 0.51149
vt 0.74525 0.51367
vt 0.74221 0.5134
vt 0.77001 0.54223
vt 0.77165 0.5443
vt 0.76839 0.54403
vt 0.74154 0.50705
vt 0.73845 0.50567
vt 0.74075 0.50291
vt 0.75388 0.47728
vt 0.75511 0.48001
vt 0.75186 0.47904
vt 0.75539 0.48237
vt 0.75511 0.48001
vt 0.76012 0.47973
vt 0.75388 0.47728
vt 0.74646 0.47483
vt 0.7542 0.47432
vt 0.75388 0.47728
vt 0.75186 0.47904
vt 0.74646 0.47483
vt 0.7347 0.51499
vt 0.73642 0.51123
vt 0.73971 0.51468
vt 0.75396 0.49827
vt 0.75611 0.50187
vt 0.75168 0.50081
vt 0.74646 0.47483
vt 0.74788 0.47029
vt 0.7542 0.47432
vt 0.74426 0.53084
vt 0.7452 0.52853
vt 0.74613 0.53052
vt 0.75824 0.50339
vt 0.75611 0.50187
vt 0.75902 0.5014
vt 0.73394 0.51877
vt 0.73114 0.52138
vt 0.73244 0.51814
vt 0.77319 0.53536
vt 0.77059 0.53764
vt 0.76935 0.53294
vt 0.73897 0.52479
vt 0.73862 0.52239
vt 0.74099 0.52428
vt 0.73845 0.50567
vt 0.74154 0.50705
vt 0.73999 0.50996
vt 0.74611 0.51702
vt 0.74525 0.51367
vt 0.74958 0.51559
vt 0.74839 0.47923
vt 0.74457 0.47859
vt 0.74646 0.47483
vt 0.76935 0.53294
vt 0.77059 0.53764
vt 0.7675 0.5352
vt 0.75268 0.46664
vt 0.75937 0.46837
vt 0.75753 0.47116
vt 0.76016 0.53997
vt 0.76272 0.54186
vt 0.76072 0.54212
vt 0.74993 0.53118
vt 0.74888 0.5334
vt 0.74773 0.53137
vt 0.75407 0.53353
vt 0.7578 0.53423
vt 0.75563 0.53537
vt 0.7542 0.47432
vt 0.74788 0.47029
vt 0.75375 0.47151
vt 0.74336 0.53343
vt 0.74615 0.53309
vt 0.74499 0.53547
vt 0.73394 0.51877
vt 0.73244 0.51814
vt 0.7347 0.51499
vt 0.73394 0.51877
vt 0.73553 0.52011
vt 0.73114 0.52138
vt 0.73553 0.52011
vt 0.73557 0.52332
vt 0.73114 0.52138
vt 0.74075 0.50291
vt 0.74498 0.50215
vt 0.74477 0.50595
vt 0.74788 0.47029
vt 0.75268 0.46664
vt 0.75375 0.47151
vt 0.75783 0.53856
vt 0.76016 0.53997
vt 0.75744 0.54002
vt 0.73557 0.52332
vt 0.73747 0.52513
vt 0.73471 0.52586
vt 0.75611 0.50187
vt 0.75824 0.50339
vt 0.75741 0.50493
vt 0.76016 0.53997
vt 0.76317 0.53897
vt 0.76272 0.54186
vt 0.75738 0.51985
vt 0.75517 0.51873
vt 0.75581 0.51621
vt 0.76012 0.47973
vt 0.75662 0.47821
vt 0.75741 0.47676
vt 0.73876 0.51853
vt 0.7347 0.51499
vt 0.73971 0.51468
vt 0.75753 0.47116
vt 0.7542 0.47432
vt 0.75375 0.47151
vt 0.75388 0.47728
vt 0.75662 0.47821
vt 0.75511 0.48001
vt 0.75142 0.53778
vt 0.74933 0.53752
vt 0.75088 0.53634
vt 0.73999 0.50996
vt 0.74221 0.5134
vt 0.73971 0.51468
vt 0.73642 0.51123
vt 0.73999 0.50996
vt 0.73971 0.51468
vt 0.75161 0.53185
vt 0.75407 0.53353
vt 0.75131 0.5343
vt 0.76785 0.52829
vt 0.77032 0.5283
vt 0.77275 0.53012
vt 0.76257 0.47088
vt 0.76087 0.47462
vt 0.75753 0.47116
vt 0.75753 0.47116
vt 0.75937 0.46837
vt 0.76257 0.47088
vt 0.74771 0.53532
vt 0.74888 0.5334
vt 0.74961 0.5355
vt 0.75672 0.53667
vt 0.7578 0.53423
vt 0.7595 0.53718
vt 0.76016 0.53997
vt 0.75783 0.53856
vt 0.7595 0.53718
vt 0.76317 0.53897
vt 0.76016 0.53997
vt 0.7595 0.53718
vt 0.74961 0.5355
vt 0.74933 0.53752
vt 0.74771 0.53532
vt 0.76317 0.53897
vt 0.76379 0.5354
vt 0.76672 0.53735
vt 0.73747 0.52513
vt 0.73897 0.52479
vt 0.74001 0.52626
vt 0.75611 0.50187
vt 0.75741 0.50493
vt 0.75168 0.50081
vt 0.74615 0.53309
vt 0.74888 0.5334
vt 0.74771 0.53532
vt 0.76016 0.53997
vt 0.75825 0.54187
vt 0.75744 0.54002
vt 0.73553 0.52011
vt 0.7347 0.51499
vt 0.73876 0.51853
vt 0.74529 0.49952
vt 0.74779 0.49996
vt 0.74498 0.50215
vt 0.74515 0.50969
vt 0.74357 0.50807
vt 0.74477 0.50595
vt 0.7452 0.52853
vt 0.74792 0.52925
vt 0.74613 0.53052
vt 0.75623 0.50978
vt 0.75581 0.51621
vt 0.75016 0.51185
vt 0.77761 0.52936
vt 0.77254 0.52733
vt 0.77614 0.52541
vt 0.76941 0.52695
vt 0.76785 0.52829
vt 0.76847 0.52389
vt 0.7559 0.53889
vt 0.75672 0.53667
vt 0.75783 0.53856
vt 0.74163 0.52884
vt 0.74426 0.53084
vt 0.74102 0.53149
vt 0.75131 0.5343
vt 0.74961 0.5355
vt 0.74888 0.5334
vt 0.74993 0.53118
vt 0.74792 0.52925
vt 0.75098 0.52781
vt 0.7653 0.52594
vt 0.763 0.52369
vt 0.76847 0.52389
vt 0.77355 0.51313
vt 0.77681 0.51988
vt 0.76606 0.51618
vt 0.75909 0.52222
vt 0.763 0.52369
vt 0.76045 0.52418
vt 0.76277 0.52547
vt 0.76386 0.52745
vt 0.76018 0.52611
vt 0.76379 0.5354
vt 0.76117 0.53618
vt 0.76034 0.53389
vt 0.75503 0.52577
vt 0.75339 0.52253
vt 0.75704 0.52359
vt 0.73999 0.50996
vt 0.74312 0.51149
vt 0.74221 0.5134
vt 0.76776 0.54268
vt 0.76619 0.54178
vt 0.77001 0.54223
vt 0.74515 0.50969
vt 0.74312 0.51149
vt 0.74273 0.50938
vt 0.7578 0.53423
vt 0.75407 0.53353
vt 0.75611 0.53155
vt 0.76847 0.52389
vt 0.76785 0.52829
vt 0.7653 0.52594
vt 0.74611 0.51702
vt 0.74958 0.51559
vt 0.74907 0.5177
vt 0.74426 0.53084
vt 0.74613 0.53052
vt 0.74615 0.53309
vt 0.76525 0.53346
vt 0.76248 0.53251
vt 0.76402 0.53032
vt 0.74888 0.5334
vt 0.74615 0.53309
vt 0.74773 0.53137
vt 0.74498 0.50215
vt 0.75006 0.50419
vt 0.74477 0.50595
vt 0.74905 0.50806
vt 0.74477 0.50595
vt 0.75006 0.50419
vt 0.76018 0.52611
vt 0.76402 0.53032
vt 0.75883 0.52989
vt 0.73486 0.50698
vt 0.73845 0.50567
vt 0.73999 0.50996
vt 0.76935 0.53294
vt 0.76402 0.53032
vt 0.76785 0.52829
vt 0.7347 0.51499
vt 0.73244 0.51814
vt 0.73058 0.5161
vt 0.75517 0.51873
vt 0.75738 0.51985
vt 0.75496 0.52076
vt 0.74333 0.51591
vt 0.74196 0.51805
vt 0.73971 0.51468
vt 0.75371 0.53066
vt 0.75098 0.52781
vt 0.75494 0.52904
vt 0.75006 0.50419
vt 0.75168 0.50081
vt 0.75741 0.50493
vt 0.73862 0.52239
vt 0.73553 0.52011
vt 0.73876 0.51853
vt 0.74611 0.51702
vt 0.74333 0.51591
vt 0.74525 0.51367
vt 0.7452 0.52853
vt 0.74426 0.53084
vt 0.74163 0.52884
vt 0.76045 0.52418
vt 0.76018 0.52611
vt 0.7594 0.52388
vt 0.75131 0.5343
vt 0.75407 0.53353
vt 0.75343 0.5365
vt 0.77355 0.51313
vt 0.78139 0.51472
vt 0.77681 0.51988
vt 0.76402 0.53032
vt 0.76018 0.52611
vt 0.76386 0.52745
vt 0.75741 0.50493
vt 0.76358 0.50517
vt 0.76553 0.50942
vt 0.74653 0.52567
vt 0.75098 0.52781
vt 0.74792 0.52925
vt 0.77059 0.53764
vt 0.76777 0.53967
vt 0.76672 0.53735
vt 0.75965 0.5352
vt 0.76034 0.53389
vt 0.76117 0.53618
vt 0.74288 0.52194
vt 0.73876 0.51853
vt 0.74196 0.51805
vt 0.76619 0.54178
vt 0.76776 0.54268
vt 0.76839 0.54403
vt 0.76386 0.52745
vt 0.76277 0.52547
vt 0.7653 0.52594
vt 0.75741 0.50493
vt 0.75623 0.50978
vt 0.75006 0.50419
vt 0.76163 0.52025
vt 0.76847 0.52389
vt 0.763 0.52369
vt 0.75741 0.50493
vt 0.76553 0.50942
vt 0.75623 0.50978
vt 0.73862 0.52239
vt 0.74288 0.52194
vt 0.74099 0.52428
vt 0.75017 0.53265
vt 0.74993 0.53118
vt 0.75161 0.53185
vt 0.7347 0.51499
vt 0.73058 0.5161
vt 0.72864 0.51118
vt 0.74273 0.50938
vt 0.74357 0.50807
vt 0.74515 0.50969
vt 0.74336 0.53343
vt 0.74102 0.53149
vt 0.74426 0.53084
vt 0.74773 0.53137
vt 0.74792 0.52925
vt 0.74993 0.53118
vt 0.74163 0.52884
vt 0.73855 0.52875
vt 0.74001 0.52626
vt 0.7578 0.53423
vt 0.75611 0.53155
vt 0.75819 0.53218
vt 0.76034 0.53389
vt 0.7578 0.53423
vt 0.75819 0.53218
vt 0.75041 0.51999
vt 0.74906 0.52256
vt 0.74788 0.5201
vt 0.74529 0.49952
vt 0.74498 0.50215
vt 0.74292 0.49958
vt 0.75006 0.50419
vt 0.75623 0.50978
vt 0.74905 0.50806
vt 0.76935 0.53294
vt 0.77275 0.53012
vt 0.77396 0.53324
vt 0.73486 0.50698
vt 0.73999 0.50996
vt 0.73642 0.51123
vt 0.75161 0.53185
vt 0.75131 0.5343
vt 0.75017 0.53265
vt 0.75371 0.53066
vt 0.75161 0.53185
vt 0.75098 0.52781
vt 0.763 0.52369
vt 0.7653 0.52594
vt 0.76277 0.52547
vt 0.74288 0.52194
vt 0.73862 0.52239
vt 0.73876 0.51853
vt 0.7578 0.53423
vt 0.76034 0.53389
vt 0.75965 0.5352
vt 0.73971 0.51468
vt 0.74221 0.5134
vt 0.74333 0.51591
vt 0.74291 0.52593
vt 0.74099 0.52428
vt 0.74288 0.52194
vt 0.75098 0.52781
vt 0.74906 0.52256
vt 0.75503 0.52577
vt 0.75672 0.53667
vt 0.75343 0.5365
vt 0.75563 0.53537
vt 0.75371 0.53066
vt 0.75407 0.53353
vt 0.75161 0.53185
vt 0.74515 0.50969
vt 0.75016 0.51185
vt 0.74525 0.51367
vt 0.73971 0.51468
vt 0.74196 0.51805
vt 0.73876 0.51853
vt 0.74888 0.5334
vt 0.75017 0.53265
vt 0.75131 0.5343
vt 0.76606 0.51618
vt 0.77681 0.51988
vt 0.76847 0.52389
vt 0.75017 0.53265
vt 0.74888 0.5334
vt 0.74993 0.53118
vt 0.74615 0.53309
vt 0.74336 0.53343
vt 0.74426 0.53084
vt 0.76785 0.52829
vt 0.76386 0.52745
vt 0.7653 0.52594
vt 0.73471 0.52586
vt 0.73747 0.52513
vt 0.73855 0.52875
vt 0.74291 0.52593
vt 0.7452 0.52853
vt 0.74163 0.52884
vt 0.75623 0.50978
vt 0.76606 0.51618
vt 0.75581 0.51621
vt 0.74288 0.52194
vt 0.74653 0.52567
vt 0.74291 0.52593
vt 0.77059 0.53764
vt 0.77519 0.53751
vt 0.77306 0.53977
vt 0.74773 0.53137
vt 0.74615 0.53309
vt 0.74613 0.53052
vt 0.76018 0.52611
vt 0.75503 0.52577
vt 0.75704 0.52359
vt 0.75909 0.52222
vt 0.76045 0.52418
vt 0.7594 0.52388
vt 0.76606 0.51618
vt 0.76163 0.52025
vt 0.75581 0.51621
vt 0.74288 0.52194
vt 0.74196 0.51805
vt 0.74522 0.51907
vt 0.74288 0.52194
vt 0.74906 0.52256
vt 0.74653 0.52567
vt 0.74761 0.51863
vt 0.74788 0.5201
vt 0.74522 0.51907
vt 0.75704 0.52359
vt 0.75339 0.52253
vt 0.75496 0.52076
vt 0.76941 0.52695
vt 0.77254 0.52733
vt 0.77032 0.5283
vt 0.77614 0.52541
vt 0.77254 0.52733
vt 0.76847 0.52389
vt 0.75041 0.51999
vt 0.74788 0.5201
vt 0.74761 0.51863
vt 0.74652 0.49671
vt 0.74529 0.49952
vt 0.74459 0.49773
vt 0.73471 0.52586
vt 0.73855 0.52875
vt 0.73475 0.52991
vt 0.76847 0.52389
vt 0.76163 0.52025
vt 0.76606 0.51618
vt 0.75496 0.52076
vt 0.75214 0.51822
vt 0.75517 0.51873
vt 0.74525 0.51367
vt 0.75016 0.51185
vt 0.74958 0.51559
vt 0.75343 0.5365
vt 0.75142 0.53778
vt 0.75088 0.53634
vt 0.74907 0.5177
vt 0.75214 0.51822
vt 0.75041 0.51999
vt 0.75819 0.53218
vt 0.75883 0.52989
vt 0.76034 0.53389
vt 0.75339 0.52253
vt 0.74906 0.52256
vt 0.75041 0.51999
vt 0.73371 0.49512
vt 0.73813 0.49656
vt 0.7365 0.49899
vt 0.75396 0.49827
vt 0.75902 0.5014
vt 0.75611 0.50187
vt 0.74477 0.50595
vt 0.74357 0.50807
vt 0.74154 0.50705
vt 0.74907 0.5177
vt 0.74958 0.51559
vt 0.75214 0.51822
vt 0.76777 0.53967
vt 0.77059 0.53764
vt 0.76993 0.54012
vt 0.74961 0.5355
vt 0.75088 0.53634
vt 0.74933 0.53752
vt 0.75494 0.52904
vt 0.75098 0.52781
vt 0.75503 0.52577
vt 0.75503 0.52577
vt 0.76018 0.52611
vt 0.75883 0.52989
vt 0.75883 0.52989
vt 0.75494 0.52904
vt 0.75503 0.52577
vt 0.75704 0.52359
vt 0.7594 0.52388
vt 0.76018 0.52611
vt 0.74906 0.52256
vt 0.75339 0.52253
vt 0.75503 0.52577
vt 0.74499 0.53547
vt 0.74615 0.53309
vt 0.74771 0.53532
vt 0.74958 0.51559
vt 0.75016 0.51185
vt 0.75581 0.51621
vt 0.75581 0.51621
vt 0.75214 0.51822
vt 0.74958 0.51559
vt 0.73475 0.52991
vt 0.73855 0.52875
vt 0.73822 0.53268
vt 0.74761 0.51863
vt 0.74611 0.51702
vt 0.74907 0.5177
vt 0.74099 0.52428
vt 0.74001 0.52626
vt 0.73897 0.52479
vt 0.74075 0.50291
vt 0.7365 0.49899
vt 0.74038 0.49941
vt 0.75494 0.52904
vt 0.75611 0.53155
vt 0.75371 0.53066
vt 0.74788 0.5201
vt 0.74906 0.52256
vt 0.74522 0.51907
vt 0.75343 0.5365
vt 0.75672 0.53667
vt 0.7559 0.53889
vt 0.7594 0.52388
vt 0.75704 0.52359
vt 0.75909 0.52222
vt 0.75738 0.51985
vt 0.75909 0.52222
vt 0.75496 0.52076
vt 0.78009 0.44747
vt 0.78283 0.4514
vt 0.77908 0.45139
vt 0.78173 0.44444
vt 0.78377 0.44814
vt 0.78009 0.44747
vt 0.77034 0.45264
vt 0.7741 0.45627
vt 0.76874 0.45464
vt 0.77415 0.45267
vt 0.7741 0.45627
vt 0.77034 0.45264
vt 0.78228 0.45481
vt 0.77415 0.45267
vt 0.77908 0.45139
vt 0.7747 0.46142
vt 0.77864 0.46169
vt 0.77801 0.46338
vt 0.78173 0.46394
vt 0.77801 0.46338
vt 0.77864 0.46169
vt 0.77404 0.48862
vt 0.77261 0.49071
vt 0.77046 0.48876
vt 0.76924 0.48288
vt 0.76929 0.48669
vt 0.76547 0.48522
vt 0.76547 0.48522
vt 0.7673 0.48844
vt 0.76407 0.48738
vt 0.77261 0.49071
vt 0.76909 0.49146
vt 0.77046 0.48876
vt 0.77251 0.49318
vt 0.76909 0.49146
vt 0.77261 0.49071
vt 0.76407 0.48738
vt 0.76123 0.48567
vt 0.76547 0.48522
vt 0.77176 0.48621
vt 0.77404 0.48862
vt 0.77046 0.48876
vt 0.7673 0.48844
vt 0.76929 0.48669
vt 0.7692 0.4879
vt 0.77046 0.48876
vt 0.7692 0.4879
vt 0.76929 0.48669
vt 0.7692 0.4879
vt 0.77046 0.48876
vt 0.7673 0.48844
vt 0.76506 0.48274
vt 0.76924 0.48288
vt 0.76547 0.48522
vt 0.76347 0.48392
vt 0.76123 0.48567
vt 0.76167 0.48319
vt 0.76929 0.48669
vt 0.76924 0.48288
vt 0.77176 0.48621
vt 0.76547 0.48522
vt 0.76123 0.48567
vt 0.76347 0.48392
vt 0.76547 0.48522
vt 0.76347 0.48392
vt 0.76506 0.48274
vt 0.76547 0.48522
vt 0.76929 0.48669
vt 0.7673 0.48844
vt 0.76929 0.48669
vt 0.77176 0.48621
vt 0.77046 0.48876
vt 0.76347 0.48392
vt 0.76167 0.48319
vt 0.76506 0.48274
vt 0.74159 0.4808
vt 0.74457 0.47859
vt 0.74464 0.48227
vt 0.75539 0.48237
vt 0.75788 0.48412
vt 0.75337 0.48437
vt 0.75539 0.48237
vt 0.75337 0.48437
vt 0.75189 0.48156
vt 0.7552 0.48604
vt 0.75154 0.48716
vt 0.75337 0.48437
vt 0.75154 0.48716
vt 0.75043 0.48399
vt 0.75337 0.48437
vt 0.75337 0.48437
vt 0.75043 0.48399
vt 0.75189 0.48156
vt 0.7728 0.50546
vt 0.77258 0.50816
vt 0.76915 0.50465
vt 0.79507 0.51725
vt 0.79279 0.51978
vt 0.78894 0.51526
vt 0.75356 0.48955
vt 0.75154 0.48716
vt 0.75498 0.4882
vt 0.78831 0.54476
vt 0.78922 0.54792
vt 0.7875 0.54626
vt 0.77202 0.50181
vt 0.77447 0.50304
vt 0.7715 0.50376
vt 0.79188 0.50506
vt 0.79017 0.50182
vt 0.79323 0.50276
vt 0.7843 0.52714
vt 0.78703 0.51957
vt 0.79396 0.52605
vt 0.74464 0.48227
vt 0.74668 0.48384
vt 0.74298 0.48527
vt 0.76974 0.50006
vt 0.77013 0.50235
vt 0.76783 0.50152
vt 0.78199 0.50652
vt 0.77744 0.50476
vt 0.78006 0.50342
vt 0.787 0.537
vt 0.78529 0.53408
vt 0.7881 0.53489
vt 0.75154 0.48716
vt 0.7468 0.48778
vt 0.7484 0.48552
vt 0.78339 0.49609
vt 0.78368 0.49939
vt 0.7804 0.49934
vt 0.77755 0.54495
vt 0.77813 0.54679
vt 0.7755 0.54563
vt 0.77829 0.53771
vt 0.77711 0.54054
vt 0.77519 0.53751
vt 0.79017 0.51798
vt 0.79279 0.51978
vt 0.78703 0.51957
vt 0.78859 0.55002
vt 0.7868 0.54793
vt 0.78833 0.54845
vt 0.76915 0.50465
vt 0.77013 0.50235
vt 0.7715 0.50376
vt 0.77076 0.50032
vt 0.77013 0.50235
vt 0.76974 0.50006
vt 0.7644 0.49471
vt 0.76195 0.49491
vt 0.76303 0.49258
vt 0.776 0.54416
vt 0.77766 0.54338
vt 0.77755 0.54495
vt 0.7843 0.52714
vt 0.79396 0.52605
vt 0.79239 0.53228
vt 0.78028 0.54226
vt 0.77766 0.54338
vt 0.77711 0.54054
vt 0.7875 0.54626
vt 0.78833 0.54845
vt 0.7868 0.54793
vt 0.7496 0.49682
vt 0.74652 0.49671
vt 0.74883 0.49336
vt 0.73773 0.48368
vt 0.74298 0.48527
vt 0.74013 0.4882
vt 0.77859 0.50158
vt 0.78006 0.50342
vt 0.77753 0.50274
vt 0.7817 0.53335
vt 0.77994 0.5354
vt 0.77768 0.53269
vt 0.79017 0.50182
vt 0.79367 0.49997
vt 0.79323 0.50276
vt 0.75043 0.48399
vt 0.7484 0.48552
vt 0.74668 0.48384
vt 0.74013 0.4882
vt 0.74348 0.48881
vt 0.74077 0.49299
vt 0.77864 0.49431
vt 0.77788 0.49231
vt 0.78076 0.49425
vt 0.78028 0.54226
vt 0.78076 0.53871
vt 0.78278 0.541
vt 0.7673 0.48844
vt 0.76436 0.49
vt 0.76483 0.4884
vt 0.7795 0.53187
vt 0.77768 0.53269
vt 0.77761 0.52936
vt 0.77258 0.50816
vt 0.76848 0.50726
vt 0.76915 0.50465
vt 0.74298 0.48527
vt 0.74348 0.48881
vt 0.74013 0.4882
vt 0.78539 0.50566
vt 0.7877 0.50915
vt 0.78199 0.50652
vt 0.78454 0.54605
vt 0.78405 0.54315
vt 0.7875 0.54626
vt 0.78578 0.54874
vt 0.7868 0.54793
vt 0.7874 0.54914
vt 0.78199 0.50652
vt 0.77783 0.50781
vt 0.77744 0.50476
vt 0.76974 0.50006
vt 0.77078 0.49812
vt 0.77076 0.50032
vt 0.7715 0.50376
vt 0.77447 0.50304
vt 0.7728 0.50546
vt 0.78831 0.54476
vt 0.78405 0.54315
vt 0.78649 0.54031
vt 0.76928 0.49524
vt 0.77286 0.49605
vt 0.77078 0.49812
vt 0.78894 0.51526
vt 0.79017 0.51798
vt 0.78703 0.51957
vt 0.76113 0.49017
vt 0.76303 0.49258
vt 0.76107 0.49255
vt 0.77078 0.49812
vt 0.77308 0.49953
vt 0.77076 0.50032
vt 0.77614 0.52541
vt 0.77681 0.51988
vt 0.7843 0.52714
vt 0.77753 0.50274
vt 0.77447 0.50304
vt 0.77667 0.5002
vt 0.7804 0.49934
vt 0.78263 0.5016
vt 0.78006 0.50342
vt 0.7877 0.50915
vt 0.78818 0.51179
vt 0.78304 0.51044
vt 0.74883 0.49336
vt 0.74652 0.49671
vt 0.74529 0.4954
vt 0.7881 0.53489
vt 0.78529 0.53408
vt 0.78744 0.53231
vt 0.79136 0.50831
vt 0.79429 0.50714
vt 0.79482 0.50945
vt 0.77519 0.53751
vt 0.77319 0.53536
vt 0.77644 0.53514
vt 0.74531 0.4919
vt 0.7488 0.49058
vt 0.74883 0.49336
vt 0.77644 0.53514
vt 0.77994 0.5354
vt 0.77829 0.53771
vt 0.77755 0.54495
vt 0.7755 0.54563
vt 0.776 0.54416
vt 0.77516 0.49689
vt 0.77667 0.5002
vt 0.77308 0.49953
vt 0.79239 0.53228
vt 0.78744 0.53231
vt 0.7843 0.52714
vt 0.74077 0.49299
vt 0.73813 0.49656
vt 0.73556 0.49276
vt 0.7616 0.49957
vt 0.75958 0.49697
vt 0.76181 0.49708
vt 0.78818 0.51179
vt 0.7916 0.51313
vt 0.78894 0.51526
vt 0.78703 0.51957
vt 0.7843 0.52714
vt 0.77681 0.51988
vt 0.76181 0.49708
vt 0.76455 0.49836
vt 0.7616 0.49957
vt 0.79396 0.52605
vt 0.78703 0.51957
vt 0.79279 0.51978
vt 0.78818 0.51179
vt 0.7877 0.50915
vt 0.7916 0.51313
vt 0.76783 0.50152
vt 0.77013 0.50235
vt 0.76915 0.50465
vt 0.7868 0.54793
vt 0.78578 0.54874
vt 0.78454 0.54605
vt 0.7488 0.49058
vt 0.74531 0.4919
vt 0.7468 0.48778
vt 0.75309 0.49217
vt 0.75629 0.49119
vt 0.7559 0.49501
vt 0.7484 0.48552
vt 0.75043 0.48399
vt 0.75154 0.48716
vt 0.79326 0.51113
vt 0.79136 0.50831
vt 0.79482 0.50945
vt 0.78894 0.51526
vt 0.78304 0.51044
vt 0.78818 0.51179
vt 0.77644 0.53514
vt 0.77319 0.53536
vt 0.77396 0.53324
vt 0.7877 0.50915
vt 0.79326 0.51113
vt 0.7916 0.51313
vt 0.7795 0.53187
vt 0.7822 0.53121
vt 0.7817 0.53335
vt 0.7804 0.49934
vt 0.77667 0.5002
vt 0.77809 0.49654
vt 0.76909 0.49146
vt 0.7673 0.48844
vt 0.77046 0.48876
vt 0.77258 0.50816
vt 0.77782 0.51069
vt 0.77355 0.51313
vt 0.7881 0.53489
vt 0.78976 0.53422
vt 0.78893 0.53636
vt 0.77308 0.49953
vt 0.77447 0.50304
vt 0.77202 0.50181
vt 0.77076 0.50032
vt 0.77308 0.49953
vt 0.77202 0.50181
vt 0.78976 0.53422
vt 0.7881 0.53489
vt 0.78744 0.53231
vt 0.78703 0.51957
vt 0.77681 0.51988
vt 0.78139 0.51472
vt 0.78139 0.51472
vt 0.77782 0.51069
vt 0.78304 0.51044
vt 0.7877 0.50915
vt 0.79136 0.50831
vt 0.79326 0.51113
vt 0.77761 0.52936
vt 0.77614 0.52541
vt 0.7843 0.52714
vt 0.78893 0.53636
vt 0.787 0.537
vt 0.7881 0.53489
vt 0.7822 0.53121
vt 0.77761 0.52936
vt 0.7843 0.52714
vt 0.78453 0.53164
vt 0.7822 0.53121
vt 0.7843 0.52714
vt 0.78453 0.53164
vt 0.78744 0.53231
vt 0.78529 0.53408
vt 0.77761 0.52936
vt 0.77768 0.53269
vt 0.77275 0.53012
vt 0.78859 0.5057
vt 0.79136 0.50831
vt 0.7877 0.50915
vt 0.78372 0.53701
vt 0.77994 0.5354
vt 0.7817 0.53335
vt 0.78893 0.53636
vt 0.78977 0.53867
vt 0.787 0.537
vt 0.74348 0.48881
vt 0.7454 0.48562
vt 0.7468 0.48778
vt 0.74883 0.49336
vt 0.75111 0.49023
vt 0.75309 0.49217
vt 0.77644 0.53514
vt 0.77829 0.53771
vt 0.77519 0.53751
vt 0.78199 0.50652
vt 0.7877 0.50915
vt 0.78304 0.51044
vt 0.77447 0.50304
vt 0.77308 0.49953
vt 0.77667 0.5002
vt 0.74348 0.48881
vt 0.7468 0.48778
vt 0.74531 0.4919
vt 0.74464 0.48227
vt 0.73773 0.48368
vt 0.74159 0.4808
vt 0.77761 0.52936
vt 0.7822 0.53121
vt 0.7795 0.53187
vt 0.78453 0.53164
vt 0.78529 0.53408
vt 0.78347 0.53264
vt 0.78763 0.5503
vt 0.7874 0.54914
vt 0.78859 0.55002
vt 0.79136 0.50831
vt 0.79188 0.50506
vt 0.79429 0.50714
vt 0.78894 0.51526
vt 0.78139 0.51472
vt 0.78304 0.51044
vt 0.77459 0.49412
vt 0.77639 0.49408
vt 0.77516 0.49689
vt 0.7488 0.49058
vt 0.7468 0.48778
vt 0.75005 0.48876
vt 0.787 0.537
vt 0.78372 0.53701
vt 0.78529 0.53408
vt 0.79188 0.50506
vt 0.78859 0.5057
vt 0.79017 0.50182
vt 0.78859 0.5057
vt 0.7877 0.50915
vt 0.78539 0.50566
vt 0.77768 0.53269
vt 0.77396 0.53324
vt 0.77275 0.53012
vt 0.787 0.537
vt 0.78977 0.53867
vt 0.78649 0.54031
vt 0.74341 0.49423
vt 0.74531 0.4919
vt 0.74529 0.4954
vt 0.78649 0.54031
vt 0.78372 0.53701
vt 0.787 0.537
vt 0.7488 0.49058
vt 0.75111 0.49023
vt 0.74883 0.49336
vt 0.77768 0.53269
vt 0.77644 0.53514
vt 0.77396 0.53324
vt 0.7817 0.53335
vt 0.78529 0.53408
vt 0.78372 0.53701
vt 0.79429 0.50714
vt 0.79188 0.50506
vt 0.79419 0.50418
vt 0.78199 0.50652
vt 0.78304 0.51044
vt 0.77783 0.50781
vt 0.77949 0.54532
vt 0.78099 0.54775
vt 0.77813 0.54679
vt 0.74341 0.49423
vt 0.74529 0.4954
vt 0.74248 0.49675
vt 0.76107 0.49255
vt 0.7593 0.49131
vt 0.76113 0.49017
vt 0.79136 0.50831
vt 0.78859 0.5057
vt 0.79188 0.50506
vt 0.79017 0.50182
vt 0.78859 0.5057
vt 0.78682 0.50321
vt 0.78721 0.50003
vt 0.79017 0.50182
vt 0.78682 0.50321
vt 0.78894 0.51526
vt 0.78703 0.51957
vt 0.78139 0.51472
vt 0.79188 0.50506
vt 0.79323 0.50276
vt 0.79419 0.50418
vt 0.74248 0.49675
vt 0.74529 0.4954
vt 0.74459 0.49773
vt 0.78304 0.51044
vt 0.77782 0.51069
vt 0.77783 0.50781
vt 0.76915 0.50465
vt 0.76848 0.50726
vt 0.76358 0.50517
vt 0.77962 0.54396
vt 0.78028 0.54226
vt 0.78085 0.54521
vt 0.77355 0.51313
vt 0.76553 0.50942
vt 0.77258 0.50816
vt 0.78372 0.53701
vt 0.78649 0.54031
vt 0.78372 0.54001
vt 0.77783 0.50781
vt 0.77782 0.51069
vt 0.77258 0.50816
vt 0.76553 0.50942
vt 0.76848 0.50726
vt 0.77258 0.50816
vt 0.78682 0.50321
vt 0.78539 0.50566
vt 0.78342 0.50394
vt 0.78721 0.50003
vt 0.78682 0.50321
vt 0.78485 0.50134
vt 0.78405 0.54315
vt 0.78831 0.54476
vt 0.7875 0.54626
vt 0.78405 0.54315
vt 0.78372 0.54001
vt 0.78649 0.54031
vt 0.75356 0.48955
vt 0.75629 0.49119
vt 0.75309 0.49217
vt 0.78894 0.51526
vt 0.7916 0.51313
vt 0.79507 0.51725
vt 0.78372 0.54001
vt 0.78076 0.53871
vt 0.78372 0.53701
vt 0.77447 0.50304
vt 0.77744 0.50476
vt 0.77484 0.50608
vt 0.76928 0.49524
vt 0.76602 0.49337
vt 0.76909 0.49146
vt 0.7874 0.54914
vt 0.78763 0.5503
vt 0.78578 0.54874
vt 0.78085 0.54521
vt 0.78454 0.54605
vt 0.78365 0.54674
vt 0.78076 0.53871
vt 0.77994 0.5354
vt 0.78372 0.53701
vt 0.78976 0.53422
vt 0.78744 0.53231
vt 0.79239 0.53228
vt 0.78342 0.50394
vt 0.78485 0.50134
vt 0.78682 0.50321
vt 0.74529 0.4954
vt 0.74652 0.49671
vt 0.74459 0.49773
vt 0.77484 0.50608
vt 0.77744 0.50476
vt 0.77783 0.50781
vt 0.77783 0.50781
vt 0.77258 0.50816
vt 0.77484 0.50608
vt 0.78085 0.54521
vt 0.78405 0.54315
vt 0.78454 0.54605
vt 0.78278 0.541
vt 0.78372 0.54001
vt 0.78405 0.54315
vt 0.78833 0.54845
vt 0.7875 0.54626
vt 0.78922 0.54792
vt 0.78372 0.54001
vt 0.78278 0.541
vt 0.78076 0.53871
vt 0.77994 0.5354
vt 0.77644 0.53514
vt 0.77768 0.53269
vt 0.78405 0.54315
vt 0.78028 0.54226
vt 0.78278 0.541
vt 0.78454 0.54605
vt 0.7875 0.54626
vt 0.7868 0.54793
vt 0.76495 0.50274
vt 0.76915 0.50465
vt 0.76358 0.50517
vt 0.7868 0.54793
vt 0.78859 0.55002
vt 0.7874 0.54914
vt 0.77829 0.53771
vt 0.77994 0.5354
vt 0.78076 0.53871
vt 0.77258 0.50816
vt 0.7728 0.50546
vt 0.77484 0.50608
vt 0.76303 0.49258
vt 0.76436 0.49
vt 0.76602 0.49337
vt 0.78006 0.50342
vt 0.77744 0.50476
vt 0.77753 0.50274
vt 0.78453 0.53164
vt 0.78347 0.53264
vt 0.7822 0.53121
vt 0.77447 0.50304
vt 0.77753 0.50274
vt 0.77744 0.50476
vt 0.78833 0.54845
vt 0.7915 0.55109
vt 0.78859 0.55002
vt 0.76915 0.50465
vt 0.77105 0.50456
vt 0.7728 0.50546
vt 0.78721 0.50003
vt 0.78485 0.50134
vt 0.78606 0.49737
vt 0.78342 0.50394
vt 0.78006 0.50342
vt 0.78263 0.5016
vt 0.78578 0.54874
vt 0.7833 0.54796
vt 0.78365 0.54674
vt 0.78076 0.53871
vt 0.78028 0.54226
vt 0.77711 0.54054
vt 0.77829 0.53771
vt 0.78076 0.53871
vt 0.77711 0.54054
vt 0.78263 0.5016
vt 0.78485 0.50134
vt 0.78342 0.50394
vt 0.77202 0.50181
vt 0.77013 0.50235
vt 0.77076 0.50032
vt 0.78368 0.49939
vt 0.78606 0.49737
vt 0.78485 0.50134
vt 0.7804 0.49934
vt 0.78006 0.50342
vt 0.77859 0.50158
vt 0.78365 0.54674
vt 0.7833 0.54796
vt 0.78085 0.54521
vt 0.77459 0.49412
vt 0.77286 0.49605
vt 0.77251 0.49318
vt 0.77254 0.52733
vt 0.77761 0.52936
vt 0.77275 0.53012
vt 0.77447 0.50304
vt 0.77484 0.50608
vt 0.7728 0.50546
vt 0.78682 0.50321
vt 0.78859 0.5057
vt 0.78539 0.50566
vt 0.77519 0.53751
vt 0.77059 0.53764
vt 0.77319 0.53536
vt 0.78485 0.50134
vt 0.78263 0.5016
vt 0.78368 0.49939
vt 0.77766 0.54338
vt 0.78028 0.54226
vt 0.77962 0.54396
vt 0.7817 0.53335
vt 0.77768 0.53269
vt 0.7795 0.53187
vt 0.78347 0.53264
vt 0.7817 0.53335
vt 0.7822 0.53121
vt 0.76303 0.49258
vt 0.76113 0.49017
vt 0.76436 0.49
vt 0.77809 0.49654
vt 0.78076 0.49425
vt 0.7804 0.49934
vt 0.77519 0.53751
vt 0.77711 0.54054
vt 0.77306 0.53977
vt 0.76915 0.50465
vt 0.76495 0.50274
vt 0.76783 0.50152
vt 0.78006 0.50342
vt 0.78342 0.50394
vt 0.78199 0.50652
vt 0.77753 0.50274
vt 0.77667 0.5002
vt 0.77859 0.50158
vt 0.77949 0.54532
vt 0.77962 0.54396
vt 0.78085 0.54521
vt 0.77454 0.54247
vt 0.77711 0.54054
vt 0.77766 0.54338
vt 0.78085 0.54521
vt 0.7833 0.54796
vt 0.78099 0.54775
vt 0.7746 0.49157
vt 0.77459 0.49412
vt 0.77251 0.49318
vt 0.77962 0.54396
vt 0.77949 0.54532
vt 0.77766 0.54338
vt 0.74298 0.48527
vt 0.74668 0.48384
vt 0.7454 0.48562
vt 0.76403 0.49641
vt 0.7644 0.49471
vt 0.76594 0.49607
vt 0.77766 0.54338
vt 0.776 0.54416
vt 0.77454 0.54247
vt 0.78076 0.49425
vt 0.78339 0.49609
vt 0.7804 0.49934
vt 0.77809 0.49654
vt 0.77864 0.49431
vt 0.78076 0.49425
vt 0.7728 0.50546
vt 0.77105 0.50456
vt 0.7715 0.50376
vt 0.78347 0.53264
vt 0.78529 0.53408
vt 0.7817 0.53335
vt 0.7715 0.50376
vt 0.77105 0.50456
vt 0.76915 0.50465
vt 0.76783 0.50152
vt 0.76495 0.50274
vt 0.76548 0.50048
vt 0.7593 0.49131
vt 0.75804 0.48808
vt 0.76113 0.49017
vt 0.77766 0.54338
vt 0.77949 0.54532
vt 0.77755 0.54495
vt 0.78199 0.50652
vt 0.78342 0.50394
vt 0.78539 0.50566
vt 0.76175 0.48799
vt 0.75804 0.48808
vt 0.76123 0.48567
vt 0.76407 0.48738
vt 0.76175 0.48799
vt 0.76123 0.48567
vt 0.78099 0.54775
vt 0.77949 0.54532
vt 0.78085 0.54521
vt 0.78454 0.54605
vt 0.78578 0.54874
vt 0.78365 0.54674
vt 0.73773 0.48368
vt 0.74464 0.48227
vt 0.74298 0.48527
vt 0.77667 0.5002
vt 0.7804 0.49934
vt 0.77859 0.50158
vt 0.76766 0.49855
vt 0.76548 0.50048
vt 0.76455 0.49836
vt 0.74013 0.4882
vt 0.73711 0.48742
vt 0.73773 0.48368
vt 0.73711 0.48742
vt 0.74013 0.4882
vt 0.73752 0.49037
vt 0.77639 0.49408
vt 0.77459 0.49412
vt 0.7746 0.49157
vt 0.76548 0.50048
vt 0.7616 0.49957
vt 0.76455 0.49836
vt 0.74013 0.4882
vt 0.74077 0.49299
vt 0.73752 0.49037
vt 0.7454 0.48562
vt 0.74348 0.48881
vt 0.74298 0.48527
vt 0.74464 0.48227
vt 0.74872 0.48179
vt 0.74668 0.48384
vt 0.74668 0.48384
vt 0.7484 0.48552
vt 0.7454 0.48562
vt 0.75043 0.48399
vt 0.74668 0.48384
vt 0.74872 0.48179
vt 0.74077 0.49299
vt 0.74348 0.48881
vt 0.74531 0.4919
vt 0.7484 0.48552
vt 0.7468 0.48778
vt 0.7454 0.48562
vt 0.79419 0.50418
vt 0.79323 0.50276
vt 0.79538 0.50205
vt 0.75788 0.48412
vt 0.7552 0.48604
vt 0.75337 0.48437
vt 0.75788 0.48412
vt 0.75804 0.48808
vt 0.7552 0.48604
vt 0.75804 0.48808
vt 0.75788 0.48412
vt 0.76123 0.48567
vt 0.74077 0.49299
vt 0.74341 0.49423
vt 0.74248 0.49675
vt 0.7468 0.48778
vt 0.75154 0.48716
vt 0.75005 0.48876
vt 0.75111 0.49023
vt 0.75005 0.48876
vt 0.75154 0.48716
vt 0.75498 0.4882
vt 0.7552 0.48604
vt 0.75804 0.48808
vt 0.74531 0.4919
vt 0.74883 0.49336
vt 0.74529 0.4954
vt 0.75498 0.4882
vt 0.75804 0.48808
vt 0.75629 0.49119
vt 0.7488 0.49058
vt 0.75005 0.48876
vt 0.75111 0.49023
vt 0.75154 0.48716
vt 0.75356 0.48955
vt 0.75111 0.49023
vt 0.75629 0.49119
vt 0.75356 0.48955
vt 0.75498 0.4882
vt 0.76113 0.49017
vt 0.75804 0.48808
vt 0.76175 0.48799
vt 0.76407 0.48738
vt 0.7673 0.48844
vt 0.76483 0.4884
vt 0.75804 0.48808
vt 0.7593 0.49131
vt 0.75629 0.49119
vt 0.75309 0.49217
vt 0.75111 0.49023
vt 0.75356 0.48955
vt 0.76436 0.49
vt 0.76175 0.48799
vt 0.76407 0.48738
vt 0.76436 0.49
vt 0.76113 0.49017
vt 0.76175 0.48799
vt 0.78263 0.5016
vt 0.7804 0.49934
vt 0.78368 0.49939
vt 0.7592 0.494
vt 0.75629 0.49119
vt 0.7593 0.49131
vt 0.76436 0.49
vt 0.7673 0.48844
vt 0.76909 0.49146
vt 0.75629 0.49119
vt 0.7592 0.494
vt 0.7559 0.49501
vt 0.75194 0.49485
vt 0.7496 0.49682
vt 0.74883 0.49336
vt 0.75309 0.49217
vt 0.75194 0.49485
vt 0.74883 0.49336
vt 0.7592 0.494
vt 0.7593 0.49131
vt 0.76107 0.49255
vt 0.75154 0.48716
vt 0.7552 0.48604
vt 0.75498 0.4882
vt 0.76909 0.49146
vt 0.76602 0.49337
vt 0.76436 0.49
vt 0.76594 0.49607
vt 0.76766 0.49855
vt 0.76455 0.49836
vt 0.76195 0.49491
vt 0.7592 0.494
vt 0.76107 0.49255
vt 0.7592 0.494
vt 0.76195 0.49491
vt 0.76074 0.49579
vt 0.75396 0.49827
vt 0.7496 0.49682
vt 0.75194 0.49485
vt 0.75309 0.49217
vt 0.7559 0.49501
vt 0.75194 0.49485
vt 0.76303 0.49258
vt 0.76195 0.49491
vt 0.76107 0.49255
vt 0.7644 0.49471
vt 0.76303 0.49258
vt 0.76602 0.49337
vt 0.77251 0.49318
vt 0.77261 0.49071
vt 0.7746 0.49157
vt 0.75958 0.49697
vt 0.7559 0.49501
vt 0.7592 0.494
vt 0.7592 0.494
vt 0.76074 0.49579
vt 0.75958 0.49697
vt 0.75194 0.49485
vt 0.7559 0.49501
vt 0.75396 0.49827
vt 0.76602 0.49337
vt 0.76594 0.49607
vt 0.7644 0.49471
vt 0.74341 0.49423
vt 0.74077 0.49299
vt 0.74531 0.4919
vt 0.77286 0.49605
vt 0.76928 0.49524
vt 0.77251 0.49318
vt 0.7559 0.49501
vt 0.75958 0.49697
vt 0.75767 0.49801
vt 0.78606 0.49737
vt 0.78368 0.49939
vt 0.78339 0.49609
vt 0.75767 0.49801
vt 0.75396 0.49827
vt 0.7559 0.49501
vt 0.77165 0.5443
vt 0.77454 0.54247
vt 0.77429 0.54419
vt 0.76602 0.49337
vt 0.76928 0.49524
vt 0.76594 0.49607
vt 0.77639 0.49408
vt 0.7746 0.49157
vt 0.77645 0.49142
vt 0.77306 0.53977
vt 0.77711 0.54054
vt 0.77454 0.54247
vt 0.76181 0.49708
vt 0.75958 0.49697
vt 0.76074 0.49579
vt 0.76403 0.49641
vt 0.76195 0.49491
vt 0.7644 0.49471
vt 0.77308 0.49953
vt 0.77078 0.49812
vt 0.77286 0.49605
vt 0.76928 0.49524
vt 0.76766 0.49855
vt 0.76594 0.49607
vt 0.76455 0.49836
vt 0.76403 0.49641
vt 0.76594 0.49607
vt 0.76436 0.49
vt 0.76407 0.48738
vt 0.76483 0.4884
vt 0.7843 0.52714
vt 0.78744 0.53231
vt 0.78453 0.53164
vt 0.75396 0.49827
vt 0.75767 0.49801
vt 0.75902 0.5014
vt 0.76195 0.49491
vt 0.76181 0.49708
vt 0.76074 0.49579
vt 0.76928 0.49524
vt 0.77078 0.49812
vt 0.76766 0.49855
vt 0.77788 0.49231
vt 0.77864 0.49431
vt 0.77639 0.49408
vt 0.77639 0.49408
vt 0.77645 0.49142
vt 0.77788 0.49231
vt 0.76403 0.49641
vt 0.76181 0.49708
vt 0.76195 0.49491
vt 0.7616 0.49957
vt 0.75767 0.49801
vt 0.75958 0.49697
vt 0.76455 0.49836
vt 0.76181 0.49708
vt 0.76403 0.49641
vt 0.77516 0.49689
vt 0.77308 0.49953
vt 0.77286 0.49605
vt 0.78894 0.51526
vt 0.79279 0.51978
vt 0.79017 0.51798
vt 0.75767 0.49801
vt 0.7616 0.49957
vt 0.75902 0.5014
vt 0.78028 0.54226
vt 0.78405 0.54315
vt 0.78085 0.54521
vt 0.77078 0.49812
vt 0.76974 0.50006
vt 0.76766 0.49855
vt 0.77013 0.50235
vt 0.77202 0.50181
vt 0.7715 0.50376
vt 0.7616 0.49957
vt 0.76495 0.50274
vt 0.75902 0.5014
vt 0.76766 0.49855
vt 0.76783 0.50152
vt 0.76548 0.50048
vt 0.76974 0.50006
vt 0.76783 0.50152
vt 0.76766 0.49855
vt 0.77639 0.49408
vt 0.77809 0.49654
vt 0.77516 0.49689
vt 0.75902 0.5014
vt 0.76495 0.50274
vt 0.76358 0.50517
vt 0.7755 0.54563
vt 0.77429 0.54419
vt 0.776 0.54416
vt 0.77516 0.49689
vt 0.77809 0.49654
vt 0.77667 0.5002
vt 0.77813 0.54679
vt 0.77755 0.54495
vt 0.77949 0.54532
vt 0.73752 0.49037
vt 0.74077 0.49299
vt 0.73556 0.49276
vt 0.77809 0.49654
vt 0.77639 0.49408
vt 0.77864 0.49431
vt 0.76358 0.50517
vt 0.75824 0.50339
vt 0.75902 0.5014
vt 0.7616 0.49957
vt 0.76548 0.50048
vt 0.76495 0.50274
vt 0.77251 0.49318
vt 0.76928 0.49524
vt 0.76909 0.49146
vt 0.77286 0.49605
vt 0.77459 0.49412
vt 0.77516 0.49689
vt 0.776 0.54416
vt 0.77429 0.54419
vt 0.77454 0.54247
vt 0.77782 0.51069
vt 0.78139 0.51472
vt 0.77355 0.51313
vt 0.30957 0.4327
vt 0.30739 0.43073
vt 0.31189 0.43159
vt 0.3129 0.42521
vt 0.31351 0.42174
vt 0.31499 0.42448
vt 0.31318 0.42716
vt 0.31042 0.42975
vt 0.30948 0.42745
vt 0.31347 0.42941
vt 0.31189 0.43159
vt 0.31042 0.42975
vt 0.31189 0.43159
vt 0.31511 0.43299
vt 0.31253 0.43414
vt 0.30833 0.43244
vt 0.30739 0.43073
vt 0.30957 0.4327
vt 0.31042 0.42975
vt 0.31318 0.42716
vt 0.31347 0.42941
vt 0.30969 0.43749
vt 0.31304 0.43628
vt 0.31278 0.43977
vt 0.30957 0.4327
vt 0.31189 0.43159
vt 0.31141 0.43426
vt 0.30974 0.42444
vt 0.3129 0.42521
vt 0.31164 0.42599
vt 0.30833 0.43244
vt 0.30957 0.4327
vt 0.30974 0.43366
vt 0.30885 0.44142
vt 0.30969 0.43749
vt 0.31278 0.43977
vt 0.31318 0.42716
vt 0.31164 0.42599
vt 0.3129 0.42521
vt 0.31531 0.43031
vt 0.31511 0.43299
vt 0.31189 0.43159
vt 0.30948 0.42745
vt 0.30974 0.42444
vt 0.31164 0.42599
vt 0.31347 0.42941
vt 0.31531 0.43031
vt 0.31189 0.43159
vt 0.30974 0.42444
vt 0.31048 0.42365
vt 0.3129 0.42521
vt 0.31189 0.43159
vt 0.30739 0.43073
vt 0.31042 0.42975
vt 0.3129 0.42521
vt 0.31048 0.42365
vt 0.31351 0.42174
vt 0.31253 0.43414
vt 0.31141 0.43426
vt 0.31189 0.43159
vt 0.31042 0.42975
vt 0.30739 0.43073
vt 0.30948 0.42745
vt 0.30885 0.42251
vt 0.31048 0.42365
vt 0.30974 0.42444
vt 0.31164 0.42599
vt 0.31318 0.42716
vt 0.30948 0.42745
vt 0.31304 0.43628
vt 0.30969 0.43749
vt 0.31141 0.43426
vt 0.31304 0.43628
vt 0.31141 0.43426
vt 0.31349 0.43532
vt 0.31543 0.43657
vt 0.31304 0.43628
vt 0.31349 0.43532
vt 0.30974 0.43366
vt 0.31141 0.43426
vt 0.30969 0.43749
vt 0.31349 0.43532
vt 0.31141 0.43426
vt 0.31253 0.43414
vt 0.30957 0.4327
vt 0.31141 0.43426
vt 0.30974 0.43366
vt 0.31543 0.43657
vt 0.31278 0.43977
vt 0.31304 0.43628
vt 0.32076 0.43189
vt 0.32262 0.42963
vt 0.32275 0.43378
vt 0.31543 0.43657
vt 0.31349 0.43532
vt 0.31605 0.43458
vt 0.31863 0.43693
vt 0.31589 0.43831
vt 0.31543 0.43657
vt 0.31511 0.43299
vt 0.31349 0.43532
vt 0.31253 0.43414
vt 0.3176 0.43431
vt 0.31543 0.43657
vt 0.31605 0.43458
vt 0.31543 0.43657
vt 0.3176 0.43431
vt 0.31863 0.43693
vt 0.31705 0.43318
vt 0.3176 0.43431
vt 0.31605 0.43458
vt 0.32076 0.43189
vt 0.31863 0.43693
vt 0.3176 0.43431
vt 0.31531 0.43031
vt 0.31759 0.43097
vt 0.31511 0.43299
vt 0.31347 0.42941
vt 0.31516 0.42755
vt 0.31531 0.43031
vt 0.32076 0.43189
vt 0.31903 0.43197
vt 0.31926 0.43103
vt 0.31531 0.43031
vt 0.3171 0.4278
vt 0.31759 0.43097
vt 0.31998 0.42795
vt 0.31926 0.43103
vt 0.31759 0.43097
vt 0.32262 0.42963
vt 0.32076 0.43189
vt 0.31998 0.42795
vt 0.3171 0.4278
vt 0.31516 0.42755
vt 0.31539 0.42625
vt 0.32275 0.43378
vt 0.32262 0.42963
vt 0.32477 0.42934
vt 0.32262 0.42963
vt 0.32318 0.42489
vt 0.32477 0.42934
vt 0.31998 0.42795
vt 0.31701 0.42548
vt 0.31909 0.42237
vt 0.3129 0.42521
vt 0.31499 0.42448
vt 0.31539 0.42625
vt 0.31903 0.43197
vt 0.31759 0.43097
vt 0.31926 0.43103
vt 0.33144 0.42454
vt 0.32699 0.42651
vt 0.32687 0.42055
vt 0.32076 0.43189
vt 0.32275 0.43378
vt 0.31863 0.43693
vt 0.31653 0.42184
vt 0.31701 0.42548
vt 0.31499 0.42448
vt 0.31909 0.42237
vt 0.31701 0.42548
vt 0.31653 0.42184
vt 0.3166 0.42007
vt 0.31909 0.42237
vt 0.31653 0.42184
vt 0.31278 0.43977
vt 0.31543 0.43657
vt 0.31589 0.43831
vt 0.32516 0.41205
vt 0.32687 0.42055
vt 0.32253 0.41916
vt 0.32253 0.41916
vt 0.32687 0.42055
vt 0.32318 0.42489
vt 0.3171 0.4278
vt 0.31998 0.42795
vt 0.31759 0.43097
vt 0.31499 0.42448
vt 0.31351 0.42174
vt 0.31653 0.42184
vt 0.31909 0.42237
vt 0.32253 0.41916
vt 0.32318 0.42489
vt 0.31909 0.42237
vt 0.3166 0.42007
vt 0.31853 0.41583
vt 0.31853 0.41583
vt 0.32253 0.41916
vt 0.31909 0.42237
vt 0.31402 0.41731
vt 0.31653 0.42184
vt 0.31351 0.42174
vt 0.32516 0.41205
vt 0.32253 0.41916
vt 0.31853 0.41583
vt 0.31428 0.41308
vt 0.31853 0.41583
vt 0.31402 0.41731
vt 0.31853 0.41583
vt 0.31826 0.4083
vt 0.32516 0.41205
vt 0.32318 0.42489
vt 0.31998 0.42795
vt 0.31909 0.42237
vt 0.31826 0.4083
vt 0.31428 0.41308
vt 0.31304 0.40896
vt 0.31705 0.43318
vt 0.31903 0.43197
vt 0.3176 0.43431
vt 0.31511 0.43299
vt 0.31705 0.43318
vt 0.31605 0.43458
vt 0.31701 0.42548
vt 0.31539 0.42625
vt 0.31499 0.42448
vt 0.31826 0.4083
vt 0.31304 0.40896
vt 0.31371 0.4031
vt 0.32477 0.42934
vt 0.32318 0.42489
vt 0.32699 0.42651
vt 0.3171 0.4278
vt 0.31701 0.42548
vt 0.31998 0.42795
vt 0.31903 0.43197
vt 0.32076 0.43189
vt 0.3176 0.43431
vt 0.31516 0.42755
vt 0.3129 0.42521
vt 0.31539 0.42625
vt 0.3171 0.4278
vt 0.31531 0.43031
vt 0.31516 0.42755
vt 0.32318 0.42489
vt 0.32687 0.42055
vt 0.32699 0.42651
vt 0.31428 0.41308
vt 0.31826 0.4083
vt 0.31853 0.41583
vt 0.31516 0.42755
vt 0.31347 0.42941
vt 0.31318 0.42716
vt 0.32318 0.42489
vt 0.32262 0.42963
vt 0.31998 0.42795
vt 0.31318 0.42716
vt 0.3129 0.42521
vt 0.31516 0.42755
vt 0.31853 0.41583
vt 0.3166 0.42007
vt 0.31402 0.41731
vt 0.31349 0.43532
vt 0.31511 0.43299
vt 0.31605 0.43458
vt 0.31511 0.43299
vt 0.31759 0.43097
vt 0.31705 0.43318
vt 0.31705 0.43318
vt 0.31759 0.43097
vt 0.31903 0.43197
vt 0.3166 0.42007
vt 0.31653 0.42184
vt 0.31402 0.41731
vt 0.31926 0.43103
vt 0.31998 0.42795
vt 0.32076 0.43189
vt 0.3171 0.4278
vt 0.31539 0.42625
vt 0.31701 0.42548
vt 0.22937 0.50435
vt 0.22406 0.50367
vt 0.22821 0.50054
vt 0.24174 0.56291
vt 0.23713 0.56448
vt 0.2365 0.56163
vt 0.21165 0.50773
vt 0.21398 0.50775
vt 0.2115 0.51027
vt 0.22561 0.56476
vt 0.22408 0.56438
vt 0.22598 0.56364
vt 0.2365 0.56163
vt 0.24341 0.56024
vt 0.24174 0.56291
vt 0.19739 0.50089
vt 0.2013 0.49858
vt 0.19978 0.50115
vt 0.2274 0.5576
vt 0.22754 0.5548
vt 0.23041 0.559
vt 0.2282 0.56969
vt 0.22387 0.56988
vt 0.22423 0.56857
vt 0.2188 0.49846
vt 0.22014 0.49574
vt 0.2237 0.4968
vt 0.23821 0.56793
vt 0.23575 0.56662
vt 0.23912 0.56631
vt 0.25103 0.47052
vt 0.25313 0.47054
vt 0.25191 0.4717
vt 0.20633 0.50669
vt 0.20786 0.50378
vt 0.2096 0.50675
vt 0.22294 0.53684
vt 0.22632 0.54015
vt 0.22098 0.54032
vt 0.20845 0.49952
vt 0.20449 0.50365
vt 0.20328 0.50066
vt 0.21676 0.55833
vt 0.21537 0.55651
vt 0.2171 0.55665
vt 0.20856 0.53045
vt 0.21094 0.53097
vt 0.20746 0.53241
vt 0.21702 0.50312
vt 0.21454 0.50465
vt 0.21513 0.50241
vt 0.21218 0.5055
vt 0.21454 0.50465
vt 0.21398 0.50775
vt 0.22793 0.49472
vt 0.2237 0.4968
vt 0.22492 0.49377
vt 0.21302 0.50232
vt 0.21454 0.50465
vt 0.21218 0.5055
vt 0.25332 0.47566
vt 0.2569 0.47568
vt 0.25612 0.47776
vt 0.21039 0.50319
vt 0.21128 0.50116
vt 0.21302 0.50232
vt 0.20809 0.51018
vt 0.21016 0.51258
vt 0.20789 0.51336
vt 0.2648 0.46648
vt 0.26388 0.46467
vt 0.26722 0.46561
vt 0.2013 0.49858
vt 0.20447 0.49857
vt 0.20328 0.50066
vt 0.2237 0.4968
vt 0.22014 0.49574
vt 0.22492 0.49377
vt 0.21665 0.49708
vt 0.21534 0.50006
vt 0.21284 0.49949
vt 0.24674 0.56191
vt 0.24792 0.55963
vt 0.25028 0.56129
vt 0.22782 0.49741
vt 0.22442 0.49962
vt 0.2237 0.4968
vt 0.21165 0.50773
vt 0.21218 0.5055
vt 0.21398 0.50775
vt 0.25028 0.56129
vt 0.25163 0.5587
vt 0.25199 0.56041
vt 0.2061 0.53884
vt 0.20873 0.53651
vt 0.21303 0.54068
vt 0.23575 0.56662
vt 0.23367 0.56793
vt 0.23194 0.56658
vt 0.23041 0.559
vt 0.23303 0.56112
vt 0.22938 0.56154
vt 0.21051 0.52912
vt 0.21094 0.53097
vt 0.20856 0.53045
vt 0.22492 0.49377
vt 0.22057 0.49336
vt 0.22587 0.49171
vt 0.26009 0.46877
vt 0.26243 0.46826
vt 0.26202 0.47018
vt 0.22389 0.53038
vt 0.22383 0.53339
vt 0.22177 0.53103
vt 0.22074 0.50042
vt 0.2237 0.4968
vt 0.22442 0.49962
vt 0.21631 0.50562
vt 0.21454 0.50465
vt 0.21702 0.50312
vt 0.25028 0.56129
vt 0.24792 0.55963
vt 0.25163 0.5587
vt 0.22294 0.53684
vt 0.21816 0.53718
vt 0.21933 0.53274
vt 0.2096 0.50675
vt 0.21218 0.5055
vt 0.21165 0.50773
vt 0.21284 0.49949
vt 0.21302 0.50232
vt 0.21128 0.50116
vt 0.2171 0.55665
vt 0.21863 0.55625
vt 0.21866 0.55919
vt 0.22859 0.55232
vt 0.2303 0.55676
vt 0.22754 0.5548
vt 0.23836 0.55684
vt 0.24341 0.56024
vt 0.2365 0.56163
vt 0.19976 0.50799
vt 0.20132 0.5053
vt 0.2031 0.50706
vt 0.2096 0.50675
vt 0.20809 0.51018
vt 0.20633 0.50669
vt 0.2188 0.49846
vt 0.21692 0.50074
vt 0.21534 0.50006
vt 0.21631 0.50562
vt 0.21702 0.50312
vt 0.21932 0.50445
vt 0.22074 0.50042
vt 0.21702 0.50312
vt 0.21692 0.50074
vt 0.21398 0.50775
vt 0.21454 0.50465
vt 0.21631 0.50562
vt 0.23972 0.5653
vt 0.23575 0.56662
vt 0.23713 0.56448
vt 0.2013 0.49858
vt 0.19825 0.49833
vt 0.20368 0.49636
vt 0.2237 0.4968
vt 0.22793 0.49472
vt 0.22782 0.49741
vt 0.20447 0.49857
vt 0.20368 0.49636
vt 0.20637 0.49739
vt 0.20569 0.5118
vt 0.20809 0.51018
vt 0.20789 0.51336
vt 0.2096 0.50675
vt 0.2115 0.51027
vt 0.20809 0.51018
vt 0.20786 0.50378
vt 0.20845 0.49952
vt 0.21039 0.50319
vt 0.21016 0.51258
vt 0.20809 0.51018
vt 0.2115 0.51027
vt 0.24958 0.47632
vt 0.24556 0.47469
vt 0.24838 0.47399
vt 0.24543 0.47722
vt 0.25017 0.47915
vt 0.24514 0.47964
vt 0.22074 0.50042
vt 0.22406 0.50367
vt 0.21932 0.50445
vt 0.22406 0.50367
vt 0.22074 0.50042
vt 0.22442 0.49962
vt 0.21284 0.49949
vt 0.21534 0.50006
vt 0.21302 0.50232
vt 0.19978 0.50115
vt 0.20328 0.50066
vt 0.20055 0.50305
vt 0.19976 0.50799
vt 0.2031 0.50706
vt 0.20225 0.5102
vt 0.20637 0.49739
vt 0.20912 0.49653
vt 0.20845 0.49952
vt 0.21932 0.50445
vt 0.21765 0.50813
vt 0.21631 0.50562
vt 0.21094 0.53097
vt 0.21051 0.52912
vt 0.21306 0.52769
vt 0.21765 0.50813
vt 0.21398 0.50775
vt 0.21631 0.50562
vt 0.19854 0.50567
vt 0.20132 0.5053
vt 0.19976 0.50799
vt 0.2031 0.50706
vt 0.20449 0.50365
vt 0.20633 0.50669
vt 0.20449 0.50365
vt 0.20055 0.50305
vt 0.20328 0.50066
vt 0.19825 0.49833
vt 0.2013 0.49858
vt 0.19739 0.50089
vt 0.20789 0.51336
vt 0.21016 0.51258
vt 0.20904 0.51457
vt 0.2013 0.49858
vt 0.20368 0.49636
vt 0.20447 0.49857
vt 0.22821 0.50054
vt 0.22406 0.50367
vt 0.22442 0.49962
vt 0.2096 0.50675
vt 0.20786 0.50378
vt 0.21039 0.50319
vt 0.19978 0.50115
vt 0.19634 0.50365
vt 0.19739 0.50089
vt 0.20447 0.49857
vt 0.20637 0.49739
vt 0.20845 0.49952
vt 0.2031 0.50706
vt 0.20633 0.50669
vt 0.20516 0.50901
vt 0.22026 0.46199
vt 0.22539 0.46288
vt 0.22287 0.46558
vt 0.20845 0.49952
vt 0.21128 0.50116
vt 0.21039 0.50319
vt 0.2031 0.50706
vt 0.20132 0.5053
vt 0.20449 0.50365
vt 0.19854 0.50567
vt 0.20055 0.50305
vt 0.20132 0.5053
vt 0.19978 0.50115
vt 0.20055 0.50305
vt 0.19634 0.50365
vt 0.21718 0.54921
vt 0.21675 0.55285
vt 0.21398 0.55222
vt 0.22014 0.49574
vt 0.2188 0.49846
vt 0.21665 0.49708
vt 0.22537 0.54336
vt 0.21962 0.5447
vt 0.22098 0.54032
vt 0.25299 0.56156
vt 0.25151 0.56332
vt 0.25028 0.56129
vt 0.20904 0.51457
vt 0.21016 0.51258
vt 0.21211 0.51396
vt 0.21211 0.51396
vt 0.2115 0.51027
vt 0.2145 0.51113
vt 0.20516 0.50901
vt 0.20225 0.5102
vt 0.2031 0.50706
vt 0.19854 0.50567
vt 0.19634 0.50365
vt 0.20055 0.50305
vt 0.20569 0.5118
vt 0.20789 0.51336
vt 0.20536 0.51534
vt 0.21128 0.50116
vt 0.20845 0.49952
vt 0.21284 0.49949
vt 0.20644 0.5186
vt 0.20953 0.5171
vt 0.20809 0.51946
vt 0.22228 0.55646
vt 0.21863 0.55625
vt 0.21969 0.55557
vt 0.20132 0.5053
vt 0.20055 0.50305
vt 0.20449 0.50365
vt 0.20569 0.5118
vt 0.20536 0.51534
vt 0.20391 0.51329
vt 0.24556 0.47469
vt 0.24958 0.47632
vt 0.24543 0.47722
vt 0.20503 0.46523
vt 0.20193 0.46545
vt 0.20501 0.46305
vt 0.20516 0.50901
vt 0.20569 0.5118
vt 0.20225 0.5102
vt 0.21675 0.55285
vt 0.21863 0.55625
vt 0.21626 0.55455
vt 0.20501 0.46305
vt 0.21226 0.45848
vt 0.21306 0.46313
vt 0.26687 0.46909
vt 0.26652 0.46762
vt 0.26781 0.46856
vt 0.23492 0.46066
vt 0.23612 0.46439
vt 0.23218 0.46442
vt 0.20809 0.51018
vt 0.20569 0.5118
vt 0.20516 0.50901
vt 0.20569 0.5118
vt 0.20391 0.51329
vt 0.20225 0.5102
vt 0.24673 0.56444
vt 0.24431 0.56434
vt 0.24396 0.56289
vt 0.24151 0.45714
vt 0.24194 0.46247
vt 0.23492 0.46066
vt 0.21933 0.53274
vt 0.22383 0.53339
vt 0.22294 0.53684
vt 0.21398 0.55222
vt 0.21129 0.55182
vt 0.20982 0.54937
vt 0.20318 0.45977
vt 0.21226 0.45848
vt 0.20501 0.46305
vt 0.20789 0.51336
vt 0.20904 0.51457
vt 0.20536 0.51534
vt 0.20953 0.5171
vt 0.20904 0.51457
vt 0.21211 0.51396
vt 0.22626 0.46659
vt 0.22287 0.46558
vt 0.22539 0.46288
vt 0.24047 0.53945
vt 0.24401 0.54406
vt 0.23298 0.54288
vt 0.26179 0.47187
vt 0.26381 0.47298
vt 0.26192 0.4738
vt 0.20536 0.51534
vt 0.20904 0.51457
vt 0.20953 0.5171
vt 0.22075 0.50604
vt 0.21765 0.50813
vt 0.21932 0.50445
vt 0.20644 0.5186
vt 0.20536 0.51534
vt 0.20953 0.5171
vt 0.21306 0.46313
vt 0.21686 0.46008
vt 0.22026 0.46199
vt 0.21228 0.49696
vt 0.20845 0.49952
vt 0.20912 0.49653
vt 0.2524 0.5541
vt 0.24809 0.55668
vt 0.24873 0.55255
vt 0.23148 0.56298
vt 0.22937 0.56501
vt 0.22938 0.56154
vt 0.20434 0.51775
vt 0.20644 0.5186
vt 0.20472 0.51879
vt 0.24643 0.47287
vt 0.24838 0.47399
vt 0.24556 0.47469
vt 0.21306 0.46313
vt 0.22026 0.46199
vt 0.21836 0.46579
vt 0.2145 0.51113
vt 0.2115 0.51027
vt 0.21398 0.50775
vt 0.25538 0.49644
vt 0.25768 0.4983
vt 0.25595 0.50128
vt 0.25595 0.50128
vt 0.25307 0.49843
vt 0.25538 0.49644
vt 0.19781 0.46248
vt 0.20501 0.46305
vt 0.20193 0.46545
vt 0.22026 0.46199
vt 0.22521 0.45795
vt 0.22539 0.46288
vt 0.20725 0.52607
vt 0.20428 0.52698
vt 0.20516 0.52499
vt 0.22905 0.46358
vt 0.22626 0.46659
vt 0.22539 0.46288
vt 0.20856 0.53045
vt 0.20926 0.52968
vt 0.21051 0.52912
vt 0.2294 0.45936
vt 0.23492 0.46066
vt 0.22905 0.46358
vt 0.22905 0.46358
vt 0.23492 0.46066
vt 0.23218 0.46442
vt 0.22539 0.46288
vt 0.2294 0.45936
vt 0.22905 0.46358
vt 0.20858 0.46808
vt 0.20613 0.46687
vt 0.20869 0.46559
vt 0.20799 0.5286
vt 0.20428 0.52698
vt 0.20725 0.52607
vt 0.22521 0.45795
vt 0.2294 0.45936
vt 0.22539 0.46288
vt 0.24884 0.56316
vt 0.25151 0.56332
vt 0.24938 0.56462
vt 0.22521 0.45795
vt 0.22907 0.4551
vt 0.2294 0.45936
vt 0.2198 0.45598
vt 0.22026 0.46199
vt 0.21686 0.46008
vt 0.18945 0.46368
vt 0.19293 0.46051
vt 0.19781 0.46248
vt 0.20386 0.46707
vt 0.20193 0.46545
vt 0.20503 0.46523
vt 0.25117 0.55013
vt 0.24873 0.55255
vt 0.24457 0.55
vt 0.2198 0.45598
vt 0.21686 0.46008
vt 0.21226 0.45848
vt 0.19781 0.46248
vt 0.19738 0.45891
vt 0.20318 0.45977
vt 0.25307 0.49843
vt 0.25163 0.50176
vt 0.24962 0.49765
vt 0.25768 0.4983
vt 0.25538 0.49644
vt 0.25677 0.49529
vt 0.21686 0.46008
vt 0.21306 0.46313
vt 0.21226 0.45848
vt 0.20644 0.5186
vt 0.20809 0.51946
vt 0.2069 0.52063
vt 0.25674 0.4716
vt 0.25879 0.47118
vt 0.25792 0.47336
vt 0.21836 0.46579
vt 0.22026 0.46199
vt 0.22287 0.46558
vt 0.24962 0.49765
vt 0.25266 0.49544
vt 0.25307 0.49843
vt 0.2569 0.47568
vt 0.25868 0.47764
vt 0.25612 0.47776
vt 0.18778 0.45861
vt 0.19293 0.46051
vt 0.18945 0.46368
vt 0.21306 0.46313
vt 0.20869 0.46559
vt 0.20501 0.46305
vt 0.20503 0.46523
vt 0.20869 0.46559
vt 0.20613 0.46687
vt 0.23921 0.52997
vt 0.23607 0.52973
vt 0.2396 0.52797
vt 0.20964 0.52614
vt 0.20883 0.52364
vt 0.21187 0.52356
vt 0.21309 0.46695
vt 0.21306 0.46313
vt 0.21836 0.46579
vt 0.24443 0.47151
vt 0.24733 0.47123
vt 0.24643 0.47287
vt 0.24518 0.47023
vt 0.24443 0.47151
vt 0.24349 0.46996
vt 0.25307 0.49843
vt 0.25266 0.49544
vt 0.25538 0.49644
vt 0.23921 0.52997
vt 0.23899 0.53187
vt 0.23607 0.52973
vt 0.21306 0.46313
vt 0.21309 0.46695
vt 0.20869 0.46559
vt 0.2195 0.5527
vt 0.21675 0.55285
vt 0.21718 0.54921
vt 0.25837 0.47011
vt 0.25879 0.47118
vt 0.25674 0.4716
vt 0.25592 0.56106
vt 0.25299 0.56156
vt 0.25374 0.55986
vt 0.20613 0.46687
vt 0.20386 0.46707
vt 0.20503 0.46523
vt 0.23607 0.52973
vt 0.23899 0.53187
vt 0.23392 0.5327
vt 0.20858 0.46808
vt 0.20869 0.46559
vt 0.21309 0.46695
vt 0.27826 0.5464
vt 0.27614 0.54332
vt 0.27736 0.54126
vt 0.27736 0.54126
vt 0.2797 0.54509
vt 0.27826 0.5464
vt 0.26781 0.46856
vt 0.26937 0.46673
vt 0.2703 0.46875
vt 0.20318 0.45977
vt 0.20767 0.45672
vt 0.21226 0.45848
vt 0.27614 0.54332
vt 0.27361 0.54062
vt 0.27736 0.54126
vt 0.24316 0.47299
vt 0.24443 0.47151
vt 0.24643 0.47287
vt 0.25592 0.56106
vt 0.25797 0.56179
vt 0.25576 0.56221
vt 0.20869 0.46559
vt 0.20503 0.46523
vt 0.20501 0.46305
vt 0.2198 0.45598
vt 0.22521 0.45795
vt 0.22026 0.46199
vt 0.27826 0.5464
vt 0.2797 0.54509
vt 0.28069 0.54992
vt 0.20318 0.45977
vt 0.20501 0.46305
vt 0.19781 0.46248
vt 0.20193 0.46545
vt 0.20386 0.46707
vt 0.20049 0.4681
vt 0.19756 0.46592
vt 0.19781 0.46248
vt 0.20193 0.46545
vt 0.23575 0.56662
vt 0.23345 0.56428
vt 0.23713 0.56448
vt 0.20049 0.4681
vt 0.19756 0.46592
vt 0.20193 0.46545
vt 0.25507 0.46902
vt 0.2549 0.47106
vt 0.25313 0.47054
vt 0.19293 0.46051
vt 0.19738 0.45891
vt 0.19781 0.46248
vt 0.19781 0.46248
vt 0.19756 0.46592
vt 0.18945 0.46368
vt 0.22793 0.49472
vt 0.23058 0.49554
vt 0.22782 0.49741
vt 0.28069 0.54992
vt 0.2797 0.54509
vt 0.28153 0.54857
vt 0.23981 0.52586
vt 0.23811 0.52437
vt 0.2407 0.52321
vt 0.23103 0.52174
vt 0.23274 0.52311
vt 0.22918 0.52376
vt 0.2219 0.51625
vt 0.22397 0.52
vt 0.22124 0.51967
vt 0.23317 0.50077
vt 0.22937 0.50435
vt 0.22821 0.50054
vt 0.2342 0.52638
vt 0.23607 0.52973
vt 0.23315 0.52869
vt 0.22753 0.52649
vt 0.22461 0.52683
vt 0.22594 0.52462
vt 0.22594 0.52462
vt 0.22426 0.52258
vt 0.22739 0.52245
vt 0.23786 0.5219
vt 0.23565 0.52367
vt 0.23522 0.52067
vt 0.23811 0.52437
vt 0.23786 0.5219
vt 0.2407 0.52321
vt 0.22749 0.5308
vt 0.22791 0.52903
vt 0.22952 0.53034
vt 0.22918 0.52376
vt 0.23274 0.52311
vt 0.23039 0.52609
vt 0.23981 0.52586
vt 0.2407 0.52321
vt 0.24116 0.52606
vt 0.24044 0.51987
vt 0.2407 0.52321
vt 0.23786 0.5219
vt 0.19404 0.46779
vt 0.18945 0.46368
vt 0.19756 0.46592
vt 0.23274 0.52311
vt 0.2342 0.52638
vt 0.23039 0.52609
vt 0.24201 0.527
vt 0.23981 0.52586
vt 0.24116 0.52606
vt 0.2407 0.52321
vt 0.2421 0.52487
vt 0.24116 0.52606
vt 0.23089 0.52816
vt 0.23124 0.53038
vt 0.22952 0.53034
vt 0.2407 0.52321
vt 0.24044 0.51987
vt 0.24178 0.52124
vt 0.23365 0.52976
vt 0.23124 0.53038
vt 0.23315 0.52869
vt 0.23089 0.52816
vt 0.2342 0.52638
vt 0.23315 0.52869
vt 0.24201 0.527
vt 0.2396 0.52797
vt 0.23981 0.52586
vt 0.2396 0.52797
vt 0.23811 0.52437
vt 0.23981 0.52586
vt 0.23565 0.52367
vt 0.23274 0.52311
vt 0.23522 0.52067
vt 0.2342 0.52638
vt 0.23811 0.52437
vt 0.2396 0.52797
vt 0.24434 0.52934
vt 0.2396 0.52797
vt 0.24201 0.527
vt 0.24178 0.52124
vt 0.2421 0.52487
vt 0.2407 0.52321
vt 0.23786 0.5219
vt 0.23811 0.52437
vt 0.23565 0.52367
vt 0.2396 0.52797
vt 0.23607 0.52973
vt 0.2342 0.52638
vt 0.23565 0.52367
vt 0.2342 0.52638
vt 0.23274 0.52311
vt 0.23811 0.52437
vt 0.2342 0.52638
vt 0.23565 0.52367
vt 0.22782 0.49741
vt 0.23058 0.49554
vt 0.23186 0.49766
vt 0.2342 0.52638
vt 0.23089 0.52816
vt 0.23039 0.52609
vt 0.23186 0.49766
vt 0.22821 0.50054
vt 0.22782 0.49741
vt 0.23315 0.52869
vt 0.23607 0.52973
vt 0.23365 0.52976
vt 0.23365 0.52976
vt 0.23129 0.53255
vt 0.23124 0.53038
vt 0.23089 0.52816
vt 0.23315 0.52869
vt 0.23124 0.53038
vt 0.23039 0.52609
vt 0.23089 0.52816
vt 0.22791 0.52903
vt 0.23129 0.53255
vt 0.2304 0.53225
vt 0.23124 0.53038
vt 0.22918 0.52376
vt 0.23039 0.52609
vt 0.22753 0.52649
vt 0.22753 0.52649
vt 0.23039 0.52609
vt 0.22791 0.52903
vt 0.22087 0.52181
vt 0.22397 0.52
vt 0.22426 0.52258
vt 0.22918 0.52376
vt 0.22594 0.52462
vt 0.22739 0.52245
vt 0.22594 0.52462
vt 0.22918 0.52376
vt 0.22753 0.52649
vt 0.22791 0.52903
vt 0.23089 0.52816
vt 0.22952 0.53034
vt 0.22952 0.53034
vt 0.23124 0.53038
vt 0.2304 0.53225
vt 0.22791 0.52903
vt 0.22493 0.52864
vt 0.22753 0.52649
vt 0.22604 0.52164
vt 0.22739 0.52245
vt 0.22426 0.52258
vt 0.22461 0.52683
vt 0.22753 0.52649
vt 0.22493 0.52864
vt 0.22426 0.52258
vt 0.22397 0.52
vt 0.22604 0.52164
vt 0.22087 0.52181
vt 0.22426 0.52258
vt 0.2222 0.52481
vt 0.22397 0.52
vt 0.22087 0.52181
vt 0.22124 0.51967
vt 0.22124 0.51967
vt 0.21937 0.5191
vt 0.2219 0.51625
vt 0.22124 0.51967
vt 0.22087 0.52181
vt 0.21937 0.5191
vt 0.23445 0.49762
vt 0.23317 0.50077
vt 0.23186 0.49766
vt 0.23791 0.50197
vt 0.23317 0.50077
vt 0.23694 0.49857
vt 0.23186 0.49766
vt 0.23396 0.49433
vt 0.23407 0.4962
vt 0.23186 0.49766
vt 0.23317 0.50077
vt 0.22821 0.50054
vt 0.24457 0.50188
vt 0.24175 0.50081
vt 0.24465 0.4982
vt 0.24294 0.49591
vt 0.24668 0.49552
vt 0.24465 0.4982
vt 0.24457 0.50188
vt 0.24777 0.50395
vt 0.24471 0.50538
vt 0.24145 0.50422
vt 0.24175 0.50081
vt 0.24457 0.50188
vt 0.23958 0.49646
vt 0.23694 0.49857
vt 0.23679 0.4956
vt 0.24175 0.50081
vt 0.24145 0.50422
vt 0.23791 0.50197
vt 0.24457 0.50188
vt 0.24757 0.5006
vt 0.24777 0.50395
vt 0.24041 0.49885
vt 0.24465 0.4982
vt 0.24175 0.50081
vt 0.23694 0.49857
vt 0.23958 0.49646
vt 0.24041 0.49885
vt 0.23791 0.50197
vt 0.23694 0.49857
vt 0.24041 0.49885
vt 0.23694 0.49857
vt 0.23445 0.49762
vt 0.23679 0.4956
vt 0.24757 0.5006
vt 0.24457 0.50188
vt 0.24465 0.4982
vt 0.23791 0.50197
vt 0.24041 0.49885
vt 0.24175 0.50081
vt 0.24294 0.49591
vt 0.24041 0.49885
vt 0.23958 0.49646
vt 0.24041 0.49885
vt 0.24294 0.49591
vt 0.24465 0.4982
vt 0.23317 0.50077
vt 0.23445 0.49762
vt 0.23694 0.49857
vt 0.23186 0.49766
vt 0.23407 0.4962
vt 0.23445 0.49762
vt 0.23679 0.4956
vt 0.23445 0.49762
vt 0.23407 0.4962
vt 0.23679 0.4956
vt 0.23407 0.4962
vt 0.23396 0.49433
vt 0.24668 0.49552
vt 0.24962 0.49765
vt 0.24465 0.4982
vt 0.23412 0.50472
vt 0.23317 0.50077
vt 0.23791 0.50197
vt 0.23186 0.49766
vt 0.23058 0.49554
vt 0.23396 0.49433
vt 0.24726 0.50838
vt 0.24471 0.50538
vt 0.24777 0.50395
vt 0.24465 0.4982
vt 0.24962 0.49765
vt 0.24757 0.5006
vt 0.28877 0.48422
vt 0.2919 0.48351
vt 0.28916 0.48694
vt 0.25345 0.47196
vt 0.2549 0.47106
vt 0.25512 0.47338
vt 0.28948 0.48134
vt 0.2919 0.48351
vt 0.28877 0.48422
vt 0.22714 0.52
vt 0.22873 0.51649
vt 0.23047 0.51939
vt 0.22206 0.51233
vt 0.22242 0.5094
vt 0.22352 0.51254
vt 0.28718 0.4834
vt 0.28948 0.48134
vt 0.28877 0.48422
vt 0.23047 0.51939
vt 0.22951 0.5215
vt 0.22714 0.52
vt 0.22951 0.5215
vt 0.22739 0.52245
vt 0.22714 0.52
vt 0.22873 0.51649
vt 0.22528 0.51739
vt 0.22582 0.51349
vt 0.24423 0.51586
vt 0.24187 0.51838
vt 0.24025 0.51541
vt 0.22918 0.52376
vt 0.22739 0.52245
vt 0.22951 0.5215
vt 0.28658 0.48509
vt 0.28877 0.48422
vt 0.28916 0.48694
vt 0.26781 0.46856
vt 0.26728 0.46995
vt 0.26687 0.46909
vt 0.23606 0.51431
vt 0.23378 0.51217
vt 0.23744 0.5107
vt 0.24178 0.52124
vt 0.24187 0.51838
vt 0.24435 0.52128
vt 0.22582 0.51349
vt 0.2219 0.51625
vt 0.22352 0.51254
vt 0.23522 0.52067
vt 0.23312 0.52001
vt 0.23454 0.51724
vt 0.22494 0.50913
vt 0.22451 0.50619
vt 0.22644 0.50649
vt 0.22397 0.52
vt 0.22528 0.51739
vt 0.22714 0.52
vt 0.22022 0.51326
vt 0.22206 0.51233
vt 0.2219 0.51625
vt 0.22022 0.51326
vt 0.21842 0.51152
vt 0.22051 0.51096
vt 0.22873 0.51649
vt 0.22879 0.51222
vt 0.23094 0.51382
vt 0.2219 0.51625
vt 0.22582 0.51349
vt 0.22528 0.51739
vt 0.22206 0.51233
vt 0.22352 0.51254
vt 0.2219 0.51625
vt 0.22951 0.5215
vt 0.23047 0.51939
vt 0.23103 0.52174
vt 0.22873 0.51649
vt 0.22582 0.51349
vt 0.22879 0.51222
vt 0.24423 0.51586
vt 0.24025 0.51541
vt 0.24096 0.51272
vt 0.22873 0.51649
vt 0.23094 0.51382
vt 0.2318 0.51683
vt 0.24435 0.52128
vt 0.24187 0.51838
vt 0.24423 0.51586
vt 0.22644 0.50649
vt 0.22736 0.50971
vt 0.22494 0.50913
vt 0.2145 0.51113
vt 0.21765 0.50813
vt 0.21665 0.51161
vt 0.23163 0.5076
vt 0.22962 0.50948
vt 0.22875 0.50725
vt 0.22879 0.51222
vt 0.2317 0.5108
vt 0.23094 0.51382
vt 0.23454 0.51724
vt 0.23755 0.51853
vt 0.23522 0.52067
vt 0.23047 0.51939
vt 0.2318 0.51683
vt 0.23312 0.52001
vt 0.23163 0.5076
vt 0.2317 0.5108
vt 0.22962 0.50948
vt 0.2219 0.51625
vt 0.21778 0.51533
vt 0.22022 0.51326
vt 0.23806 0.51566
vt 0.23987 0.51731
vt 0.23755 0.51853
vt 0.2219 0.51625
vt 0.22528 0.51739
vt 0.22397 0.52
vt 0.23047 0.51939
vt 0.23312 0.52001
vt 0.23103 0.52174
vt 0.23522 0.52067
vt 0.23755 0.51853
vt 0.23786 0.5219
vt 0.29016 0.47882
vt 0.28948 0.48134
vt 0.28807 0.47941
vt 0.22879 0.51222
vt 0.22582 0.51349
vt 0.22736 0.50971
vt 0.23454 0.51724
vt 0.23369 0.51477
vt 0.23606 0.51431
vt 0.23094 0.51382
vt 0.2317 0.5108
vt 0.23378 0.51217
vt 0.22494 0.50913
vt 0.22582 0.51349
vt 0.22352 0.51254
vt 0.21842 0.51152
vt 0.21665 0.51161
vt 0.21765 0.50813
vt 0.22875 0.50725
vt 0.22937 0.50435
vt 0.23163 0.5076
vt 0.26937 0.46673
vt 0.26781 0.46856
vt 0.26652 0.46762
vt 0.22736 0.50971
vt 0.22582 0.51349
vt 0.22494 0.50913
vt 0.22962 0.50948
vt 0.2317 0.5108
vt 0.22879 0.51222
vt 0.28468 0.4837
vt 0.2871 0.48072
vt 0.28718 0.4834
vt 0.27097 0.46964
vt 0.27341 0.4688
vt 0.27279 0.47041
vt 0.28948 0.48134
vt 0.2871 0.48072
vt 0.28807 0.47941
vt 0.22736 0.50971
vt 0.22875 0.50725
vt 0.22962 0.50948
vt 0.2871 0.48072
vt 0.28948 0.48134
vt 0.28718 0.4834
vt 0.25266 0.49544
vt 0.25185 0.4929
vt 0.25429 0.49341
vt 0.25429 0.49341
vt 0.25538 0.49644
vt 0.25266 0.49544
vt 0.23312 0.52001
vt 0.2318 0.51683
vt 0.23454 0.51724
vt 0.25538 0.49644
vt 0.25429 0.49341
vt 0.25677 0.49529
vt 0.22051 0.51096
vt 0.22206 0.51233
vt 0.22022 0.51326
vt 0.22494 0.50913
vt 0.22352 0.51254
vt 0.22242 0.5094
vt 0.23103 0.52174
vt 0.22918 0.52376
vt 0.22951 0.5215
vt 0.23606 0.51431
vt 0.23806 0.51566
vt 0.23755 0.51853
vt 0.2318 0.51683
vt 0.23369 0.51477
vt 0.23454 0.51724
vt 0.24044 0.51987
vt 0.23755 0.51853
vt 0.23987 0.51731
vt 0.22873 0.51649
vt 0.2318 0.51683
vt 0.23047 0.51939
vt 0.25792 0.47336
vt 0.25512 0.47338
vt 0.25674 0.4716
vt 0.24736 0.46591
vt 0.24707 0.46304
vt 0.25182 0.46459
vt 0.22714 0.52
vt 0.22739 0.52245
vt 0.22604 0.52164
vt 0.24733 0.47123
vt 0.24518 0.47023
vt 0.24734 0.46944
vt 0.23312 0.52001
vt 0.23274 0.52311
vt 0.23103 0.52174
vt 0.26163 0.52577
vt 0.25914 0.52903
vt 0.25732 0.52702
vt 0.23094 0.51382
vt 0.23369 0.51477
vt 0.2318 0.51683
vt 0.23312 0.52001
vt 0.23522 0.52067
vt 0.23274 0.52311
vt 0.22528 0.51739
vt 0.22873 0.51649
vt 0.22714 0.52
vt 0.26448 0.52799
vt 0.26163 0.52577
vt 0.26717 0.52467
vt 0.22242 0.5094
vt 0.22411 0.50752
vt 0.22494 0.50913
vt 0.21665 0.51161
vt 0.21778 0.51533
vt 0.21502 0.51391
vt 0.21778 0.51533
vt 0.21842 0.51152
vt 0.22022 0.51326
vt 0.21778 0.51533
vt 0.21665 0.51161
vt 0.21842 0.51152
vt 0.25732 0.52702
vt 0.25858 0.52264
vt 0.26163 0.52577
vt 0.26713 0.52911
vt 0.26717 0.52467
vt 0.27054 0.52851
vt 0.23378 0.51217
vt 0.23369 0.51477
vt 0.23094 0.51382
vt 0.23806 0.51566
vt 0.23606 0.51431
vt 0.23862 0.51365
vt 0.22406 0.50367
vt 0.22644 0.50649
vt 0.22451 0.50619
vt 0.22206 0.51233
vt 0.22051 0.51096
vt 0.22242 0.5094
vt 0.24178 0.52124
vt 0.24044 0.51987
vt 0.24187 0.51838
vt 0.26717 0.52467
vt 0.26713 0.52911
vt 0.26448 0.52799
vt 0.23385 0.50947
vt 0.23378 0.51217
vt 0.2317 0.5108
vt 0.2317 0.5108
vt 0.23163 0.5076
vt 0.23385 0.50947
vt 0.25968 0.47115
vt 0.2604 0.47102
vt 0.25985 0.47238
vt 0.23369 0.51477
vt 0.23378 0.51217
vt 0.23606 0.51431
vt 0.21842 0.51152
vt 0.22032 0.50858
vt 0.22051 0.51096
vt 0.22051 0.51096
vt 0.22032 0.50858
vt 0.22242 0.5094
vt 0.22644 0.50649
vt 0.22875 0.50725
vt 0.22736 0.50971
vt 0.25271 0.46948
vt 0.25181 0.46904
vt 0.25507 0.46902
vt 0.22494 0.50913
vt 0.22411 0.50752
vt 0.22451 0.50619
vt 0.26701 0.47167
vt 0.26517 0.47265
vt 0.26533 0.47159
vt 0.26713 0.52911
vt 0.26745 0.5319
vt 0.26304 0.53039
vt 0.2557 0.46632
vt 0.25152 0.46742
vt 0.25182 0.46459
vt 0.27009 0.47023
vt 0.27279 0.47041
vt 0.27035 0.47138
vt 0.26179 0.47187
vt 0.26366 0.471
vt 0.26381 0.47298
vt 0.22451 0.50619
vt 0.22291 0.50654
vt 0.22406 0.50367
vt 0.24733 0.47123
vt 0.24982 0.47203
vt 0.24843 0.47257
vt 0.24025 0.51541
vt 0.23862 0.51365
vt 0.24096 0.51272
vt 0.23454 0.51724
vt 0.23606 0.51431
vt 0.23755 0.51853
vt 0.23385 0.50947
vt 0.23496 0.50726
vt 0.23744 0.5107
vt 0.23385 0.50947
vt 0.23163 0.5076
vt 0.23496 0.50726
vt 0.22032 0.50858
vt 0.21842 0.51152
vt 0.21765 0.50813
vt 0.23744 0.5107
vt 0.23378 0.51217
vt 0.23385 0.50947
vt 0.23744 0.5107
vt 0.23862 0.51365
vt 0.23606 0.51431
vt 0.23496 0.50726
vt 0.23163 0.5076
vt 0.23412 0.50472
vt 0.24878 0.47033
vt 0.24982 0.47203
vt 0.24733 0.47123
vt 0.22411 0.50752
vt 0.22291 0.50654
vt 0.22451 0.50619
vt 0.22032 0.50858
vt 0.21765 0.50813
vt 0.22075 0.50604
vt 0.2145 0.51113
vt 0.21665 0.51161
vt 0.21502 0.51391
vt 0.27075 0.53094
vt 0.26713 0.52911
vt 0.27054 0.52851
vt 0.22937 0.50435
vt 0.23412 0.50472
vt 0.23163 0.5076
vt 0.24936 0.46894
vt 0.25103 0.47052
vt 0.24878 0.47033
vt 0.22644 0.50649
vt 0.22406 0.50367
vt 0.22937 0.50435
vt 0.22291 0.50654
vt 0.22411 0.50752
vt 0.22242 0.5094
vt 0.2763 0.52701
vt 0.27495 0.53048
vt 0.27054 0.52851
vt 0.22875 0.50725
vt 0.22644 0.50649
vt 0.22937 0.50435
vt 0.21502 0.51391
vt 0.21211 0.51396
vt 0.2145 0.51113
vt 0.22032 0.50858
vt 0.22291 0.50654
vt 0.22242 0.5094
vt 0.24044 0.51987
vt 0.23786 0.5219
vt 0.23755 0.51853
vt 0.26448 0.52799
vt 0.26304 0.53039
vt 0.25914 0.52903
vt 0.22032 0.50858
vt 0.22075 0.50604
vt 0.22291 0.50654
vt 0.28658 0.48509
vt 0.28718 0.4834
vt 0.28877 0.48422
vt 0.23862 0.51365
vt 0.23744 0.5107
vt 0.24096 0.51272
vt 0.22937 0.50435
vt 0.23317 0.50077
vt 0.23412 0.50472
vt 0.2145 0.51113
vt 0.21398 0.50775
vt 0.21765 0.50813
vt 0.23862 0.51365
vt 0.24025 0.51541
vt 0.23806 0.51566
vt 0.24187 0.51838
vt 0.24044 0.51987
vt 0.23987 0.51731
vt 0.23806 0.51566
vt 0.24025 0.51541
vt 0.23987 0.51731
vt 0.25332 0.47566
vt 0.25322 0.4781
vt 0.24958 0.47632
vt 0.24187 0.51838
vt 0.23987 0.51731
vt 0.24025 0.51541
vt 0.22714 0.52
vt 0.22604 0.52164
vt 0.22397 0.52
vt 0.22962 0.50948
vt 0.22879 0.51222
vt 0.22736 0.50971
vt 0.26713 0.52911
vt 0.27075 0.53094
vt 0.26745 0.5319
vt 0.26796 0.47066
vt 0.26879 0.4709
vt 0.26701 0.47167
vt 0.25799 0.46863
vt 0.25991 0.46714
vt 0.26009 0.46877
vt 0.26304 0.53039
vt 0.26448 0.52799
vt 0.26713 0.52911
vt 0.27075 0.53094
vt 0.27054 0.52851
vt 0.27495 0.53048
vt 0.27495 0.53048
vt 0.27704 0.53264
vt 0.27335 0.53296
vt 0.24016 0.48391
vt 0.23635 0.48664
vt 0.23625 0.48323
vt 0.26745 0.5319
vt 0.26759 0.53399
vt 0.26256 0.53304
vt 0.24248 0.4875
vt 0.23943 0.48661
vt 0.24364 0.48478
vt 0.27335 0.53296
vt 0.27064 0.534
vt 0.26745 0.5319
vt 0.23676 0.49004
vt 0.23396 0.49433
vt 0.23117 0.49244
vt 0.27075 0.53094
vt 0.27495 0.53048
vt 0.27335 0.53296
vt 0.27335 0.53296
vt 0.26745 0.5319
vt 0.27075 0.53094
vt 0.23676 0.49004
vt 0.23793 0.49286
vt 0.23396 0.49433
vt 0.26745 0.5319
vt 0.26256 0.53304
vt 0.26304 0.53039
vt 0.25103 0.47052
vt 0.24982 0.47203
vt 0.24878 0.47033
vt 0.19376 0.47073
vt 0.18984 0.47064
vt 0.19404 0.46779
vt 0.2763 0.52701
vt 0.28019 0.53002
vt 0.27495 0.53048
vt 0.27064 0.534
vt 0.27335 0.53296
vt 0.27408 0.5358
vt 0.18841 0.46723
vt 0.18277 0.46469
vt 0.18945 0.46368
vt 0.27408 0.5358
vt 0.27335 0.53296
vt 0.27758 0.53501
vt 0.27064 0.534
vt 0.26759 0.53399
vt 0.26745 0.5319
vt 0.27495 0.53048
vt 0.28019 0.53002
vt 0.27704 0.53264
vt 0.27704 0.53264
vt 0.27758 0.53501
vt 0.27335 0.53296
vt 0.24016 0.48391
vt 0.23943 0.48661
vt 0.23635 0.48664
vt 0.26448 0.52799
vt 0.25914 0.52903
vt 0.26163 0.52577
vt 0.18956 0.47301
vt 0.18742 0.47381
vt 0.18798 0.47229
vt 0.23676 0.49004
vt 0.24075 0.49054
vt 0.23793 0.49286
vt 0.24248 0.4875
vt 0.24613 0.4894
vt 0.24075 0.49054
vt 0.24075 0.49054
vt 0.23676 0.49004
vt 0.24248 0.4875
vt 0.23679 0.4956
vt 0.23396 0.49433
vt 0.23793 0.49286
vt 0.23676 0.49004
vt 0.23269 0.48926
vt 0.23635 0.48664
vt 0.24164 0.49322
vt 0.23679 0.4956
vt 0.23793 0.49286
vt 0.26728 0.46995
vt 0.26781 0.46856
vt 0.26872 0.46974
vt 0.24458 0.4821
vt 0.24364 0.48478
vt 0.24016 0.48391
vt 0.22492 0.49377
vt 0.22587 0.49171
vt 0.22803 0.4925
vt 0.23635 0.48664
vt 0.23056 0.48608
vt 0.23625 0.48323
vt 0.24164 0.49322
vt 0.23793 0.49286
vt 0.24075 0.49054
vt 0.25039 0.48864
vt 0.24968 0.49111
vt 0.24613 0.4894
vt 0.18025 0.46012
vt 0.18778 0.45861
vt 0.18945 0.46368
vt 0.18984 0.47064
vt 0.18798 0.47229
vt 0.18583 0.47103
vt 0.18025 0.46012
vt 0.18945 0.46368
vt 0.18277 0.46469
vt 0.25017 0.47915
vt 0.25184 0.48219
vt 0.24796 0.48166
vt 0.23058 0.49554
vt 0.23117 0.49244
vt 0.23396 0.49433
vt 0.25184 0.48219
vt 0.25051 0.48587
vt 0.24766 0.48375
vt 0.20809 0.51946
vt 0.20953 0.5171
vt 0.21133 0.51899
vt 0.23676 0.49004
vt 0.23943 0.48661
vt 0.24248 0.4875
vt 0.24364 0.48478
vt 0.23943 0.48661
vt 0.24016 0.48391
vt 0.22803 0.4925
vt 0.22793 0.49472
vt 0.22492 0.49377
vt 0.26797 0.47726
vt 0.26456 0.47546
vt 0.26808 0.47422
vt 0.21778 0.51533
vt 0.21937 0.5191
vt 0.21654 0.51928
vt 0.25017 0.47915
vt 0.24796 0.48166
vt 0.24514 0.47964
vt 0.23117 0.49244
vt 0.23269 0.48926
vt 0.23676 0.49004
vt 0.24614 0.49306
vt 0.24613 0.4894
vt 0.24968 0.49111
vt 0.23117 0.49244
vt 0.22793 0.49472
vt 0.22803 0.4925
vt 0.23117 0.49244
vt 0.22803 0.4925
vt 0.22828 0.48969
vt 0.22828 0.48969
vt 0.22803 0.4925
vt 0.22587 0.49171
vt 0.22828 0.48969
vt 0.22587 0.49171
vt 0.22231 0.49061
vt 0.24164 0.49322
vt 0.23958 0.49646
vt 0.23679 0.4956
vt 0.26243 0.46826
vt 0.26279 0.46661
vt 0.26414 0.46784
vt 0.23907 0.47831
vt 0.24514 0.47964
vt 0.24056 0.48148
vt 0.24614 0.49306
vt 0.24668 0.49552
vt 0.24294 0.49591
vt 0.23117 0.49244
vt 0.23058 0.49554
vt 0.22793 0.49472
vt 0.22231 0.49061
vt 0.22268 0.48702
vt 0.22828 0.48969
vt 0.20953 0.52121
vt 0.21133 0.51899
vt 0.21374 0.52117
vt 0.24796 0.48166
vt 0.24766 0.48375
vt 0.24458 0.4821
vt 0.23269 0.48926
vt 0.23056 0.48608
vt 0.23635 0.48664
vt 0.23056 0.48608
vt 0.23269 0.48926
vt 0.22828 0.48969
vt 0.23958 0.49646
vt 0.24164 0.49322
vt 0.24294 0.49591
vt 0.19028 0.47453
vt 0.18742 0.47381
vt 0.18956 0.47301
vt 0.2496 0.49419
vt 0.24614 0.49306
vt 0.24968 0.49111
vt 0.24583 0.48643
vt 0.24613 0.4894
vt 0.24248 0.4875
vt 0.24056 0.48148
vt 0.23625 0.48323
vt 0.23907 0.47831
vt 0.24016 0.48391
vt 0.24056 0.48148
vt 0.24458 0.4821
vt 0.24056 0.48148
vt 0.24016 0.48391
vt 0.23625 0.48323
vt 0.25152 0.46742
vt 0.2557 0.46632
vt 0.25507 0.46902
vt 0.18583 0.47103
vt 0.18678 0.46933
vt 0.18984 0.47064
vt 0.22268 0.48702
vt 0.23056 0.48608
vt 0.22828 0.48969
vt 0.24075 0.49054
vt 0.24613 0.4894
vt 0.24164 0.49322
vt 0.24164 0.49322
vt 0.24614 0.49306
vt 0.24294 0.49591
vt 0.22828 0.48969
vt 0.23269 0.48926
vt 0.23117 0.49244
vt 0.24514 0.47964
vt 0.24796 0.48166
vt 0.24458 0.4821
vt 0.25051 0.48587
vt 0.24613 0.4894
vt 0.24583 0.48643
vt 0.24614 0.49306
vt 0.24164 0.49322
vt 0.24613 0.4894
vt 0.24248 0.4875
vt 0.24364 0.48478
vt 0.24583 0.48643
vt 0.22268 0.48702
vt 0.22686 0.48446
vt 0.23056 0.48608
vt 0.23036 0.48239
vt 0.23625 0.48323
vt 0.23056 0.48608
vt 0.23943 0.48661
vt 0.23676 0.49004
vt 0.23635 0.48664
vt 0.25039 0.48864
vt 0.24613 0.4894
vt 0.25051 0.48587
vt 0.21654 0.51928
vt 0.21637 0.52232
vt 0.21374 0.52117
vt 0.24583 0.48643
vt 0.24364 0.48478
vt 0.24766 0.48375
vt 0.24458 0.4821
vt 0.24766 0.48375
vt 0.24364 0.48478
vt 0.22686 0.48446
vt 0.23036 0.48239
vt 0.23056 0.48608
vt 0.24668 0.49552
vt 0.24614 0.49306
vt 0.2496 0.49419
vt 0.24583 0.48643
vt 0.24766 0.48375
vt 0.25051 0.48587
vt 0.22927 0.48089
vt 0.2333 0.47972
vt 0.23036 0.48239
vt 0.24458 0.4821
vt 0.24056 0.48148
vt 0.24514 0.47964
vt 0.23625 0.48323
vt 0.23036 0.48239
vt 0.23907 0.47831
vt 0.23036 0.48239
vt 0.2333 0.47972
vt 0.23907 0.47831
vt 0.22927 0.48089
vt 0.23053 0.47901
vt 0.2333 0.47972
vt 0.20953 0.52121
vt 0.21374 0.52117
vt 0.21187 0.52356
vt 0.25512 0.47338
vt 0.2549 0.47106
vt 0.25674 0.4716
vt 0.22654 0.48203
vt 0.22927 0.48089
vt 0.23036 0.48239
vt 0.24796 0.48166
vt 0.25184 0.48219
vt 0.24766 0.48375
vt 0.23907 0.47831
vt 0.2333 0.47972
vt 0.23488 0.47793
vt 0.20953 0.52121
vt 0.2069 0.52063
vt 0.20809 0.51946
vt 0.25946 0.46512
vt 0.25991 0.46714
vt 0.25722 0.4676
vt 0.25612 0.47776
vt 0.25322 0.4781
vt 0.25332 0.47566
vt 0.26456 0.47546
vt 0.26552 0.47806
vt 0.26237 0.47745
vt 0.20672 0.52204
vt 0.2069 0.52063
vt 0.20953 0.52121
vt 0.21187 0.52356
vt 0.20883 0.52364
vt 0.20953 0.52121
vt 0.25345 0.47196
vt 0.25191 0.4717
vt 0.25313 0.47054
vt 0.25991 0.46714
vt 0.26243 0.46826
vt 0.26009 0.46877
vt 0.2604 0.47102
vt 0.26179 0.47187
vt 0.25985 0.47238
vt 0.21681 0.46788
vt 0.21309 0.46695
vt 0.21836 0.46579
vt 0.24159 0.46982
vt 0.24023 0.46908
vt 0.24242 0.46873
vt 0.22507 0.47016
vt 0.22659 0.47051
vt 0.22535 0.47167
vt 0.224 0.47112
vt 0.22351 0.47256
vt 0.22187 0.47201
vt 0.23104 0.47631
vt 0.23414 0.47645
vt 0.23053 0.47901
vt 0.2325 0.46629
vt 0.23612 0.46439
vt 0.2354 0.46679
vt 0.22237 0.47673
vt 0.22068 0.47567
vt 0.22195 0.47419
vt 0.2422 0.47125
vt 0.24035 0.47059
vt 0.24159 0.46982
vt 0.22415 0.46859
vt 0.2262 0.46884
vt 0.22507 0.47016
vt 0.21641 0.46984
vt 0.21681 0.46788
vt 0.2188 0.46929
vt 0.2354 0.46679
vt 0.23151 0.46828
vt 0.2325 0.46629
vt 0.21374 0.52117
vt 0.21637 0.52232
vt 0.21485 0.52344
vt 0.22187 0.47201
vt 0.22286 0.47023
vt 0.224 0.47112
vt 0.22064 0.46742
vt 0.21681 0.46788
vt 0.21836 0.46579
vt 0.2195 0.47445
vt 0.22187 0.47201
vt 0.22195 0.47419
vt 0.2384 0.47165
vt 0.23893 0.47013
vt 0.24035 0.47059
vt 0.2262 0.46884
vt 0.22415 0.46859
vt 0.22626 0.46659
vt 0.22626 0.46659
vt 0.22415 0.46859
vt 0.22435 0.467
vt 0.224 0.47112
vt 0.22286 0.47023
vt 0.22414 0.46992
vt 0.2397 0.46513
vt 0.24001 0.46731
vt 0.2354 0.46679
vt 0.22507 0.47016
vt 0.224 0.47112
vt 0.22414 0.46992
vt 0.22626 0.46659
vt 0.22905 0.46358
vt 0.2295 0.4663
vt 0.22287 0.46558
vt 0.22626 0.46659
vt 0.22435 0.467
vt 0.20953 0.5171
vt 0.21373 0.5171
vt 0.21133 0.51899
vt 0.2274 0.4721
vt 0.22659 0.47051
vt 0.22839 0.47081
vt 0.22015 0.47213
vt 0.22031 0.47073
vt 0.22187 0.47201
vt 0.22659 0.47051
vt 0.22507 0.47016
vt 0.2262 0.46884
vt 0.22926 0.47384
vt 0.23104 0.47631
vt 0.22579 0.47651
vt 0.21778 0.51533
vt 0.2219 0.51625
vt 0.21937 0.5191
vt 0.2262 0.46884
vt 0.22626 0.46659
vt 0.22845 0.46895
vt 0.2422 0.47125
vt 0.2402 0.47306
vt 0.24035 0.47059
vt 0.2422 0.47125
vt 0.24349 0.46996
vt 0.24443 0.47151
vt 0.22287 0.46558
vt 0.22435 0.467
vt 0.22284 0.46733
vt 0.22064 0.46742
vt 0.2188 0.46929
vt 0.21681 0.46788
vt 0.2262 0.46884
vt 0.22845 0.46895
vt 0.22659 0.47051
vt 0.21641 0.46984
vt 0.21432 0.46993
vt 0.21681 0.46788
vt 0.22535 0.47167
vt 0.22351 0.47256
vt 0.224 0.47112
vt 0.22535 0.47167
vt 0.224 0.47112
vt 0.22507 0.47016
vt 0.23167 0.47024
vt 0.23431 0.47017
vt 0.23184 0.47191
vt 0.25191 0.4717
vt 0.25345 0.47196
vt 0.25236 0.47326
vt 0.22191 0.46889
vt 0.2188 0.46929
vt 0.22064 0.46742
vt 0.21778 0.51533
vt 0.21373 0.5171
vt 0.21502 0.51391
vt 0.22415 0.46859
vt 0.22284 0.46733
vt 0.22435 0.467
vt 0.24556 0.47469
vt 0.24213 0.47455
vt 0.24316 0.47299
vt 0.25837 0.47011
vt 0.25656 0.47004
vt 0.25799 0.46863
vt 0.23414 0.47645
vt 0.23741 0.47597
vt 0.23488 0.47793
vt 0.22535 0.47167
vt 0.22483 0.47388
vt 0.22351 0.47256
vt 0.2274 0.4721
vt 0.22926 0.47384
vt 0.22483 0.47388
vt 0.23104 0.47631
vt 0.22684 0.47861
vt 0.22579 0.47651
vt 0.22187 0.47201
vt 0.22351 0.47256
vt 0.22195 0.47419
vt 0.23218 0.46442
vt 0.2295 0.4663
vt 0.22905 0.46358
vt 0.22845 0.46895
vt 0.2295 0.4663
vt 0.23151 0.46828
vt 0.22286 0.47023
vt 0.22415 0.46859
vt 0.22414 0.46992
vt 0.23167 0.47024
vt 0.23184 0.47191
vt 0.22989 0.47174
vt 0.23667 0.47156
vt 0.23285 0.47335
vt 0.23428 0.47162
vt 0.22926 0.47384
vt 0.22579 0.47651
vt 0.22483 0.47388
vt 0.22068 0.47567
vt 0.2195 0.47445
vt 0.22195 0.47419
vt 0.26647 0.47019
vt 0.26519 0.469
vt 0.26687 0.46909
vt 0.24026 0.47546
vt 0.23741 0.47597
vt 0.2402 0.47306
vt 0.25313 0.47054
vt 0.25103 0.47052
vt 0.25271 0.46948
vt 0.22483 0.47388
vt 0.22535 0.47167
vt 0.2274 0.4721
vt 0.2302 0.47021
vt 0.22839 0.47081
vt 0.22845 0.46895
vt 0.2295 0.4663
vt 0.23218 0.46442
vt 0.2325 0.46629
vt 0.24159 0.46982
vt 0.24349 0.46996
vt 0.2422 0.47125
vt 0.22287 0.46558
vt 0.22064 0.46742
vt 0.21836 0.46579
vt 0.23781 0.46913
vt 0.23893 0.47013
vt 0.23769 0.47024
vt 0.24316 0.47299
vt 0.2402 0.47306
vt 0.2422 0.47125
vt 0.2384 0.47165
vt 0.24035 0.47059
vt 0.2402 0.47306
vt 0.23151 0.46828
vt 0.23358 0.46888
vt 0.23167 0.47024
vt 0.23667 0.47156
vt 0.23769 0.47024
vt 0.23809 0.47083
vt 0.23167 0.47024
vt 0.22989 0.47174
vt 0.2302 0.47021
vt 0.2295 0.4663
vt 0.2325 0.46629
vt 0.23151 0.46828
vt 0.23104 0.47631
vt 0.23053 0.47901
vt 0.22684 0.47861
vt 0.23414 0.47645
vt 0.23104 0.47631
vt 0.23593 0.47396
vt 0.25236 0.47326
vt 0.24982 0.47203
vt 0.25191 0.4717
vt 0.21432 0.46993
vt 0.21309 0.46695
vt 0.21681 0.46788
vt 0.23612 0.46439
vt 0.2325 0.46629
vt 0.23218 0.46442
vt 0.22015 0.47213
vt 0.22187 0.47201
vt 0.2195 0.47445
vt 0.22579 0.47651
vt 0.22237 0.47673
vt 0.22483 0.47388
vt 0.22483 0.47388
vt 0.22237 0.47673
vt 0.22195 0.47419
vt 0.2402 0.47306
vt 0.24213 0.47455
vt 0.24026 0.47546
vt 0.22031 0.47073
vt 0.2188 0.46929
vt 0.22191 0.46889
vt 0.22415 0.46859
vt 0.22507 0.47016
vt 0.22414 0.46992
vt 0.22845 0.46895
vt 0.22626 0.46659
vt 0.2295 0.4663
vt 0.22659 0.47051
vt 0.2274 0.4721
vt 0.22535 0.47167
vt 0.23151 0.46828
vt 0.23167 0.47024
vt 0.2302 0.47021
vt 0.22287 0.46558
vt 0.22284 0.46733
vt 0.22064 0.46742
vt 0.23167 0.47024
vt 0.23358 0.46888
vt 0.23431 0.47017
vt 0.22191 0.46889
vt 0.22064 0.46742
vt 0.22284 0.46733
vt 0.22926 0.47384
vt 0.23184 0.47191
vt 0.23285 0.47335
vt 0.22839 0.47081
vt 0.2302 0.47021
vt 0.22989 0.47174
vt 0.18678 0.46933
vt 0.18362 0.46733
vt 0.18841 0.46723
vt 0.23151 0.46828
vt 0.2354 0.46679
vt 0.23358 0.46888
vt 0.25512 0.47338
vt 0.25236 0.47326
vt 0.25345 0.47196
vt 0.2384 0.47165
vt 0.2402 0.47306
vt 0.23593 0.47396
vt 0.23184 0.47191
vt 0.23428 0.47162
vt 0.23285 0.47335
vt 0.21654 0.51928
vt 0.21807 0.52182
vt 0.21637 0.52232
vt 0.22031 0.47073
vt 0.22286 0.47023
vt 0.22187 0.47201
vt 0.22415 0.46859
vt 0.22191 0.46889
vt 0.22284 0.46733
vt 0.23104 0.47631
vt 0.22926 0.47384
vt 0.23285 0.47335
vt 0.2557 0.46632
vt 0.25722 0.4676
vt 0.25507 0.46902
vt 0.18984 0.47064
vt 0.18956 0.47301
vt 0.18798 0.47229
vt 0.21373 0.5171
vt 0.21778 0.51533
vt 0.21654 0.51928
vt 0.21637 0.52232
vt 0.21807 0.52182
vt 0.21913 0.52404
vt 0.22286 0.47023
vt 0.22191 0.46889
vt 0.22415 0.46859
vt 0.21133 0.51899
vt 0.20953 0.52121
vt 0.20809 0.51946
vt 0.18362 0.46733
vt 0.18277 0.46469
vt 0.18841 0.46723
vt 0.18841 0.46723
vt 0.18984 0.47064
vt 0.18678 0.46933
vt 0.18841 0.46723
vt 0.18945 0.46368
vt 0.19404 0.46779
vt 0.22087 0.52181
vt 0.21913 0.52404
vt 0.21807 0.52182
vt 0.19404 0.46779
vt 0.18984 0.47064
vt 0.18841 0.46723
vt 0.23605 0.46851
vt 0.23431 0.47017
vt 0.23358 0.46888
vt 0.24001 0.46731
vt 0.23605 0.46851
vt 0.2354 0.46679
vt 0.23769 0.47024
vt 0.23893 0.47013
vt 0.23809 0.47083
vt 0.23605 0.46851
vt 0.23781 0.46913
vt 0.23431 0.47017
vt 0.24349 0.46996
vt 0.24159 0.46982
vt 0.24242 0.46873
vt 0.23637 0.47031
vt 0.23667 0.47156
vt 0.23428 0.47162
vt 0.21654 0.51928
vt 0.21937 0.5191
vt 0.21807 0.52182
vt 0.2402 0.47306
vt 0.23741 0.47597
vt 0.23593 0.47396
vt 0.2302 0.47021
vt 0.22845 0.46895
vt 0.23151 0.46828
vt 0.23285 0.47335
vt 0.23667 0.47156
vt 0.23593 0.47396
vt 0.21211 0.51396
vt 0.21373 0.5171
vt 0.20953 0.5171
vt 0.21937 0.5191
vt 0.22087 0.52181
vt 0.21807 0.52182
vt 0.23053 0.47901
vt 0.23414 0.47645
vt 0.23488 0.47793
vt 0.25236 0.47326
vt 0.25025 0.4742
vt 0.24982 0.47203
vt 0.20953 0.52121
vt 0.20883 0.52364
vt 0.20672 0.52204
vt 0.21373 0.5171
vt 0.21654 0.51928
vt 0.21374 0.52117
vt 0.24023 0.46908
vt 0.24035 0.47059
vt 0.23893 0.47013
vt 0.23893 0.47013
vt 0.23781 0.46913
vt 0.24023 0.46908
vt 0.26314 0.49942
vt 0.26584 0.4955
vt 0.26653 0.49954
vt 0.27187 0.50513
vt 0.26983 0.49993
vt 0.27374 0.50068
vt 0.26496 0.50367
vt 0.26314 0.49942
vt 0.26653 0.49954
vt 0.21133 0.51899
vt 0.21373 0.5171
vt 0.21374 0.52117
vt 0.27093 0.49599
vt 0.26983 0.49993
vt 0.26761 0.49705
vt 0.26761 0.49705
vt 0.26653 0.49954
vt 0.26584 0.4955
vt 0.26983 0.49993
vt 0.27093 0.49599
vt 0.27374 0.50068
vt 0.21502 0.51391
vt 0.21373 0.5171
vt 0.21211 0.51396
vt 0.24213 0.47455
vt 0.24556 0.47469
vt 0.2424 0.4762
vt 0.26811 0.50237
vt 0.26496 0.50367
vt 0.26653 0.49954
vt 0.24733 0.47123
vt 0.24443 0.47151
vt 0.24518 0.47023
vt 0.26983 0.49993
vt 0.26653 0.49954
vt 0.26761 0.49705
vt 0.26653 0.49954
vt 0.26983 0.49993
vt 0.26811 0.50237
vt 0.27374 0.50068
vt 0.27597 0.49845
vt 0.27674 0.50108
vt 0.27613 0.50716
vt 0.2779 0.50388
vt 0.28357 0.50955
vt 0.27374 0.50068
vt 0.27093 0.49599
vt 0.27597 0.49845
vt 0.28357 0.50955
vt 0.27774 0.51017
vt 0.27613 0.50716
vt 0.26983 0.49993
vt 0.27187 0.50513
vt 0.26811 0.50237
vt 0.27541 0.5038
vt 0.27374 0.50068
vt 0.2779 0.50388
vt 0.27187 0.50513
vt 0.27374 0.50068
vt 0.27541 0.5038
vt 0.24838 0.47399
vt 0.25025 0.4742
vt 0.24958 0.47632
vt 0.28357 0.50955
vt 0.2824 0.51437
vt 0.27916 0.51456
vt 0.27502 0.49511
vt 0.27839 0.49678
vt 0.27597 0.49845
vt 0.27502 0.49511
vt 0.27597 0.49845
vt 0.27093 0.49599
vt 0.2779 0.50388
vt 0.27374 0.50068
vt 0.27674 0.50108
vt 0.27187 0.50513
vt 0.26739 0.50632
vt 0.26811 0.50237
vt 0.27613 0.50716
vt 0.27404 0.51188
vt 0.27187 0.50513
vt 0.28357 0.50955
vt 0.27916 0.51456
vt 0.27774 0.51017
vt 0.23781 0.46913
vt 0.23605 0.46851
vt 0.24001 0.46731
vt 0.27541 0.5038
vt 0.2779 0.50388
vt 0.27613 0.50716
vt 0.28165 0.50176
vt 0.27597 0.49845
vt 0.27839 0.49678
vt 0.27613 0.50716
vt 0.27187 0.50513
vt 0.27541 0.5038
vt 0.28165 0.50176
vt 0.2779 0.50388
vt 0.27674 0.50108
vt 0.2384 0.47165
vt 0.23667 0.47156
vt 0.23809 0.47083
vt 0.27597 0.49845
vt 0.28165 0.50176
vt 0.27674 0.50108
vt 0.27187 0.50513
vt 0.26852 0.51095
vt 0.26739 0.50632
vt 0.27187 0.50513
vt 0.27404 0.51188
vt 0.26852 0.51095
vt 0.28165 0.50176
vt 0.28357 0.50955
vt 0.2779 0.50388
vt 0.27613 0.50716
vt 0.27774 0.51017
vt 0.27404 0.51188
vt 0.23637 0.47031
vt 0.23781 0.46913
vt 0.23769 0.47024
vt 0.27916 0.51456
vt 0.27404 0.51188
vt 0.27774 0.51017
vt 0.27404 0.51188
vt 0.27916 0.51456
vt 0.27496 0.51745
vt 0.23637 0.47031
vt 0.23769 0.47024
vt 0.23667 0.47156
vt 0.2333 0.47972
vt 0.23053 0.47901
vt 0.23488 0.47793
vt 0.24242 0.46873
vt 0.24466 0.4689
vt 0.24349 0.46996
vt 0.2397 0.46513
vt 0.24341 0.46524
vt 0.24001 0.46731
vt 0.22195 0.47419
vt 0.22351 0.47256
vt 0.22483 0.47388
vt 0.23907 0.47831
vt 0.24543 0.47722
vt 0.24514 0.47964
vt 0.23809 0.47083
vt 0.23893 0.47013
vt 0.2384 0.47165
vt 0.24982 0.47203
vt 0.25103 0.47052
vt 0.25191 0.4717
vt 0.24213 0.47455
vt 0.2402 0.47306
vt 0.24316 0.47299
vt 0.2274 0.4721
vt 0.22989 0.47174
vt 0.22926 0.47384
vt 0.23907 0.47831
vt 0.24026 0.47546
vt 0.2424 0.4762
vt 0.22989 0.47174
vt 0.23184 0.47191
vt 0.22926 0.47384
vt 0.24818 0.53208
vt 0.24694 0.53343
vt 0.24559 0.53158
vt 0.22839 0.47081
vt 0.22989 0.47174
vt 0.2274 0.4721
vt 0.24242 0.46873
vt 0.24023 0.46908
vt 0.24001 0.46731
vt 0.24736 0.46591
vt 0.24341 0.46524
vt 0.24707 0.46304
vt 0.2354 0.46679
vt 0.23605 0.46851
vt 0.23358 0.46888
vt 0.24245 0.53182
vt 0.24694 0.53343
vt 0.24347 0.53523
vt 0.23741 0.47597
vt 0.23907 0.47831
vt 0.23488 0.47793
vt 0.23593 0.47396
vt 0.23104 0.47631
vt 0.23285 0.47335
vt 0.23907 0.47831
vt 0.23741 0.47597
vt 0.24026 0.47546
vt 0.23184 0.47191
vt 0.23431 0.47017
vt 0.23428 0.47162
vt 0.23781 0.46913
vt 0.23637 0.47031
vt 0.23431 0.47017
vt 0.23431 0.47017
vt 0.23637 0.47031
vt 0.23428 0.47162
vt 0.24213 0.47455
vt 0.2424 0.4762
vt 0.24026 0.47546
vt 0.24001 0.46731
vt 0.24378 0.4673
vt 0.24242 0.46873
vt 0.24316 0.47299
vt 0.2422 0.47125
vt 0.24443 0.47151
vt 0.22839 0.47081
vt 0.22659 0.47051
vt 0.22845 0.46895
vt 0.23593 0.47396
vt 0.23667 0.47156
vt 0.2384 0.47165
vt 0.2424 0.4762
vt 0.24543 0.47722
vt 0.23907 0.47831
vt 0.24242 0.46873
vt 0.24378 0.4673
vt 0.24466 0.4689
vt 0.24159 0.46982
vt 0.24035 0.47059
vt 0.24023 0.46908
vt 0.24694 0.53343
vt 0.2498 0.53592
vt 0.24347 0.53523
vt 0.24543 0.47722
vt 0.2424 0.4762
vt 0.24556 0.47469
vt 0.24023 0.46908
vt 0.23781 0.46913
vt 0.24001 0.46731
vt 0.24001 0.46731
vt 0.24341 0.46524
vt 0.24378 0.4673
vt 0.24694 0.53343
vt 0.24245 0.53182
vt 0.24559 0.53158
vt 0.27097 0.46964
vt 0.27009 0.47023
vt 0.2703 0.46875
vt 0.26937 0.46673
vt 0.2727 0.46723
vt 0.2703 0.46875
vt 0.26872 0.46974
vt 0.26781 0.46856
vt 0.2703 0.46875
vt 0.24716 0.46783
vt 0.24736 0.46591
vt 0.25152 0.46742
vt 0.22191 0.46889
vt 0.22286 0.47023
vt 0.22031 0.47073
vt 0.23741 0.47597
vt 0.23414 0.47645
vt 0.23593 0.47396
vt 0.24341 0.46524
vt 0.24736 0.46591
vt 0.24378 0.4673
vt 0.2498 0.53592
vt 0.24694 0.53343
vt 0.25143 0.5331
vt 0.25313 0.47054
vt 0.25271 0.46948
vt 0.25507 0.46902
vt 0.24151 0.45714
vt 0.24643 0.45899
vt 0.24194 0.46247
vt 0.24518 0.47023
vt 0.24349 0.46996
vt 0.24466 0.4689
vt 0.23612 0.46439
vt 0.23492 0.46066
vt 0.24194 0.46247
vt 0.26937 0.46673
vt 0.26652 0.46762
vt 0.26722 0.46561
vt 0.24707 0.46304
vt 0.24643 0.45899
vt 0.25259 0.46047
vt 0.24643 0.45899
vt 0.24707 0.46304
vt 0.24194 0.46247
vt 0.25682 0.46293
vt 0.25182 0.46459
vt 0.25259 0.46047
vt 0.25181 0.46904
vt 0.25103 0.47052
vt 0.24936 0.46894
vt 0.27009 0.47023
vt 0.26879 0.4709
vt 0.26872 0.46974
vt 0.2703 0.46875
vt 0.27009 0.47023
vt 0.26872 0.46974
vt 0.24378 0.4673
vt 0.24716 0.46783
vt 0.24466 0.4689
vt 0.26533 0.47159
vt 0.26517 0.47265
vt 0.26381 0.47298
vt 0.25017 0.47915
vt 0.24958 0.47632
vt 0.25322 0.4781
vt 0.25182 0.46459
vt 0.25682 0.46293
vt 0.2557 0.46632
vt 0.25674 0.4716
vt 0.2549 0.47106
vt 0.25656 0.47004
vt 0.2397 0.46513
vt 0.23612 0.46439
vt 0.24194 0.46247
vt 0.24643 0.47287
vt 0.24733 0.47123
vt 0.24843 0.47257
vt 0.26533 0.47159
vt 0.26647 0.47019
vt 0.26701 0.47167
vt 0.2557 0.46632
vt 0.25946 0.46512
vt 0.25722 0.4676
vt 0.25991 0.46714
vt 0.25946 0.46512
vt 0.26279 0.46661
vt 0.24843 0.47257
vt 0.24982 0.47203
vt 0.25025 0.4742
vt 0.25977 0.47004
vt 0.26009 0.46877
vt 0.26031 0.47014
vt 0.24341 0.46524
vt 0.24194 0.46247
vt 0.24707 0.46304
vt 0.26701 0.47167
vt 0.26808 0.47422
vt 0.26517 0.47265
vt 0.25259 0.46047
vt 0.25182 0.46459
vt 0.24707 0.46304
vt 0.25946 0.46512
vt 0.2557 0.46632
vt 0.25682 0.46293
vt 0.24194 0.46247
vt 0.24341 0.46524
vt 0.2397 0.46513
vt 0.23612 0.46439
vt 0.2397 0.46513
vt 0.2354 0.46679
vt 0.24556 0.47469
vt 0.24316 0.47299
vt 0.24643 0.47287
vt 0.24843 0.47257
vt 0.24838 0.47399
vt 0.24643 0.47287
vt 0.24559 0.53158
vt 0.24918 0.53038
vt 0.24818 0.53208
vt 0.24334 0.53053
vt 0.24559 0.53158
vt 0.24245 0.53182
vt 0.24694 0.53343
vt 0.24818 0.53208
vt 0.25143 0.5331
vt 0.27035 0.47138
vt 0.26701 0.47167
vt 0.26879 0.4709
vt 0.2648 0.46648
vt 0.26652 0.46762
vt 0.26414 0.46784
vt 0.24434 0.52934
vt 0.24201 0.527
vt 0.24686 0.52608
vt 0.24334 0.53053
vt 0.24434 0.52934
vt 0.24559 0.53158
vt 0.24245 0.53182
vt 0.24347 0.53523
vt 0.23899 0.53187
vt 0.26937 0.46673
vt 0.27499 0.46507
vt 0.2727 0.46723
vt 0.26701 0.47167
vt 0.27035 0.47138
vt 0.27137 0.47312
vt 0.27839 0.49678
vt 0.27502 0.49511
vt 0.27781 0.4926
vt 0.25487 0.48617
vt 0.25892 0.48815
vt 0.25587 0.48842
vt 0.25136 0.50673
vt 0.25163 0.50176
vt 0.25467 0.50549
vt 0.2704 0.48729
vt 0.26676 0.48885
vt 0.26748 0.48631
vt 0.2704 0.48729
vt 0.27282 0.488
vt 0.2719 0.48993
vt 0.26009 0.46877
vt 0.25977 0.47004
vt 0.25837 0.47011
vt 0.25868 0.47764
vt 0.26053 0.47945
vt 0.25643 0.48047
vt 0.25587 0.48842
vt 0.25895 0.49133
vt 0.25586 0.49138
vt 0.2704 0.48729
vt 0.2719 0.48993
vt 0.26956 0.49012
vt 0.25785 0.48447
vt 0.26103 0.48639
vt 0.25892 0.48815
vt 0.26053 0.47945
vt 0.26358 0.47965
vt 0.26054 0.4818
vt 0.26676 0.48885
vt 0.2704 0.48729
vt 0.26956 0.49012
vt 0.25163 0.50176
vt 0.25136 0.50673
vt 0.24777 0.50395
vt 0.25292 0.49073
vt 0.25429 0.49341
vt 0.25185 0.4929
vt 0.26286 0.48873
vt 0.2645 0.48581
vt 0.26676 0.48885
vt 0.27839 0.49678
vt 0.27781 0.4926
vt 0.28114 0.49473
vt 0.27534 0.4867
vt 0.27613 0.48421
vt 0.27821 0.48597
vt 0.25586 0.49138
vt 0.25337 0.48816
vt 0.25587 0.48842
vt 0.26552 0.47806
vt 0.26358 0.47965
vt 0.26237 0.47745
vt 0.26748 0.48631
vt 0.26676 0.48885
vt 0.2645 0.48581
vt 0.25487 0.48617
vt 0.25385 0.48394
vt 0.25785 0.48447
vt 0.2619 0.49644
vt 0.26353 0.49611
vt 0.26314 0.49942
vt 0.27295 0.48676
vt 0.2704 0.48729
vt 0.2728 0.48525
vt 0.25892 0.48815
vt 0.25895 0.49133
vt 0.25587 0.48842
vt 0.26796 0.49243
vt 0.26584 0.4955
vt 0.26468 0.49183
vt 0.27534 0.4867
vt 0.2728 0.48525
vt 0.27613 0.48421
vt 0.26796 0.49243
vt 0.26468 0.49183
vt 0.26676 0.48885
vt 0.26103 0.48639
vt 0.26144 0.48415
vt 0.2645 0.48581
vt 0.2615 0.49078
vt 0.25892 0.48815
vt 0.26286 0.48873
vt 0.26202 0.47018
vt 0.26179 0.47187
vt 0.2604 0.47102
vt 0.25385 0.48394
vt 0.25184 0.48219
vt 0.2554 0.48288
vt 0.26431 0.48251
vt 0.26144 0.48415
vt 0.26054 0.4818
vt 0.27502 0.49511
vt 0.27093 0.49599
vt 0.27321 0.49262
vt 0.26204 0.49384
vt 0.26468 0.49183
vt 0.26584 0.4955
vt 0.25643 0.48047
vt 0.25785 0.48447
vt 0.2554 0.48288
vt 0.2619 0.49644
vt 0.25901 0.49448
vt 0.26204 0.49384
vt 0.25879 0.47118
vt 0.26031 0.47014
vt 0.25968 0.47115
vt 0.24434 0.52934
vt 0.24686 0.52608
vt 0.24918 0.53038
vt 0.26054 0.4818
vt 0.25643 0.48047
vt 0.26053 0.47945
vt 0.24918 0.53038
vt 0.25143 0.5331
vt 0.24818 0.53208
vt 0.26103 0.48639
vt 0.25785 0.48447
vt 0.26144 0.48415
vt 0.25512 0.47338
vt 0.25332 0.47566
vt 0.25236 0.47326
vt 0.26796 0.49243
vt 0.26676 0.48885
vt 0.26956 0.49012
vt 0.25185 0.4929
vt 0.24968 0.49111
vt 0.25292 0.49073
vt 0.26286 0.48873
vt 0.25892 0.48815
vt 0.26103 0.48639
vt 0.26797 0.47726
vt 0.26552 0.47806
vt 0.26456 0.47546
vt 0.26796 0.49243
vt 0.27093 0.49599
vt 0.26584 0.4955
vt 0.25586 0.49138
vt 0.25895 0.49133
vt 0.25901 0.49448
vt 0.26796 0.49243
vt 0.26956 0.49012
vt 0.2704 0.49238
vt 0.26204 0.49384
vt 0.26584 0.4955
vt 0.26353 0.49611
vt 0.26353 0.49611
vt 0.2619 0.49644
vt 0.26204 0.49384
vt 0.25785 0.48447
vt 0.26054 0.4818
vt 0.26144 0.48415
vt 0.26796 0.49243
vt 0.2704 0.49238
vt 0.27093 0.49599
vt 0.25487 0.48617
vt 0.25587 0.48842
vt 0.25337 0.48816
vt 0.25892 0.48815
vt 0.25487 0.48617
vt 0.25785 0.48447
vt 0.26456 0.47546
vt 0.26192 0.4738
vt 0.26381 0.47298
vt 0.26797 0.47726
vt 0.27228 0.47721
vt 0.27019 0.47915
vt 0.24757 0.5006
vt 0.24962 0.49765
vt 0.25163 0.50176
vt 0.26761 0.49705
vt 0.26584 0.4955
vt 0.27093 0.49599
vt 0.25895 0.49133
vt 0.2615 0.49078
vt 0.26204 0.49384
vt 0.2645 0.48581
vt 0.26144 0.48415
vt 0.26431 0.48251
vt 0.24434 0.52934
vt 0.24918 0.53038
vt 0.24559 0.53158
vt 0.2615 0.49078
vt 0.26286 0.48873
vt 0.26468 0.49183
vt 0.2704 0.49238
vt 0.26956 0.49012
vt 0.2719 0.48993
vt 0.25017 0.47915
vt 0.25322 0.4781
vt 0.25643 0.48047
vt 0.25901 0.49448
vt 0.2619 0.49644
vt 0.25991 0.49786
vt 0.26204 0.49384
vt 0.25901 0.49448
vt 0.25895 0.49133
vt 0.25385 0.48394
vt 0.25487 0.48617
vt 0.25051 0.48587
vt 0.25337 0.48816
vt 0.25051 0.48587
vt 0.25487 0.48617
vt 0.25152 0.46742
vt 0.24936 0.46894
vt 0.24716 0.46783
vt 0.25643 0.48047
vt 0.25184 0.48219
vt 0.25017 0.47915
vt 0.24734 0.46944
vt 0.24518 0.47023
vt 0.24466 0.4689
vt 0.25103 0.47052
vt 0.25181 0.46904
vt 0.25271 0.46948
vt 0.27321 0.49262
vt 0.2704 0.49238
vt 0.2719 0.48993
vt 0.27496 0.48979
vt 0.27321 0.49262
vt 0.2719 0.48993
vt 0.23899 0.53187
vt 0.23921 0.52997
vt 0.24245 0.53182
vt 0.25595 0.50128
vt 0.25467 0.50549
vt 0.25163 0.50176
vt 0.27781 0.4926
vt 0.27502 0.49511
vt 0.27321 0.49262
vt 0.2615 0.49078
vt 0.26468 0.49183
vt 0.26204 0.49384
vt 0.2704 0.48729
vt 0.26748 0.48631
vt 0.26853 0.48379
vt 0.25184 0.48219
vt 0.25385 0.48394
vt 0.25051 0.48587
vt 0.26431 0.48251
vt 0.26737 0.47997
vt 0.26853 0.48379
vt 0.25292 0.49073
vt 0.24968 0.49111
vt 0.25039 0.48864
vt 0.25643 0.48047
vt 0.26054 0.4818
vt 0.25785 0.48447
vt 0.2554 0.48288
vt 0.25785 0.48447
vt 0.25385 0.48394
vt 0.27496 0.48979
vt 0.27282 0.488
vt 0.27534 0.4867
vt 0.25051 0.48587
vt 0.25337 0.48816
vt 0.25039 0.48864
vt 0.25337 0.48816
vt 0.25586 0.49138
vt 0.25292 0.49073
vt 0.26314 0.49942
vt 0.26353 0.49611
vt 0.26584 0.4955
vt 0.25986 0.47502
vt 0.2569 0.47568
vt 0.25792 0.47336
vt 0.25677 0.49529
vt 0.25901 0.49448
vt 0.25991 0.49786
vt 0.2593 0.53819
vt 0.25334 0.5385
vt 0.25687 0.53492
vt 0.2498 0.53592
vt 0.25143 0.5331
vt 0.25687 0.53492
vt 0.25677 0.49529
vt 0.25586 0.49138
vt 0.25901 0.49448
vt 0.27175 0.5574
vt 0.27374 0.55689
vt 0.27208 0.55882
vt 0.27267 0.55251
vt 0.27999 0.55503
vt 0.27468 0.5552
vt 0.26286 0.48873
vt 0.26103 0.48639
vt 0.2645 0.48581
vt 0.27267 0.55251
vt 0.2699 0.55557
vt 0.26606 0.55347
vt 0.27321 0.49262
vt 0.27093 0.49599
vt 0.2704 0.49238
vt 0.25797 0.56179
vt 0.25925 0.56063
vt 0.25883 0.56328
vt 0.25133 0.54369
vt 0.25628 0.54573
vt 0.25049 0.54728
vt 0.26856 0.55012
vt 0.26325 0.54997
vt 0.26381 0.54669
vt 0.2538 0.5306
vt 0.25762 0.53162
vt 0.25143 0.5331
vt 0.2704 0.48729
vt 0.26853 0.48379
vt 0.2728 0.48525
vt 0.25619 0.54116
vt 0.25628 0.54573
vt 0.25133 0.54369
vt 0.25334 0.5385
vt 0.2593 0.53819
vt 0.25589 0.5395
vt 0.26237 0.47745
vt 0.26358 0.47965
vt 0.26053 0.47945
vt 0.24674 0.53874
vt 0.25334 0.5385
vt 0.25049 0.54098
vt 0.25307 0.49843
vt 0.25595 0.50128
vt 0.25163 0.50176
vt 0.27466 0.5384
vt 0.26953 0.53609
vt 0.27408 0.5358
vt 0.26358 0.47965
vt 0.26431 0.48251
vt 0.26054 0.4818
vt 0.25507 0.5291
vt 0.25202 0.52814
vt 0.25732 0.52702
vt 0.27614 0.54332
vt 0.27826 0.5464
vt 0.27665 0.54634
vt 0.26737 0.47997
vt 0.26431 0.48251
vt 0.26358 0.47965
vt 0.25292 0.49073
vt 0.25039 0.48864
vt 0.25337 0.48816
vt 0.25586 0.49138
vt 0.25429 0.49341
vt 0.25292 0.49073
vt 0.2593 0.53819
vt 0.25687 0.53492
vt 0.26342 0.53563
vt 0.26019 0.56122
vt 0.26172 0.56273
vt 0.25883 0.56328
vt 0.25991 0.49786
vt 0.25768 0.4983
vt 0.25677 0.49529
vt 0.25895 0.49133
vt 0.25892 0.48815
vt 0.2615 0.49078
vt 0.24347 0.53523
vt 0.24674 0.53874
vt 0.24348 0.53745
vt 0.2645 0.48581
vt 0.26853 0.48379
vt 0.26748 0.48631
vt 0.25429 0.49341
vt 0.25586 0.49138
vt 0.25677 0.49529
vt 0.27665 0.54634
vt 0.27522 0.54819
vt 0.27317 0.54589
vt 0.25619 0.54116
vt 0.26263 0.54297
vt 0.25628 0.54573
vt 0.25815 0.54942
vt 0.25628 0.54573
vt 0.26381 0.54669
vt 0.2704 0.48729
vt 0.27295 0.48676
vt 0.27282 0.488
vt 0.2593 0.53819
vt 0.25619 0.54116
vt 0.25589 0.5395
vt 0.27496 0.48979
vt 0.2719 0.48993
vt 0.27282 0.488
vt 0.27408 0.5358
vt 0.26953 0.53609
vt 0.27064 0.534
vt 0.26219 0.55528
vt 0.26109 0.55738
vt 0.25932 0.55596
vt 0.27352 0.48226
vt 0.2728 0.48525
vt 0.26853 0.48379
vt 0.2554 0.48288
vt 0.25184 0.48219
vt 0.25643 0.48047
vt 0.27321 0.49262
vt 0.27496 0.48979
vt 0.27781 0.4926
vt 0.27887 0.48798
vt 0.27496 0.48979
vt 0.27534 0.4867
vt 0.27208 0.55882
vt 0.27122 0.55999
vt 0.27018 0.55786
vt 0.26853 0.48379
vt 0.26737 0.47997
vt 0.27059 0.48114
vt 0.27534 0.4867
vt 0.27282 0.488
vt 0.27295 0.48676
vt 0.26256 0.53304
vt 0.25687 0.53492
vt 0.25762 0.53162
vt 0.26342 0.53563
vt 0.26953 0.53609
vt 0.26757 0.53832
vt 0.24347 0.53523
vt 0.2498 0.53592
vt 0.24674 0.53874
vt 0.27018 0.55786
vt 0.26756 0.55624
vt 0.2699 0.55557
vt 0.25334 0.5385
vt 0.25619 0.54116
vt 0.25049 0.54098
vt 0.26245 0.54028
vt 0.2593 0.53819
vt 0.26757 0.53832
vt 0.24348 0.53745
vt 0.24674 0.53874
vt 0.24047 0.53945
vt 0.26131 0.55934
vt 0.25982 0.55861
vt 0.26109 0.55738
vt 0.26631 0.5602
vt 0.26486 0.56033
vt 0.26515 0.55735
vt 0.26797 0.47726
vt 0.26737 0.47997
vt 0.26552 0.47806
vt 0.26431 0.48251
vt 0.26853 0.48379
vt 0.2645 0.48581
vt 0.26759 0.53399
vt 0.26953 0.53609
vt 0.26342 0.53563
vt 0.25914 0.52903
vt 0.25762 0.53162
vt 0.2538 0.5306
vt 0.26358 0.47965
vt 0.26552 0.47806
vt 0.26737 0.47997
vt 0.27534 0.4867
vt 0.27295 0.48676
vt 0.2728 0.48525
vt 0.27333 0.5435
vt 0.27361 0.54062
vt 0.27614 0.54332
vt 0.26737 0.47997
vt 0.26797 0.47726
vt 0.27019 0.47915
vt 0.27352 0.48226
vt 0.26853 0.48379
vt 0.27059 0.48114
vt 0.26342 0.53563
vt 0.25687 0.53492
vt 0.26256 0.53304
vt 0.25612 0.47776
vt 0.25868 0.47764
vt 0.25643 0.48047
vt 0.25143 0.5331
vt 0.25762 0.53162
vt 0.25687 0.53492
vt 0.26286 0.48873
vt 0.26676 0.48885
vt 0.26468 0.49183
vt 0.25507 0.5291
vt 0.25914 0.52903
vt 0.2538 0.5306
vt 0.26381 0.54669
vt 0.27039 0.54704
vt 0.26856 0.55012
vt 0.27059 0.48114
vt 0.26737 0.47997
vt 0.27019 0.47915
vt 0.27781 0.4926
vt 0.27496 0.48979
vt 0.27887 0.48798
vt 0.26237 0.47745
vt 0.26053 0.47945
vt 0.25868 0.47764
vt 0.25643 0.48047
vt 0.25322 0.4781
vt 0.25612 0.47776
vt 0.20397 0.52325
vt 0.20585 0.52344
vt 0.20516 0.52499
vt 0.25762 0.53162
vt 0.26304 0.53039
vt 0.26256 0.53304
vt 0.2496 0.49419
vt 0.24968 0.49111
vt 0.25185 0.4929
vt 0.25334 0.5385
vt 0.24674 0.53874
vt 0.2498 0.53592
vt 0.24726 0.50838
vt 0.25136 0.50673
vt 0.2508 0.51164
vt 0.25202 0.52814
vt 0.2538 0.5306
vt 0.24918 0.53038
vt 0.25049 0.54098
vt 0.25619 0.54116
vt 0.25133 0.54369
vt 0.27352 0.48226
vt 0.27059 0.48114
vt 0.273 0.48002
vt 0.25202 0.52814
vt 0.25507 0.5291
vt 0.2538 0.5306
vt 0.27267 0.55251
vt 0.27468 0.5552
vt 0.27323 0.55527
vt 0.27019 0.47915
vt 0.273 0.48002
vt 0.27059 0.48114
vt 0.27333 0.5435
vt 0.26896 0.54434
vt 0.26828 0.54144
vt 0.27887 0.48798
vt 0.27534 0.4867
vt 0.27821 0.48597
vt 0.27119 0.56295
vt 0.26839 0.56058
vt 0.26947 0.56017
vt 0.25619 0.54116
vt 0.25334 0.5385
vt 0.25589 0.5395
vt 0.25914 0.52903
vt 0.25507 0.5291
vt 0.25732 0.52702
vt 0.25914 0.52903
vt 0.26304 0.53039
vt 0.25762 0.53162
vt 0.27613 0.48421
vt 0.2728 0.48525
vt 0.27352 0.48226
vt 0.2496 0.49419
vt 0.25185 0.4929
vt 0.25266 0.49544
vt 0.20521 0.52097
vt 0.20585 0.52344
vt 0.20397 0.52325
vt 0.25266 0.49544
vt 0.24962 0.49765
vt 0.2496 0.49419
vt 0.2496 0.49419
vt 0.24962 0.49765
vt 0.24668 0.49552
vt 0.26757 0.53832
vt 0.2593 0.53819
vt 0.26342 0.53563
vt 0.25163 0.50176
vt 0.24777 0.50395
vt 0.24757 0.5006
vt 0.24777 0.50395
vt 0.25136 0.50673
vt 0.24726 0.50838
vt 0.25722 0.4676
vt 0.25991 0.46714
vt 0.25799 0.46863
vt 0.27267 0.55251
vt 0.27285 0.54948
vt 0.2777 0.55133
vt 0.27317 0.54589
vt 0.27039 0.54704
vt 0.26896 0.54434
vt 0.2538 0.5306
vt 0.25143 0.5331
vt 0.24918 0.53038
vt 0.27522 0.54819
vt 0.27039 0.54704
vt 0.27317 0.54589
vt 0.26519 0.469
vt 0.26376 0.46935
vt 0.26414 0.46784
vt 0.26381 0.47298
vt 0.26808 0.47422
vt 0.26456 0.47546
vt 0.20521 0.52097
vt 0.20363 0.52139
vt 0.20505 0.51972
vt 0.27064 0.534
vt 0.26953 0.53609
vt 0.26759 0.53399
vt 0.27285 0.54948
vt 0.27039 0.54704
vt 0.27522 0.54819
vt 0.2703 0.46875
vt 0.2727 0.46723
vt 0.27341 0.4688
vt 0.26757 0.53832
vt 0.26953 0.53609
vt 0.27466 0.5384
vt 0.20363 0.52139
vt 0.20521 0.52097
vt 0.20397 0.52325
vt 0.26896 0.54434
vt 0.26263 0.54297
vt 0.26828 0.54144
vt 0.25334 0.5385
vt 0.2498 0.53592
vt 0.25687 0.53492
vt 0.25374 0.55078
vt 0.25628 0.54573
vt 0.25815 0.54942
vt 0.26268 0.56066
vt 0.26399 0.56274
vt 0.26172 0.56273
vt 0.25642 0.55339
vt 0.25374 0.55078
vt 0.25815 0.54942
vt 0.27466 0.5384
vt 0.27361 0.54062
vt 0.26757 0.53832
vt 0.26728 0.46995
vt 0.26647 0.47019
vt 0.26687 0.46909
vt 0.26828 0.54144
vt 0.27361 0.54062
vt 0.27333 0.5435
vt 0.26896 0.54434
vt 0.26381 0.54669
vt 0.26263 0.54297
vt 0.26787 0.56225
vt 0.26631 0.5602
vt 0.26839 0.56058
vt 0.20472 0.51879
vt 0.20644 0.5186
vt 0.20505 0.51972
vt 0.26381 0.54669
vt 0.26896 0.54434
vt 0.27039 0.54704
vt 0.27317 0.54589
vt 0.26896 0.54434
vt 0.27333 0.5435
vt 0.25507 0.46902
vt 0.25722 0.4676
vt 0.25799 0.46863
vt 0.25642 0.55339
vt 0.25815 0.54942
vt 0.25954 0.55268
vt 0.25954 0.55268
vt 0.25815 0.54942
vt 0.26325 0.54997
vt 0.26808 0.47422
vt 0.27137 0.47312
vt 0.27169 0.47493
vt 0.27285 0.54948
vt 0.27267 0.55251
vt 0.26856 0.55012
vt 0.20672 0.52204
vt 0.20883 0.52364
vt 0.20585 0.52344
vt 0.26856 0.55012
vt 0.27267 0.55251
vt 0.26606 0.55347
vt 0.27035 0.47138
vt 0.27279 0.47041
vt 0.27371 0.47195
vt 0.26701 0.47167
vt 0.26728 0.46995
vt 0.26796 0.47066
vt 0.27361 0.54062
vt 0.26828 0.54144
vt 0.26757 0.53832
vt 0.26652 0.46762
vt 0.2648 0.46648
vt 0.26722 0.46561
vt 0.25017 0.47915
vt 0.24543 0.47722
vt 0.24958 0.47632
vt 0.20585 0.52344
vt 0.20521 0.52097
vt 0.20672 0.52204
vt 0.27317 0.54589
vt 0.27333 0.5435
vt 0.27665 0.54634
vt 0.20644 0.5186
vt 0.20521 0.52097
vt 0.20505 0.51972
vt 0.25982 0.55861
vt 0.25802 0.55959
vt 0.25805 0.55762
vt 0.20585 0.52344
vt 0.20883 0.52364
vt 0.20516 0.52499
vt 0.27614 0.54332
vt 0.27665 0.54634
vt 0.27333 0.5435
vt 0.20521 0.52097
vt 0.2069 0.52063
vt 0.20672 0.52204
vt 0.26828 0.54144
vt 0.26263 0.54297
vt 0.26245 0.54028
vt 0.25932 0.55596
vt 0.25954 0.55268
vt 0.26219 0.55528
vt 0.26342 0.53563
vt 0.26256 0.53304
vt 0.26759 0.53399
vt 0.26109 0.55738
vt 0.26219 0.55528
vt 0.26299 0.55851
vt 0.26325 0.54997
vt 0.26856 0.55012
vt 0.26606 0.55347
vt 0.25471 0.55604
vt 0.25932 0.55596
vt 0.25805 0.55762
vt 0.27175 0.5574
vt 0.27087 0.55655
vt 0.27323 0.55527
vt 0.20521 0.52097
vt 0.20644 0.5186
vt 0.2069 0.52063
vt 0.25815 0.54942
vt 0.26381 0.54669
vt 0.26325 0.54997
vt 0.26325 0.54997
vt 0.26606 0.55347
vt 0.25954 0.55268
vt 0.27522 0.54819
vt 0.27665 0.54634
vt 0.27802 0.54993
vt 0.25982 0.55861
vt 0.25805 0.55762
vt 0.25932 0.55596
vt 0.26131 0.55934
vt 0.26268 0.56066
vt 0.26019 0.56122
vt 0.27522 0.54819
vt 0.2777 0.55133
vt 0.27285 0.54948
vt 0.26606 0.55347
vt 0.26219 0.55528
vt 0.25954 0.55268
vt 0.26263 0.54297
vt 0.25619 0.54116
vt 0.26245 0.54028
vt 0.25049 0.54098
vt 0.24401 0.54406
vt 0.24674 0.53874
vt 0.26279 0.46661
vt 0.26243 0.46826
vt 0.25991 0.46714
vt 0.26808 0.47422
vt 0.26381 0.47298
vt 0.26517 0.47265
vt 0.25932 0.55596
vt 0.25471 0.55604
vt 0.25642 0.55339
vt 0.26109 0.55738
vt 0.25982 0.55861
vt 0.25932 0.55596
vt 0.25619 0.54116
vt 0.2593 0.53819
vt 0.26245 0.54028
vt 0.26647 0.47019
vt 0.26488 0.47022
vt 0.26519 0.469
vt 0.26515 0.55735
vt 0.26219 0.55528
vt 0.26606 0.55347
vt 0.27665 0.54634
vt 0.2802 0.55139
vt 0.27802 0.54993
vt 0.2777 0.55133
vt 0.27522 0.54819
vt 0.27802 0.54993
vt 0.25447 0.45641
vt 0.25822 0.45723
vt 0.25259 0.46047
vt 0.26299 0.55851
vt 0.26219 0.55528
vt 0.26515 0.55735
vt 0.26245 0.54028
vt 0.26757 0.53832
vt 0.26828 0.54144
vt 0.27999 0.55503
vt 0.27267 0.55251
vt 0.2777 0.55133
vt 0.24401 0.54406
vt 0.24047 0.53945
vt 0.24674 0.53874
vt 0.26299 0.55851
vt 0.26131 0.55934
vt 0.26109 0.55738
vt 0.26756 0.55624
vt 0.26515 0.55735
vt 0.26606 0.55347
vt 0.27826 0.5464
vt 0.2802 0.55139
vt 0.27665 0.54634
vt 0.25837 0.47011
vt 0.25799 0.46863
vt 0.26009 0.46877
vt 0.25925 0.56063
vt 0.25802 0.55959
vt 0.25982 0.55861
vt 0.2699 0.55557
vt 0.26756 0.55624
vt 0.26606 0.55347
vt 0.2604 0.47102
vt 0.25968 0.47115
vt 0.26031 0.47014
vt 0.27323 0.55527
vt 0.27087 0.55655
vt 0.2699 0.55557
vt 0.25802 0.55959
vt 0.25925 0.56063
vt 0.25797 0.56179
vt 0.25982 0.55861
vt 0.26131 0.55934
vt 0.25925 0.56063
vt 0.25883 0.56328
vt 0.25629 0.56327
vt 0.25797 0.56179
vt 0.26268 0.56066
vt 0.26131 0.55934
vt 0.26299 0.55851
vt 0.25628 0.54573
vt 0.25374 0.55078
vt 0.25049 0.54728
vt 0.26686 0.45837
vt 0.27024 0.45593
vt 0.27052 0.46054
vt 0.26756 0.55624
vt 0.26769 0.55856
vt 0.26515 0.55735
vt 0.26515 0.55735
vt 0.26486 0.56033
vt 0.26299 0.55851
vt 0.24936 0.46894
vt 0.24878 0.47033
vt 0.24734 0.46944
vt 0.25925 0.56063
vt 0.26131 0.55934
vt 0.26019 0.56122
vt 0.25507 0.46902
vt 0.25799 0.46863
vt 0.25656 0.47004
vt 0.26631 0.5602
vt 0.26515 0.55735
vt 0.26769 0.55856
vt 0.26299 0.55851
vt 0.26486 0.56033
vt 0.26268 0.56066
vt 0.27087 0.55655
vt 0.27018 0.55786
vt 0.2699 0.55557
vt 0.27711 0.45735
vt 0.27052 0.46054
vt 0.27024 0.45593
vt 0.26019 0.56122
vt 0.25883 0.56328
vt 0.25925 0.56063
vt 0.26268 0.56066
vt 0.26172 0.56273
vt 0.26019 0.56122
vt 0.26366 0.471
vt 0.26533 0.47159
vt 0.26381 0.47298
vt 0.26486 0.56033
vt 0.26399 0.56274
vt 0.26268 0.56066
vt 0.25259 0.46047
vt 0.25077 0.45549
vt 0.25447 0.45641
vt 0.27018 0.55786
vt 0.27087 0.55655
vt 0.27175 0.5574
vt 0.26756 0.55624
vt 0.27018 0.55786
vt 0.26769 0.55856
vt 0.27323 0.55527
vt 0.27374 0.55689
vt 0.27175 0.5574
vt 0.26839 0.56058
vt 0.26631 0.5602
vt 0.26769 0.55856
vt 0.26486 0.56033
vt 0.26613 0.56244
vt 0.26399 0.56274
vt 0.25629 0.56327
vt 0.25883 0.56328
vt 0.25566 0.56511
vt 0.25077 0.45549
vt 0.25259 0.46047
vt 0.24643 0.45899
vt 0.25181 0.46904
vt 0.25152 0.46742
vt 0.25507 0.46902
vt 0.25792 0.47336
vt 0.25985 0.47238
vt 0.25986 0.47502
vt 0.26839 0.56058
vt 0.27119 0.56295
vt 0.26787 0.56225
vt 0.25628 0.54573
vt 0.26263 0.54297
vt 0.26381 0.54669
vt 0.26613 0.56244
vt 0.26631 0.5602
vt 0.26787 0.56225
vt 0.25986 0.47502
vt 0.25985 0.47238
vt 0.26192 0.4738
vt 0.26823 0.46072
vt 0.26686 0.45837
vt 0.27052 0.46054
vt 0.27175 0.5574
vt 0.27208 0.55882
vt 0.27018 0.55786
vt 0.26947 0.56017
vt 0.26839 0.56058
vt 0.26769 0.55856
vt 0.25202 0.52814
vt 0.25322 0.52494
vt 0.25732 0.52702
vt 0.24116 0.52606
vt 0.2421 0.52487
vt 0.24201 0.527
vt 0.27826 0.5464
vt 0.28069 0.54992
vt 0.2802 0.55139
vt 0.24686 0.52608
vt 0.25322 0.52494
vt 0.25202 0.52814
vt 0.27122 0.55999
vt 0.27292 0.56094
vt 0.27119 0.56295
vt 0.25322 0.52494
vt 0.24686 0.52608
vt 0.25004 0.52146
vt 0.25004 0.52146
vt 0.24686 0.52608
vt 0.24435 0.52128
vt 0.24918 0.53038
vt 0.24686 0.52608
vt 0.25202 0.52814
vt 0.2421 0.52487
vt 0.24435 0.52128
vt 0.24686 0.52608
vt 0.26769 0.55856
vt 0.27018 0.55786
vt 0.26947 0.56017
vt 0.2421 0.52487
vt 0.24686 0.52608
vt 0.24201 0.527
vt 0.27279 0.47041
vt 0.27009 0.47023
vt 0.27097 0.46964
vt 0.26031 0.47014
vt 0.25879 0.47118
vt 0.25977 0.47004
vt 0.28165 0.50176
vt 0.27839 0.49678
vt 0.28254 0.49722
vt 0.27018 0.55786
vt 0.27122 0.55999
vt 0.26947 0.56017
vt 0.27208 0.55882
vt 0.27292 0.56094
vt 0.27122 0.55999
vt 0.24685 0.51263
vt 0.24261 0.50941
vt 0.24726 0.50838
vt 0.24471 0.50538
vt 0.24261 0.50941
vt 0.24145 0.50422
vt 0.26947 0.56017
vt 0.27122 0.55999
vt 0.27119 0.56295
vt 0.28503 0.49356
vt 0.28254 0.49722
vt 0.28114 0.49473
vt 0.24685 0.51263
vt 0.2508 0.51164
vt 0.24943 0.51665
vt 0.24261 0.50941
vt 0.24471 0.50538
vt 0.24726 0.50838
vt 0.23744 0.5107
vt 0.24261 0.50941
vt 0.24096 0.51272
vt 0.24423 0.51586
vt 0.24261 0.50941
vt 0.24685 0.51263
vt 0.24726 0.50838
vt 0.2508 0.51164
vt 0.24685 0.51263
vt 0.25954 0.55268
vt 0.25932 0.55596
vt 0.25642 0.55339
vt 0.28762 0.4913
vt 0.2837 0.49023
vt 0.28916 0.48694
vt 0.24145 0.50422
vt 0.24261 0.50941
vt 0.23815 0.50629
vt 0.24261 0.50941
vt 0.24423 0.51586
vt 0.24096 0.51272
vt 0.27323 0.55527
vt 0.2699 0.55557
vt 0.27267 0.55251
vt 0.28658 0.48509
vt 0.28916 0.48694
vt 0.28337 0.4863
vt 0.26856 0.55012
vt 0.27039 0.54704
vt 0.27285 0.54948
vt 0.24423 0.51586
vt 0.24685 0.51263
vt 0.24943 0.51665
vt 0.24457 0.50188
vt 0.24471 0.50538
vt 0.24145 0.50422
vt 0.23496 0.50726
vt 0.23815 0.50629
vt 0.23744 0.5107
vt 0.23815 0.50629
vt 0.24261 0.50941
vt 0.23744 0.5107
vt 0.24145 0.50422
vt 0.23815 0.50629
vt 0.23791 0.50197
vt 0.23791 0.50197
vt 0.23815 0.50629
vt 0.23412 0.50472
vt 0.23412 0.50472
vt 0.23815 0.50629
vt 0.23496 0.50726
vt 0.27781 0.4926
vt 0.2837 0.49023
vt 0.28114 0.49473
vt 0.25152 0.46742
vt 0.24736 0.46591
vt 0.25182 0.46459
vt 0.2837 0.49023
vt 0.28337 0.4863
vt 0.28916 0.48694
vt 0.2396 0.52797
vt 0.24434 0.52934
vt 0.24334 0.53053
vt 0.24245 0.53182
vt 0.23921 0.52997
vt 0.2396 0.52797
vt 0.24334 0.53053
vt 0.24245 0.53182
vt 0.2396 0.52797
vt 0.28337 0.4863
vt 0.28045 0.48435
vt 0.28468 0.4837
vt 0.26631 0.5602
vt 0.26613 0.56244
vt 0.26486 0.56033
vt 0.2837 0.49023
vt 0.27781 0.4926
vt 0.27887 0.48798
vt 0.26519 0.469
vt 0.26414 0.46784
vt 0.26652 0.46762
vt 0.26872 0.46974
vt 0.26796 0.47066
vt 0.26728 0.46995
vt 0.28658 0.48509
vt 0.28337 0.4863
vt 0.28468 0.4837
vt 0.28762 0.4913
vt 0.28503 0.49356
vt 0.2837 0.49023
vt 0.28503 0.49356
vt 0.28762 0.4913
vt 0.28821 0.49466
vt 0.2837 0.49023
vt 0.28503 0.49356
vt 0.28114 0.49473
vt 0.28045 0.48435
vt 0.28337 0.4863
vt 0.27887 0.48798
vt 0.28045 0.48435
vt 0.27887 0.48798
vt 0.27821 0.48597
vt 0.28337 0.4863
vt 0.2837 0.49023
vt 0.27887 0.48798
vt 0.28665 0.50018
vt 0.28254 0.49722
vt 0.28503 0.49356
vt 0.28165 0.50176
vt 0.28254 0.49722
vt 0.28665 0.50018
vt 0.28665 0.50018
vt 0.28503 0.49356
vt 0.28821 0.49466
vt 0.27839 0.49678
vt 0.28114 0.49473
vt 0.28254 0.49722
vt 0.25868 0.47764
vt 0.2569 0.47568
vt 0.25986 0.47502
vt 0.26192 0.4738
vt 0.26456 0.47546
vt 0.25986 0.47502
vt 0.26701 0.47167
vt 0.27137 0.47312
vt 0.26808 0.47422
vt 0.26202 0.47018
vt 0.26366 0.471
vt 0.26179 0.47187
vt 0.24716 0.46783
vt 0.24734 0.46944
vt 0.24466 0.4689
vt 0.21187 0.52356
vt 0.21348 0.52432
vt 0.21205 0.52536
vt 0.21382 0.52603
vt 0.21522 0.52711
vt 0.21306 0.52769
vt 0.27341 0.4688
vt 0.27097 0.46964
vt 0.2703 0.46875
vt 0.21443 0.52858
vt 0.21729 0.52797
vt 0.21588 0.53001
vt 0.24734 0.46944
vt 0.24878 0.47033
vt 0.24733 0.47123
vt 0.2222 0.52481
vt 0.21913 0.52404
vt 0.22087 0.52181
vt 0.2222 0.52481
vt 0.22461 0.52683
vt 0.22215 0.52707
vt 0.21729 0.52797
vt 0.21522 0.52711
vt 0.21675 0.52506
vt 0.21382 0.52603
vt 0.21675 0.52506
vt 0.21522 0.52711
vt 0.24736 0.46591
vt 0.24716 0.46783
vt 0.24378 0.4673
vt 0.26728 0.46995
vt 0.26701 0.47167
vt 0.26647 0.47019
vt 0.20964 0.52614
vt 0.21208 0.52682
vt 0.21051 0.52912
vt 0.21302 0.53104
vt 0.21443 0.52858
vt 0.21588 0.53001
vt 0.21208 0.52682
vt 0.21382 0.52603
vt 0.21306 0.52769
vt 0.22493 0.52864
vt 0.22389 0.53038
vt 0.22047 0.52903
vt 0.22047 0.52903
vt 0.21729 0.52797
vt 0.2199 0.52639
vt 0.26488 0.47022
vt 0.26533 0.47159
vt 0.26366 0.471
vt 0.21306 0.52769
vt 0.21522 0.52711
vt 0.21443 0.52858
vt 0.25181 0.46904
vt 0.24936 0.46894
vt 0.25152 0.46742
vt 0.21675 0.52506
vt 0.2199 0.52639
vt 0.21729 0.52797
vt 0.22047 0.52903
vt 0.2199 0.52639
vt 0.22215 0.52707
vt 0.22564 0.53123
vt 0.22389 0.53038
vt 0.22493 0.52864
vt 0.21302 0.53104
vt 0.21094 0.53097
vt 0.21443 0.52858
vt 0.21675 0.52506
vt 0.21348 0.52432
vt 0.21485 0.52344
vt 0.21094 0.53097
vt 0.21306 0.52769
vt 0.21443 0.52858
vt 0.21729 0.52797
vt 0.22047 0.52903
vt 0.21588 0.53001
vt 0.2222 0.52481
vt 0.2199 0.52639
vt 0.21913 0.52404
vt 0.21675 0.52506
vt 0.21913 0.52404
vt 0.2199 0.52639
vt 0.26456 0.47546
vt 0.26237 0.47745
vt 0.25986 0.47502
vt 0.22461 0.52683
vt 0.22493 0.52864
vt 0.22215 0.52707
vt 0.22215 0.52707
vt 0.22493 0.52864
vt 0.22047 0.52903
vt 0.21205 0.52536
vt 0.21348 0.52432
vt 0.21382 0.52603
vt 0.21205 0.52536
vt 0.20964 0.52614
vt 0.21187 0.52356
vt 0.22215 0.52707
vt 0.2199 0.52639
vt 0.2222 0.52481
vt 0.21443 0.52858
vt 0.21522 0.52711
vt 0.21729 0.52797
vt 0.21637 0.52232
vt 0.21913 0.52404
vt 0.21675 0.52506
vt 0.21675 0.52506
vt 0.21382 0.52603
vt 0.21348 0.52432
vt 0.21637 0.52232
vt 0.21675 0.52506
vt 0.21485 0.52344
vt 0.21051 0.52912
vt 0.21208 0.52682
vt 0.21306 0.52769
vt 0.21205 0.52536
vt 0.21382 0.52603
vt 0.21208 0.52682
vt 0.21205 0.52536
vt 0.21208 0.52682
vt 0.20964 0.52614
vt 0.21348 0.52432
vt 0.21374 0.52117
vt 0.21485 0.52344
vt 0.21374 0.52117
vt 0.21348 0.52432
vt 0.21187 0.52356
vt 0.26366 0.471
vt 0.26202 0.47018
vt 0.26376 0.46935
vt 0.26192 0.4738
vt 0.25985 0.47238
vt 0.26179 0.47187
vt 0.26388 0.46467
vt 0.2648 0.46648
vt 0.26279 0.46661
vt 0.2549 0.47106
vt 0.25345 0.47196
vt 0.25313 0.47054
vt 0.26366 0.471
vt 0.26376 0.46935
vt 0.26488 0.47022
vt 0.27009 0.47023
vt 0.27035 0.47138
vt 0.26879 0.4709
vt 0.25977 0.47004
vt 0.25879 0.47118
vt 0.25837 0.47011
vt 0.26488 0.47022
vt 0.26376 0.46935
vt 0.26519 0.469
vt 0.25332 0.47566
vt 0.24958 0.47632
vt 0.25025 0.4742
vt 0.28307 0.48068
vt 0.28525 0.4814
vt 0.28409 0.48218
vt 0.27578 0.47893
vt 0.273 0.48002
vt 0.27228 0.47721
vt 0.27639 0.47257
vt 0.27371 0.47195
vt 0.27568 0.47115
vt 0.28788 0.46512
vt 0.28682 0.46698
vt 0.28502 0.46548
vt 0.285 0.4701
vt 0.28647 0.47107
vt 0.28535 0.47246
vt 0.27767 0.47496
vt 0.28062 0.47695
vt 0.27666 0.4775
vt 0.28647 0.46953
vt 0.285 0.4701
vt 0.28629 0.46832
vt 0.27228 0.47721
vt 0.27449 0.4758
vt 0.27666 0.4775
vt 0.28657 0.47888
vt 0.28713 0.47516
vt 0.28809 0.47821
vt 0.27593 0.48044
vt 0.27578 0.47893
vt 0.27985 0.47971
vt 0.27499 0.46507
vt 0.27513 0.46203
vt 0.27886 0.46356
vt 0.28629 0.46832
vt 0.285 0.4701
vt 0.28418 0.46816
vt 0.28629 0.46832
vt 0.28682 0.46698
vt 0.28814 0.46664
vt 0.25656 0.47004
vt 0.25837 0.47011
vt 0.25674 0.4716
vt 0.28139 0.47407
vt 0.27845 0.47266
vt 0.28042 0.47178
vt 0.28353 0.46658
vt 0.28128 0.46758
vt 0.27974 0.46658
vt 0.28327 0.45969
vt 0.28488 0.46236
vt 0.27976 0.46128
vt 0.27845 0.47266
vt 0.27639 0.47257
vt 0.27827 0.47083
vt 0.26031 0.47014
vt 0.26202 0.47018
vt 0.2604 0.47102
vt 0.27228 0.47721
vt 0.27169 0.47493
vt 0.27449 0.4758
vt 0.28671 0.46411
vt 0.28788 0.46512
vt 0.28502 0.46548
vt 0.28525 0.4814
vt 0.28307 0.48068
vt 0.28657 0.47888
vt 0.27472 0.47385
vt 0.27639 0.47257
vt 0.27767 0.47496
vt 0.288 0.47259
vt 0.28801 0.47375
vt 0.28713 0.47384
vt 0.28657 0.47888
vt 0.28383 0.47635
vt 0.28713 0.47516
vt 0.27568 0.47115
vt 0.27279 0.47041
vt 0.27489 0.46979
vt 0.28197 0.48279
vt 0.28045 0.48435
vt 0.2785 0.48184
vt 0.2785 0.48184
vt 0.27352 0.48226
vt 0.27593 0.48044
vt 0.285 0.4701
vt 0.28274 0.47151
vt 0.2826 0.46928
vt 0.28952 0.46361
vt 0.28671 0.46411
vt 0.28894 0.46166
vt 0.27845 0.47266
vt 0.28139 0.47407
vt 0.27767 0.47496
vt 0.25025 0.4742
vt 0.24838 0.47399
vt 0.24843 0.47257
vt 0.27985 0.47971
vt 0.28307 0.48068
vt 0.2785 0.48184
vt 0.2834 0.46539
vt 0.28353 0.46658
vt 0.28007 0.46523
vt 0.26202 0.47018
vt 0.26243 0.46826
vt 0.26376 0.46935
vt 0.28502 0.46548
vt 0.28353 0.46658
vt 0.2834 0.46539
vt 0.27639 0.47257
vt 0.27845 0.47266
vt 0.27767 0.47496
vt 0.27578 0.47893
vt 0.27593 0.48044
vt 0.273 0.48002
vt 0.27886 0.46356
vt 0.28007 0.46523
vt 0.27499 0.46507
vt 0.27578 0.47893
vt 0.27666 0.4775
vt 0.27985 0.47971
vt 0.27352 0.48226
vt 0.273 0.48002
vt 0.27593 0.48044
vt 0.28713 0.47384
vt 0.28801 0.47375
vt 0.28713 0.47516
vt 0.28007 0.46523
vt 0.27627 0.46648
vt 0.27499 0.46507
vt 0.28488 0.46236
vt 0.27886 0.46356
vt 0.27976 0.46128
vt 0.28814 0.46664
vt 0.28959 0.46721
vt 0.28729 0.46861
vt 0.25656 0.47004
vt 0.2549 0.47106
vt 0.25507 0.46902
vt 0.28374 0.46436
vt 0.27886 0.46356
vt 0.28488 0.46236
vt 0.28647 0.47107
vt 0.28713 0.47384
vt 0.28535 0.47246
vt 0.28307 0.48068
vt 0.27985 0.47971
vt 0.2832 0.47873
vt 0.2785 0.48184
vt 0.27613 0.48421
vt 0.27352 0.48226
vt 0.28074 0.46987
vt 0.28042 0.47178
vt 0.27827 0.47083
vt 0.28139 0.47407
vt 0.28383 0.47635
vt 0.28062 0.47695
vt 0.27279 0.47041
vt 0.27568 0.47115
vt 0.27371 0.47195
vt 0.26808 0.47422
vt 0.27169 0.47493
vt 0.27228 0.47721
vt 0.27513 0.46203
vt 0.27976 0.46128
vt 0.27886 0.46356
vt 0.29001 0.45975
vt 0.29366 0.45729
vt 0.29317 0.45998
vt 0.19908 0.47509
vt 0.20193 0.47394
vt 0.20178 0.4756
vt 0.2038 0.47148
vt 0.20277 0.47254
vt 0.20155 0.4707
vt 0.19897 0.47282
vt 0.19956 0.47192
vt 0.20015 0.47347
vt 0.19908 0.47509
vt 0.19866 0.47695
vt 0.1961 0.4759
vt 0.19558 0.4717
vt 0.19362 0.47238
vt 0.19376 0.47073
vt 0.18984 0.47064
vt 0.19376 0.47073
vt 0.19167 0.47252
vt 0.21075 0.47197
vt 0.20942 0.47378
vt 0.20927 0.47184
vt 0.20927 0.47184
vt 0.20758 0.47122
vt 0.20805 0.47023
vt 0.26797 0.47726
vt 0.26808 0.47422
vt 0.27228 0.47721
vt 0.27472 0.47385
vt 0.27767 0.47496
vt 0.27449 0.4758
vt 0.27985 0.47971
vt 0.27666 0.4775
vt 0.28062 0.47695
vt 0.28788 0.46512
vt 0.29063 0.46442
vt 0.29053 0.466
vt 0.19956 0.47192
vt 0.19763 0.47165
vt 0.19793 0.46984
vt 0.19803 0.48416
vt 0.1965 0.48226
vt 0.19889 0.48142
vt 0.20419 0.47658
vt 0.20178 0.4756
vt 0.20419 0.47373
vt 0.28809 0.47821
vt 0.29016 0.47882
vt 0.28807 0.47941
vt 0.20178 0.4756
vt 0.20193 0.47394
vt 0.20419 0.47373
vt 0.20015 0.47347
vt 0.19956 0.47192
vt 0.20078 0.47277
vt 0.19559 0.47301
vt 0.19558 0.4717
vt 0.19715 0.47289
vt 0.20551 0.47885
vt 0.20893 0.47603
vt 0.20897 0.47794
vt 0.20386 0.46707
vt 0.20313 0.46934
vt 0.20049 0.4681
vt 0.25512 0.47338
vt 0.25792 0.47336
vt 0.2569 0.47568
vt 0.22063 0.4838
vt 0.21707 0.48647
vt 0.21727 0.48305
vt 0.19866 0.47695
vt 0.19495 0.47776
vt 0.1961 0.4759
vt 0.27787 0.46888
vt 0.27973 0.46809
vt 0.28074 0.46987
vt 0.29001 0.45975
vt 0.28894 0.46166
vt 0.28488 0.46236
vt 0.25985 0.47238
vt 0.25879 0.47118
vt 0.25968 0.47115
vt 0.19376 0.47073
vt 0.19404 0.46779
vt 0.19793 0.46984
vt 0.19028 0.47453
vt 0.19286 0.47577
vt 0.19043 0.47659
vt 0.28657 0.47888
vt 0.2832 0.47873
vt 0.28383 0.47635
vt 0.21467 0.49177
vt 0.21844 0.49173
vt 0.21586 0.49431
vt 0.19286 0.47577
vt 0.19171 0.47377
vt 0.19403 0.47387
vt 0.19908 0.47509
vt 0.20178 0.4756
vt 0.19866 0.47695
vt 0.20893 0.47603
vt 0.20551 0.47885
vt 0.20692 0.47636
vt 0.19607 0.4792
vt 0.19495 0.47776
vt 0.19866 0.47695
vt 0.28374 0.46436
vt 0.28502 0.46548
vt 0.2834 0.46539
vt 0.27666 0.4775
vt 0.27578 0.47893
vt 0.27228 0.47721
vt 0.19897 0.47282
vt 0.19763 0.47165
vt 0.19956 0.47192
vt 0.19376 0.47073
vt 0.19362 0.47238
vt 0.19167 0.47252
vt 0.21038 0.46981
vt 0.21075 0.47197
vt 0.20927 0.47184
vt 0.19793 0.46984
vt 0.20049 0.4681
vt 0.20155 0.4707
vt 0.27543 0.46811
vt 0.27341 0.4688
vt 0.2727 0.46723
vt 0.20193 0.47394
vt 0.20277 0.47254
vt 0.20419 0.47373
vt 0.20079 0.47738
vt 0.19866 0.47695
vt 0.20178 0.4756
vt 0.20221 0.48189
vt 0.20326 0.48524
vt 0.19803 0.48416
vt 0.20326 0.48524
vt 0.20984 0.48364
vt 0.20643 0.48697
vt 0.19821 0.47379
vt 0.20015 0.47347
vt 0.19908 0.47509
vt 0.19404 0.46779
vt 0.19729 0.46762
vt 0.19793 0.46984
vt 0.19403 0.47387
vt 0.19167 0.47252
vt 0.19362 0.47238
vt 0.19756 0.46592
vt 0.19729 0.46762
vt 0.19404 0.46779
vt 0.21292 0.47184
vt 0.21111 0.47382
vt 0.21075 0.47197
vt 0.22029 0.48035
vt 0.22237 0.47673
vt 0.22364 0.47951
vt 0.19908 0.47509
vt 0.19636 0.47424
vt 0.19821 0.47379
vt 0.20194 0.48935
vt 0.20396 0.48987
vt 0.1998 0.49085
vt 0.1961 0.4759
vt 0.19636 0.47424
vt 0.19908 0.47509
vt 0.1961 0.4759
vt 0.19495 0.47776
vt 0.19286 0.47577
vt 0.19366 0.48459
vt 0.19503 0.48269
vt 0.1965 0.48226
vt 0.29041 0.47663
vt 0.29016 0.47882
vt 0.28809 0.47821
vt 0.19729 0.46762
vt 0.20049 0.4681
vt 0.19793 0.46984
vt 0.20079 0.47738
vt 0.19838 0.47845
vt 0.19866 0.47695
vt 0.19286 0.47577
vt 0.19636 0.47424
vt 0.1961 0.4759
vt 0.20419 0.47373
vt 0.2056 0.47269
vt 0.2061 0.47467
vt 0.20015 0.47347
vt 0.20193 0.47394
vt 0.19908 0.47509
vt 0.27827 0.47083
vt 0.28042 0.47178
vt 0.27845 0.47266
vt 0.21707 0.48647
vt 0.21418 0.48899
vt 0.21212 0.48597
vt 0.21432 0.46993
vt 0.21462 0.47177
vt 0.21292 0.47184
vt 0.19171 0.47377
vt 0.19167 0.47252
vt 0.19403 0.47387
vt 0.19715 0.47289
vt 0.19897 0.47282
vt 0.19821 0.47379
vt 0.20805 0.47023
vt 0.20584 0.46942
vt 0.20858 0.46808
vt 0.20493 0.49422
vt 0.19988 0.49373
vt 0.20617 0.49177
vt 0.21166 0.47629
vt 0.20893 0.47603
vt 0.21111 0.47382
vt 0.19956 0.47192
vt 0.19793 0.46984
vt 0.20155 0.4707
vt 0.19607 0.4792
vt 0.19199 0.4804
vt 0.19495 0.47776
vt 0.19838 0.47845
vt 0.20079 0.47738
vt 0.20085 0.47893
vt 0.2785 0.48184
vt 0.27593 0.48044
vt 0.27985 0.47971
vt 0.21637 0.47982
vt 0.21727 0.48305
vt 0.21358 0.48277
vt 0.19794 0.48019
vt 0.19607 0.4792
vt 0.19838 0.47845
vt 0.1965 0.48226
vt 0.19794 0.48019
vt 0.19889 0.48142
vt 0.19756 0.46592
vt 0.20049 0.4681
vt 0.19729 0.46762
vt 0.2061 0.47467
vt 0.20419 0.47658
vt 0.20419 0.47373
vt 0.27568 0.47115
vt 0.27827 0.47083
vt 0.27639 0.47257
vt 0.20277 0.47254
vt 0.20078 0.47277
vt 0.20129 0.47195
vt 0.19559 0.47301
vt 0.19715 0.47289
vt 0.19636 0.47424
vt 0.20313 0.46934
vt 0.20501 0.47073
vt 0.2038 0.47148
vt 0.20697 0.48211
vt 0.21183 0.48057
vt 0.20984 0.48364
vt 0.19286 0.47577
vt 0.19215 0.47807
vt 0.19043 0.47659
vt 0.20419 0.47658
vt 0.20085 0.47893
vt 0.20206 0.47712
vt 0.2038 0.47148
vt 0.2056 0.47269
vt 0.20419 0.47373
vt 0.26746 0.46237
vt 0.27072 0.46395
vt 0.26722 0.46561
vt 0.18956 0.47301
vt 0.18984 0.47064
vt 0.19167 0.47252
vt 0.19558 0.4717
vt 0.19793 0.46984
vt 0.19763 0.47165
vt 0.2871 0.48072
vt 0.28468 0.4837
vt 0.28525 0.4814
vt 0.19171 0.47377
vt 0.19286 0.47577
vt 0.19028 0.47453
vt 0.21432 0.46993
vt 0.21292 0.47184
vt 0.21198 0.47068
vt 0.2188 0.46929
vt 0.21872 0.47175
vt 0.21772 0.47057
vt 0.20155 0.4707
vt 0.20313 0.46934
vt 0.2038 0.47148
vt 0.19794 0.48019
vt 0.19838 0.47845
vt 0.20085 0.47893
vt 0.27472 0.47385
vt 0.27137 0.47312
vt 0.27371 0.47195
vt 0.21721 0.4767
vt 0.2195 0.47445
vt 0.21926 0.47725
vt 0.20893 0.47603
vt 0.20942 0.47378
vt 0.21111 0.47382
vt 0.20501 0.47073
vt 0.2056 0.47269
vt 0.2038 0.47148
vt 0.19171 0.47377
vt 0.19028 0.47453
vt 0.18956 0.47301
vt 0.20015 0.47347
vt 0.20078 0.47277
vt 0.20193 0.47394
vt 0.1956 0.48139
vt 0.19607 0.4792
vt 0.19794 0.48019
vt 0.20858 0.46808
vt 0.21038 0.46981
vt 0.20805 0.47023
vt 0.20085 0.47893
vt 0.20079 0.47738
vt 0.20206 0.47712
vt 0.20948 0.47944
vt 0.21444 0.47724
vt 0.21183 0.48057
vt 0.26937 0.46673
vt 0.26722 0.46561
vt 0.27072 0.46395
vt 0.19889 0.48142
vt 0.19794 0.48019
vt 0.20085 0.47893
vt 0.20501 0.47073
vt 0.20629 0.47141
vt 0.2056 0.47269
vt 0.27817 0.46742
vt 0.27543 0.46811
vt 0.27627 0.46648
vt 0.21872 0.47175
vt 0.22031 0.47073
vt 0.22015 0.47213
vt 0.26218 0.46125
vt 0.25946 0.46512
vt 0.25682 0.46293
vt 0.21166 0.47629
vt 0.21368 0.4732
vt 0.21574 0.47384
vt 0.21038 0.46981
vt 0.21432 0.46993
vt 0.21198 0.47068
vt 0.20629 0.47141
vt 0.20501 0.47073
vt 0.20584 0.46942
vt 0.20629 0.47141
vt 0.20754 0.4731
vt 0.2056 0.47269
vt 0.20551 0.47885
vt 0.20085 0.47893
vt 0.20419 0.47658
vt 0.28383 0.47635
vt 0.2832 0.47873
vt 0.28062 0.47695
vt 0.2832 0.47873
vt 0.28657 0.47888
vt 0.28307 0.48068
vt 0.1956 0.48139
vt 0.19503 0.48269
vt 0.19285 0.48267
vt 0.20085 0.47893
vt 0.20221 0.48189
vt 0.19889 0.48142
vt 0.20386 0.46707
vt 0.20584 0.46942
vt 0.20313 0.46934
vt 0.20754 0.4731
vt 0.20942 0.47378
vt 0.20745 0.47487
vt 0.28488 0.46236
vt 0.28671 0.46411
vt 0.28374 0.46436
vt 0.22364 0.47951
vt 0.22409 0.4828
vt 0.22029 0.48035
vt 0.19821 0.47379
vt 0.19897 0.47282
vt 0.20015 0.47347
vt 0.26746 0.46237
vt 0.26823 0.46072
vt 0.27052 0.46054
vt 0.19362 0.47238
vt 0.19559 0.47301
vt 0.19403 0.47387
vt 0.20637 0.49739
vt 0.20368 0.49636
vt 0.20752 0.49582
vt 0.20692 0.47636
vt 0.2061 0.47467
vt 0.20745 0.47487
vt 0.1956 0.48139
vt 0.19794 0.48019
vt 0.1965 0.48226
vt 0.20758 0.47122
vt 0.20629 0.47141
vt 0.20584 0.46942
vt 0.20629 0.47141
vt 0.20758 0.47122
vt 0.20754 0.4731
vt 0.27072 0.46395
vt 0.27052 0.46054
vt 0.27513 0.46203
vt 0.27489 0.46979
vt 0.27787 0.46888
vt 0.27827 0.47083
vt 0.27827 0.47083
vt 0.27568 0.47115
vt 0.27489 0.46979
vt 0.19285 0.48267
vt 0.19503 0.48269
vt 0.19366 0.48459
vt 0.19607 0.4792
vt 0.1956 0.48139
vt 0.19199 0.4804
vt 0.20643 0.48697
vt 0.20984 0.48364
vt 0.21212 0.48597
vt 0.27472 0.47385
vt 0.27371 0.47195
vt 0.27639 0.47257
vt 0.26015 0.51275
vt 0.25525 0.51023
vt 0.25829 0.50705
vt 0.28809 0.47821
vt 0.28713 0.47516
vt 0.29041 0.47663
vt 0.20551 0.47885
vt 0.20697 0.48211
vt 0.20221 0.48189
vt 0.20049 0.4681
vt 0.20313 0.46934
vt 0.20155 0.4707
vt 0.20386 0.46707
vt 0.20613 0.46687
vt 0.20584 0.46942
vt 0.2824 0.51437
vt 0.28441 0.51553
vt 0.28358 0.51927
vt 0.27976 0.46128
vt 0.27513 0.46203
vt 0.27711 0.45735
vt 0.20745 0.47487
vt 0.20893 0.47603
vt 0.20692 0.47636
vt 0.26076 0.51796
vt 0.26471 0.51569
vt 0.26317 0.52143
vt 0.26717 0.52467
vt 0.27255 0.52501
vt 0.27054 0.52851
vt 0.2421 0.52487
vt 0.24178 0.52124
vt 0.24435 0.52128
vt 0.19432 0.48747
vt 0.19366 0.48459
vt 0.19803 0.48416
vt 0.1956 0.48139
vt 0.1965 0.48226
vt 0.19503 0.48269
vt 0.1965 0.48226
vt 0.19803 0.48416
vt 0.19366 0.48459
vt 0.19636 0.47424
vt 0.19715 0.47289
vt 0.19821 0.47379
vt 0.27027 0.51647
vt 0.26471 0.51569
vt 0.26852 0.51095
vt 0.20178 0.4756
vt 0.20419 0.47658
vt 0.20206 0.47712
vt 0.22029 0.48035
vt 0.21727 0.48305
vt 0.21637 0.47982
vt 0.28713 0.47516
vt 0.28383 0.47635
vt 0.28458 0.47396
vt 0.26015 0.51275
vt 0.26076 0.51796
vt 0.2572 0.51459
vt 0.26746 0.46237
vt 0.26722 0.46561
vt 0.26388 0.46467
vt 0.27613 0.48421
vt 0.2785 0.48184
vt 0.28045 0.48435
vt 0.27543 0.46811
vt 0.2727 0.46723
vt 0.27627 0.46648
vt 0.22684 0.47861
vt 0.23053 0.47901
vt 0.22616 0.48067
vt 0.27711 0.45735
vt 0.2862 0.45518
vt 0.28327 0.45969
vt 0.20129 0.47195
vt 0.19956 0.47192
vt 0.20155 0.4707
vt 0.26471 0.51569
vt 0.27027 0.51647
vt 0.26721 0.5202
vt 0.25403 0.5139
vt 0.2508 0.51164
vt 0.25525 0.51023
vt 0.20584 0.46942
vt 0.20805 0.47023
vt 0.20758 0.47122
vt 0.26721 0.5202
vt 0.26717 0.52467
vt 0.26317 0.52143
vt 0.28274 0.47151
vt 0.28042 0.47178
vt 0.28074 0.46987
vt 0.24657 0.5192
vt 0.24435 0.52128
vt 0.24423 0.51586
vt 0.25818 0.51869
vt 0.25858 0.52264
vt 0.25561 0.52121
vt 0.27255 0.52501
vt 0.27816 0.52222
vt 0.2763 0.52701
vt 0.27916 0.51456
vt 0.2824 0.51437
vt 0.28358 0.51927
vt 0.20893 0.47603
vt 0.21166 0.47629
vt 0.20897 0.47794
vt 0.25595 0.50128
vt 0.26032 0.50292
vt 0.25829 0.50705
vt 0.27187 0.52132
vt 0.27816 0.52222
vt 0.27255 0.52501
vt 0.2056 0.47269
vt 0.20754 0.4731
vt 0.2061 0.47467
vt 0.27187 0.52132
vt 0.26721 0.5202
vt 0.27027 0.51647
vt 0.28036 0.52601
vt 0.27816 0.52222
vt 0.28309 0.52312
vt 0.27187 0.52132
vt 0.27255 0.52501
vt 0.26717 0.52467
vt 0.20584 0.46942
vt 0.20501 0.47073
vt 0.20313 0.46934
vt 0.21844 0.49173
vt 0.22057 0.49336
vt 0.21586 0.49431
vt 0.25991 0.49786
vt 0.26032 0.50292
vt 0.25768 0.4983
vt 0.19889 0.48142
vt 0.20221 0.48189
vt 0.19803 0.48416
vt 0.26032 0.50292
vt 0.26496 0.50367
vt 0.26335 0.50892
vt 0.19558 0.4717
vt 0.19376 0.47073
vt 0.19793 0.46984
vt 0.19763 0.47165
vt 0.19715 0.47289
vt 0.19558 0.4717
vt 0.26076 0.51796
vt 0.25818 0.51869
vt 0.2572 0.51459
vt 0.25525 0.51023
vt 0.26015 0.51275
vt 0.2572 0.51459
vt 0.28657 0.47888
vt 0.2871 0.48072
vt 0.28525 0.4814
vt 0.25415 0.518
vt 0.24943 0.51665
vt 0.25403 0.5139
vt 0.20745 0.47487
vt 0.20942 0.47378
vt 0.20893 0.47603
vt 0.25829 0.50705
vt 0.26335 0.50892
vt 0.26015 0.51275
vt 0.20419 0.47373
vt 0.20277 0.47254
vt 0.2038 0.47148
vt 0.28045 0.48435
vt 0.28197 0.48279
vt 0.28468 0.4837
vt 0.28045 0.48435
vt 0.27821 0.48597
vt 0.27613 0.48421
vt 0.28019 0.53002
vt 0.2763 0.52701
vt 0.28036 0.52601
vt 0.28809 0.47821
vt 0.2871 0.48072
vt 0.28657 0.47888
vt 0.19403 0.47387
vt 0.19559 0.47301
vt 0.19636 0.47424
vt 0.20697 0.48211
vt 0.20326 0.48524
vt 0.20221 0.48189
vt 0.2572 0.51459
vt 0.25403 0.5139
vt 0.25525 0.51023
vt 0.20326 0.48524
vt 0.19903 0.48836
vt 0.1994 0.48645
vt 0.28535 0.47246
vt 0.28274 0.47151
vt 0.285 0.4701
vt 0.26163 0.52577
vt 0.26317 0.52143
vt 0.26717 0.52467
vt 0.22519 0.56023
vt 0.2274 0.5576
vt 0.22938 0.56154
vt 0.27816 0.52222
vt 0.27916 0.51456
vt 0.28358 0.51927
vt 0.23041 0.559
vt 0.2303 0.55676
vt 0.23168 0.5577
vt 0.23298 0.54288
vt 0.24401 0.54406
vt 0.23632 0.5485
vt 0.26717 0.52467
vt 0.26721 0.5202
vt 0.27187 0.52132
vt 0.22098 0.54032
vt 0.22632 0.54015
vt 0.22537 0.54336
vt 0.28458 0.47396
vt 0.28274 0.47151
vt 0.28535 0.47246
vt 0.1956 0.48139
vt 0.19285 0.48267
vt 0.19199 0.4804
vt 0.20643 0.48697
vt 0.20209 0.48793
vt 0.20326 0.48524
vt 0.22294 0.53684
vt 0.22383 0.53339
vt 0.22922 0.53716
vt 0.23836 0.55684
vt 0.2365 0.56163
vt 0.23303 0.56112
vt 0.23485 0.53918
vt 0.22922 0.53716
vt 0.23427 0.5373
vt 0.20606 0.53454
vt 0.20746 0.53241
vt 0.21029 0.53368
vt 0.27054 0.52851
vt 0.27255 0.52501
vt 0.2763 0.52701
vt 0.26076 0.51796
vt 0.26317 0.52143
vt 0.25858 0.52264
vt 0.20858 0.46808
vt 0.20584 0.46942
vt 0.20613 0.46687
vt 0.21863 0.55625
vt 0.2195 0.5527
vt 0.21969 0.55557
vt 0.24457 0.55
vt 0.24873 0.55255
vt 0.24318 0.55399
vt 0.24047 0.53945
vt 0.23298 0.54288
vt 0.23485 0.53918
vt 0.23251 0.55213
vt 0.23769 0.55266
vt 0.23388 0.55626
vt 0.20493 0.49422
vt 0.20368 0.49636
vt 0.2003 0.49625
vt 0.21292 0.47184
vt 0.21075 0.47197
vt 0.21198 0.47068
vt 0.28357 0.50955
vt 0.28441 0.51553
vt 0.2824 0.51437
vt 0.22564 0.53123
vt 0.22749 0.5308
vt 0.2278 0.5331
vt 0.23899 0.53187
vt 0.24347 0.53523
vt 0.23751 0.53484
vt 0.22922 0.53716
vt 0.23485 0.53918
vt 0.23298 0.54288
vt 0.20551 0.47885
vt 0.20897 0.47794
vt 0.20948 0.47944
vt 0.23769 0.55266
vt 0.24318 0.55399
vt 0.23836 0.55684
vt 0.21467 0.49177
vt 0.21849 0.48937
vt 0.21844 0.49173
vt 0.23485 0.53918
vt 0.23953 0.53668
vt 0.24047 0.53945
vt 0.25151 0.56332
vt 0.25441 0.56335
vt 0.25245 0.56512
vt 0.21212 0.48597
vt 0.20984 0.48364
vt 0.21358 0.48277
vt 0.19651 0.49602
vt 0.19422 0.49404
vt 0.19988 0.49373
vt 0.21863 0.55625
vt 0.22228 0.55646
vt 0.21866 0.55919
vt 0.22456 0.55363
vt 0.22859 0.55232
vt 0.22754 0.5548
vt 0.26218 0.46125
vt 0.26686 0.45837
vt 0.26746 0.46237
vt 0.20551 0.47885
vt 0.20221 0.48189
vt 0.20085 0.47893
vt 0.24673 0.56444
vt 0.24884 0.56316
vt 0.24938 0.56462
vt 0.2524 0.5541
vt 0.24873 0.55255
vt 0.25374 0.55078
vt 0.28274 0.47151
vt 0.28139 0.47407
vt 0.28042 0.47178
vt 0.22364 0.47951
vt 0.22616 0.48067
vt 0.22409 0.4828
vt 0.24673 0.56444
vt 0.24396 0.56289
vt 0.24674 0.56191
vt 0.22047 0.52903
vt 0.22389 0.53038
vt 0.22177 0.53103
vt 0.22632 0.54015
vt 0.22922 0.53716
vt 0.23298 0.54288
vt 0.28374 0.46436
vt 0.2834 0.46539
vt 0.28007 0.46523
vt 0.20194 0.48935
vt 0.1998 0.49085
vt 0.19903 0.48836
vt 0.22632 0.54015
vt 0.23298 0.54288
vt 0.22537 0.54336
vt 0.24047 0.53945
vt 0.23953 0.53668
vt 0.24348 0.53745
vt 0.21029 0.53368
vt 0.21094 0.53097
vt 0.21302 0.53104
vt 0.23575 0.56662
vt 0.23972 0.5653
vt 0.23912 0.56631
vt 0.24792 0.55963
vt 0.24809 0.55668
vt 0.25163 0.5587
vt 0.23607 0.52973
vt 0.23392 0.5327
vt 0.23365 0.52976
vt 0.20799 0.5286
vt 0.21051 0.52912
vt 0.20926 0.52968
vt 0.21424 0.53486
vt 0.21303 0.54068
vt 0.20873 0.53651
vt 0.27817 0.46742
vt 0.27973 0.46809
vt 0.27787 0.46888
vt 0.19803 0.48416
vt 0.1994 0.48645
vt 0.19432 0.48747
vt 0.20805 0.47023
vt 0.21038 0.46981
vt 0.20927 0.47184
vt 0.22383 0.53339
vt 0.22389 0.53038
vt 0.22564 0.53123
vt 0.22922 0.53716
vt 0.23209 0.53534
vt 0.23427 0.5373
vt 0.26852 0.51095
vt 0.26471 0.51569
vt 0.26335 0.50892
vt 0.22922 0.53716
vt 0.22632 0.54015
vt 0.22294 0.53684
vt 0.19803 0.48416
vt 0.20326 0.48524
vt 0.1994 0.48645
vt 0.22749 0.5308
vt 0.22952 0.53034
vt 0.2278 0.5331
vt 0.19199 0.4804
vt 0.19215 0.47807
vt 0.19495 0.47776
vt 0.23296 0.55822
vt 0.23836 0.55684
vt 0.23303 0.56112
vt 0.20129 0.47195
vt 0.20078 0.47277
vt 0.19956 0.47192
vt 0.28062 0.47695
vt 0.2832 0.47873
vt 0.27985 0.47971
vt 0.23769 0.55266
vt 0.23632 0.5485
vt 0.24457 0.55
vt 0.21816 0.53718
vt 0.21303 0.54068
vt 0.21424 0.53486
vt 0.21075 0.47197
vt 0.21111 0.47382
vt 0.20942 0.47378
vt 0.28274 0.47151
vt 0.28074 0.46987
vt 0.2826 0.46928
vt 0.23427 0.5373
vt 0.23209 0.53534
vt 0.23751 0.53484
vt 0.21111 0.47382
vt 0.21368 0.4732
vt 0.21166 0.47629
vt 0.21933 0.53274
vt 0.21816 0.53718
vt 0.21424 0.53486
vt 0.25818 0.51869
vt 0.26076 0.51796
vt 0.25858 0.52264
vt 0.25858 0.52264
vt 0.26317 0.52143
vt 0.26163 0.52577
vt 0.28525 0.4814
vt 0.28468 0.4837
vt 0.28409 0.48218
vt 0.26015 0.51275
vt 0.26335 0.50892
vt 0.26471 0.51569
vt 0.27496 0.51745
vt 0.27187 0.52132
vt 0.27027 0.51647
vt 0.28807 0.47941
vt 0.2871 0.48072
vt 0.28809 0.47821
vt 0.22426 0.52258
vt 0.22594 0.52462
vt 0.2222 0.52481
vt 0.24435 0.56552
vt 0.24175 0.56653
vt 0.24293 0.56462
vt 0.28327 0.45969
vt 0.2862 0.45518
vt 0.29001 0.45975
vt 0.23298 0.54288
vt 0.22618 0.54882
vt 0.22537 0.54336
vt 0.27974 0.46658
vt 0.28128 0.46758
vt 0.27973 0.46809
vt 0.22922 0.53716
vt 0.22383 0.53339
vt 0.2278 0.5331
vt 0.27027 0.51647
vt 0.27404 0.51188
vt 0.27496 0.51745
vt 0.23296 0.55822
vt 0.23041 0.559
vt 0.23168 0.5577
vt 0.27817 0.46742
vt 0.27974 0.46658
vt 0.27973 0.46809
vt 0.20948 0.47944
vt 0.21183 0.48057
vt 0.20697 0.48211
vt 0.21166 0.47629
vt 0.20948 0.47944
vt 0.20897 0.47794
vt 0.21432 0.46993
vt 0.21594 0.47172
vt 0.21462 0.47177
vt 0.20873 0.53651
vt 0.21029 0.53368
vt 0.21424 0.53486
vt 0.23004 0.53384
vt 0.22922 0.53716
vt 0.2278 0.5331
vt 0.20752 0.49582
vt 0.20368 0.49636
vt 0.20493 0.49422
vt 0.27404 0.51188
vt 0.27027 0.51647
vt 0.26852 0.51095
vt 0.21111 0.47382
vt 0.21292 0.47184
vt 0.21368 0.4732
vt 0.23129 0.53255
vt 0.23392 0.5327
vt 0.23209 0.53534
vt 0.20746 0.53241
vt 0.21094 0.53097
vt 0.21029 0.53368
vt 0.24401 0.54406
vt 0.25049 0.54098
vt 0.25133 0.54369
vt 0.22456 0.55363
vt 0.22618 0.54882
vt 0.22859 0.55232
vt 0.21962 0.5447
vt 0.21303 0.54068
vt 0.22098 0.54032
vt 0.23836 0.55684
vt 0.23388 0.55626
vt 0.23769 0.55266
vt 0.19715 0.47289
vt 0.19763 0.47165
vt 0.19897 0.47282
vt 0.26823 0.46072
vt 0.26746 0.46237
vt 0.26686 0.45837
vt 0.21309 0.46695
vt 0.21432 0.46993
vt 0.21038 0.46981
vt 0.2233 0.55829
vt 0.22228 0.55646
vt 0.2274 0.5576
vt 0.21718 0.54921
vt 0.22618 0.54882
vt 0.2195 0.5527
vt 0.24401 0.54406
vt 0.24457 0.55
vt 0.23632 0.5485
vt 0.21588 0.53001
vt 0.22047 0.52903
vt 0.21933 0.53274
vt 0.21718 0.54921
vt 0.21259 0.54548
vt 0.21962 0.5447
vt 0.24401 0.54406
vt 0.25133 0.54369
vt 0.25049 0.54728
vt 0.1994 0.48645
vt 0.19903 0.48836
vt 0.19432 0.48747
vt 0.21444 0.47724
vt 0.20948 0.47944
vt 0.21166 0.47629
vt 0.21444 0.47724
vt 0.21166 0.47629
vt 0.21574 0.47384
vt 0.23251 0.55213
vt 0.22859 0.55232
vt 0.22618 0.54882
vt 0.21038 0.46981
vt 0.21198 0.47068
vt 0.21075 0.47197
vt 0.27279 0.47041
vt 0.27341 0.4688
vt 0.27489 0.46979
vt 0.26218 0.46125
vt 0.26746 0.46237
vt 0.26388 0.46467
vt 0.24457 0.55
vt 0.24318 0.55399
vt 0.23769 0.55266
vt 0.26811 0.50237
vt 0.26739 0.50632
vt 0.26496 0.50367
vt 0.26852 0.51095
vt 0.26335 0.50892
vt 0.26739 0.50632
vt 0.2303 0.55676
vt 0.23251 0.55213
vt 0.23388 0.55626
vt 0.22654 0.48203
vt 0.22409 0.4828
vt 0.22616 0.48067
vt 0.19171 0.47377
vt 0.18956 0.47301
vt 0.19167 0.47252
vt 0.2282 0.56969
vt 0.2269 0.56783
vt 0.2317 0.56899
vt 0.27072 0.46395
vt 0.26746 0.46237
vt 0.27052 0.46054
vt 0.27973 0.46809
vt 0.2826 0.46928
vt 0.28074 0.46987
vt 0.21588 0.53001
vt 0.21933 0.53274
vt 0.21424 0.53486
vt 0.21926 0.47725
vt 0.21637 0.47982
vt 0.21721 0.4767
vt 0.20287 0.54565
vt 0.2061 0.53884
vt 0.21303 0.54068
vt 0.20984 0.48364
vt 0.20326 0.48524
vt 0.20697 0.48211
vt 0.20129 0.47195
vt 0.20155 0.4707
vt 0.20277 0.47254
vt 0.25199 0.56041
vt 0.25374 0.55986
vt 0.25299 0.56156
vt 0.21467 0.49177
vt 0.21586 0.49431
vt 0.21041 0.49383
vt 0.27543 0.46811
vt 0.27817 0.46742
vt 0.27787 0.46888
vt 0.25259 0.46047
vt 0.25822 0.45723
vt 0.25682 0.46293
vt 0.20926 0.52968
vt 0.20856 0.53045
vt 0.20799 0.5286
vt 0.21303 0.54068
vt 0.21259 0.54548
vt 0.20287 0.54565
vt 0.21424 0.53486
vt 0.21302 0.53104
vt 0.21588 0.53001
vt 0.19403 0.47387
vt 0.19636 0.47424
vt 0.19286 0.47577
vt 0.23004 0.53384
vt 0.2278 0.5331
vt 0.2304 0.53225
vt 0.2061 0.47467
vt 0.20754 0.4731
vt 0.20745 0.47487
vt 0.25374 0.55078
vt 0.25117 0.55013
vt 0.25049 0.54728
vt 0.21292 0.47184
vt 0.21462 0.47177
vt 0.21368 0.4732
vt 0.27496 0.51745
vt 0.27916 0.51456
vt 0.27816 0.52222
vt 0.27513 0.46203
vt 0.27052 0.46054
vt 0.27711 0.45735
vt 0.24873 0.55255
vt 0.24809 0.55668
vt 0.24318 0.55399
vt 0.25946 0.46512
vt 0.26218 0.46125
vt 0.26388 0.46467
vt 0.28713 0.47516
vt 0.28458 0.47396
vt 0.28713 0.47384
vt 0.28729 0.46861
vt 0.28647 0.46953
vt 0.28629 0.46832
vt 0.23296 0.55822
vt 0.23168 0.5577
vt 0.23388 0.55626
vt 0.22749 0.5308
vt 0.22564 0.53123
vt 0.22791 0.52903
vt 0.24175 0.56653
vt 0.23821 0.56793
vt 0.23912 0.56631
vt 0.20326 0.48524
vt 0.20209 0.48793
vt 0.19903 0.48836
vt 0.25441 0.56335
vt 0.25299 0.56156
vt 0.25576 0.56221
vt 0.26496 0.50367
vt 0.26739 0.50632
vt 0.26335 0.50892
vt 0.22754 0.5548
vt 0.22228 0.55646
vt 0.22456 0.55363
vt 0.22519 0.56023
vt 0.22598 0.56364
vt 0.22348 0.56308
vt 0.22377 0.56632
vt 0.22439 0.56545
vt 0.22384 0.56795
vt 0.28458 0.47396
vt 0.28535 0.47246
vt 0.28713 0.47384
vt 0.21816 0.53718
vt 0.22098 0.54032
vt 0.21303 0.54068
vt 0.22383 0.53339
vt 0.21933 0.53274
vt 0.22177 0.53103
vt 0.21041 0.49383
vt 0.21586 0.49431
vt 0.21228 0.49696
vt 0.28647 0.46953
vt 0.28729 0.46861
vt 0.28756 0.46942
vt 0.20419 0.47658
vt 0.2061 0.47467
vt 0.20692 0.47636
vt 0.20551 0.47885
vt 0.20948 0.47944
vt 0.20697 0.48211
vt 0.20982 0.54937
vt 0.20287 0.54565
vt 0.21259 0.54548
vt 0.24401 0.54406
vt 0.25049 0.54728
vt 0.24457 0.55
vt 0.21863 0.55625
vt 0.21675 0.55285
vt 0.2195 0.5527
vt 0.20873 0.53651
vt 0.20606 0.53454
vt 0.21029 0.53368
vt 0.21688 0.47542
vt 0.21444 0.47724
vt 0.21574 0.47384
vt 0.21368 0.4732
vt 0.21594 0.47172
vt 0.21574 0.47384
vt 0.27974 0.46658
vt 0.27817 0.46742
vt 0.27627 0.46648
vt 0.24943 0.51665
vt 0.25415 0.518
vt 0.25004 0.52146
vt 0.25561 0.52121
vt 0.25858 0.52264
vt 0.25322 0.52494
vt 0.25374 0.55078
vt 0.24873 0.55255
vt 0.25117 0.55013
vt 0.2195 0.5527
vt 0.22456 0.55363
vt 0.21969 0.55557
vt 0.23485 0.53918
vt 0.23427 0.5373
vt 0.23953 0.53668
vt 0.21721 0.4767
vt 0.21688 0.47542
vt 0.2195 0.47445
vt 0.19473 0.49116
vt 0.19432 0.48747
vt 0.19903 0.48836
vt 0.22177 0.53103
vt 0.21933 0.53274
vt 0.22047 0.52903
vt 0.26015 0.51275
vt 0.26471 0.51569
vt 0.26076 0.51796
vt 0.21444 0.47724
vt 0.21688 0.47542
vt 0.21721 0.4767
vt 0.21969 0.55557
vt 0.22456 0.55363
vt 0.22228 0.55646
vt 0.20982 0.54937
vt 0.21718 0.54921
vt 0.21398 0.55222
vt 0.20078 0.47277
vt 0.20277 0.47254
vt 0.20193 0.47394
vt 0.21594 0.47172
vt 0.21872 0.47175
vt 0.21574 0.47384
vt 0.25415 0.518
vt 0.25818 0.51869
vt 0.25561 0.52121
vt 0.20551 0.47885
vt 0.20419 0.47658
vt 0.20692 0.47636
vt 0.25732 0.52702
vt 0.25322 0.52494
vt 0.25858 0.52264
vt 0.20617 0.49177
vt 0.21041 0.49383
vt 0.20493 0.49422
vt 0.21462 0.47177
vt 0.21594 0.47172
vt 0.21368 0.4732
vt 0.26279 0.46661
vt 0.25946 0.46512
vt 0.26388 0.46467
vt 0.20858 0.46808
vt 0.21309 0.46695
vt 0.21038 0.46981
vt 0.22537 0.54336
vt 0.22618 0.54882
vt 0.21962 0.5447
vt 0.24657 0.5192
vt 0.24423 0.51586
vt 0.24943 0.51665
vt 0.20754 0.4731
vt 0.20927 0.47184
vt 0.20942 0.47378
vt 0.27974 0.46658
vt 0.27627 0.46648
vt 0.28007 0.46523
vt 0.2278 0.5331
vt 0.22952 0.53034
vt 0.2304 0.53225
vt 0.23953 0.53668
vt 0.23427 0.5373
vt 0.23751 0.53484
vt 0.27886 0.46356
vt 0.28374 0.46436
vt 0.28007 0.46523
vt 0.25049 0.54728
vt 0.25117 0.55013
vt 0.24457 0.55
vt 0.20737 0.48969
vt 0.21001 0.48857
vt 0.21056 0.49089
vt 0.25822 0.45723
vt 0.26218 0.46125
vt 0.25682 0.46293
vt 0.23367 0.56793
vt 0.2317 0.56899
vt 0.22968 0.56797
vt 0.22237 0.47673
vt 0.22029 0.48035
vt 0.21926 0.47725
vt 0.25415 0.518
vt 0.25403 0.5139
vt 0.2572 0.51459
vt 0.2303 0.55676
vt 0.23388 0.55626
vt 0.23168 0.5577
vt 0.2572 0.51459
vt 0.25818 0.51869
vt 0.25415 0.518
vt 0.19903 0.48836
vt 0.1998 0.49085
vt 0.19473 0.49116
vt 0.23004 0.53384
vt 0.23209 0.53534
vt 0.22922 0.53716
vt 0.21358 0.48277
vt 0.20984 0.48364
vt 0.21183 0.48057
vt 0.26314 0.49942
vt 0.26496 0.50367
vt 0.26032 0.50292
vt 0.21872 0.47175
vt 0.2195 0.47445
vt 0.21574 0.47384
vt 0.25374 0.55078
vt 0.25642 0.55339
vt 0.2524 0.5541
vt 0.25403 0.5139
vt 0.24943 0.51665
vt 0.2508 0.51164
vt 0.28062 0.47695
vt 0.27767 0.47496
vt 0.28139 0.47407
vt 0.25525 0.51023
vt 0.25467 0.50549
vt 0.25829 0.50705
vt 0.26314 0.49942
vt 0.26032 0.50292
vt 0.25991 0.49786
vt 0.25829 0.50705
vt 0.26032 0.50292
vt 0.26335 0.50892
vt 0.2826 0.46928
vt 0.28418 0.46816
vt 0.285 0.4701
vt 0.28418 0.46816
vt 0.2826 0.46928
vt 0.28128 0.46758
vt 0.21537 0.55651
vt 0.21398 0.55222
vt 0.21626 0.55455
vt 0.2826 0.46928
vt 0.27973 0.46809
vt 0.28128 0.46758
vt 0.22938 0.56154
vt 0.23303 0.56112
vt 0.23148 0.56298
vt 0.21872 0.47175
vt 0.21594 0.47172
vt 0.21772 0.47057
vt 0.28383 0.47635
vt 0.28139 0.47407
vt 0.28458 0.47396
vt 0.21594 0.47172
vt 0.21432 0.46993
vt 0.21641 0.46984
vt 0.28713 0.47384
vt 0.28647 0.47107
vt 0.288 0.47259
vt 0.28718 0.4834
vt 0.28658 0.48509
vt 0.28468 0.4837
vt 0.25595 0.50128
vt 0.25829 0.50705
vt 0.25467 0.50549
vt 0.21444 0.47724
vt 0.21637 0.47982
vt 0.21183 0.48057
vt 0.21537 0.55651
vt 0.21676 0.55833
vt 0.21521 0.55958
vt 0.21718 0.54921
vt 0.20982 0.54937
vt 0.21259 0.54548
vt 0.27976 0.46128
vt 0.27711 0.45735
vt 0.28327 0.45969
vt 0.23632 0.5485
vt 0.23769 0.55266
vt 0.23251 0.55213
vt 0.25629 0.56327
vt 0.25441 0.56335
vt 0.25576 0.56221
vt 0.2763 0.52701
vt 0.27816 0.52222
vt 0.28036 0.52601
vt 0.28353 0.46658
vt 0.28418 0.46816
vt 0.28128 0.46758
vt 0.2171 0.55665
vt 0.21626 0.55455
vt 0.21863 0.55625
vt 0.21183 0.48057
vt 0.21637 0.47982
vt 0.21358 0.48277
vt 0.22015 0.47213
vt 0.2195 0.47445
vt 0.21872 0.47175
vt 0.27499 0.46507
vt 0.27627 0.46648
vt 0.2727 0.46723
vt 0.28647 0.46953
vt 0.28647 0.47107
vt 0.285 0.4701
vt 0.20643 0.48697
vt 0.20194 0.48935
vt 0.20209 0.48793
vt 0.21398 0.55222
vt 0.21675 0.55285
vt 0.21626 0.55455
vt 0.24657 0.5192
vt 0.24943 0.51665
vt 0.25004 0.52146
vt 0.21637 0.47982
vt 0.21444 0.47724
vt 0.21721 0.4767
vt 0.25595 0.50128
vt 0.25768 0.4983
vt 0.26032 0.50292
vt 0.24657 0.5192
vt 0.25004 0.52146
vt 0.24435 0.52128
vt 0.22519 0.56023
vt 0.2233 0.55829
vt 0.2274 0.5576
vt 0.24807 0.56692
vt 0.24673 0.56444
vt 0.24938 0.56462
vt 0.25136 0.50673
vt 0.25467 0.50549
vt 0.25525 0.51023
vt 0.19838 0.47845
vt 0.19607 0.4792
vt 0.19866 0.47695
vt 0.24809 0.55668
vt 0.2524 0.5541
vt 0.25471 0.55604
vt 0.26317 0.52143
vt 0.26471 0.51569
vt 0.26721 0.5202
vt 0.22594 0.52462
vt 0.22461 0.52683
vt 0.2222 0.52481
vt 0.21772 0.47057
vt 0.21641 0.46984
vt 0.2188 0.46929
vt 0.2508 0.51164
vt 0.25136 0.50673
vt 0.25525 0.51023
vt 0.20194 0.48935
vt 0.19903 0.48836
vt 0.20209 0.48793
vt 0.21358 0.48277
vt 0.21727 0.48305
vt 0.21212 0.48597
vt 0.22267 0.56805
vt 0.22377 0.56632
vt 0.22384 0.56795
vt 0.23751 0.53484
vt 0.23392 0.5327
vt 0.23899 0.53187
vt 0.21866 0.55919
vt 0.22228 0.55646
vt 0.2233 0.55829
vt 0.28629 0.46832
vt 0.28418 0.46816
vt 0.28682 0.46698
vt 0.21129 0.55182
vt 0.21398 0.55222
vt 0.21131 0.55468
vt 0.27827 0.47083
vt 0.27787 0.46888
vt 0.28074 0.46987
vt 0.28197 0.48279
vt 0.28307 0.48068
vt 0.28409 0.48218
vt 0.21001 0.48857
vt 0.20643 0.48697
vt 0.21212 0.48597
vt 0.24174 0.56291
vt 0.24341 0.56024
vt 0.24396 0.56289
vt 0.24347 0.53523
vt 0.24348 0.53745
vt 0.23953 0.53668
vt 0.24341 0.56024
vt 0.24809 0.55668
vt 0.24792 0.55963
vt 0.2619 0.49644
vt 0.26314 0.49942
vt 0.25991 0.49786
vt 0.28353 0.46658
vt 0.27974 0.46658
vt 0.28007 0.46523
vt 0.28309 0.52312
vt 0.27816 0.52222
vt 0.28358 0.51927
vt 0.21802 0.56241
vt 0.22348 0.56308
vt 0.22158 0.5648
vt 0.20206 0.47712
vt 0.20079 0.47738
vt 0.20178 0.4756
vt 0.22237 0.47673
vt 0.21926 0.47725
vt 0.22068 0.47567
vt 0.28139 0.47407
vt 0.28274 0.47151
vt 0.28458 0.47396
vt 0.2274 0.5576
vt 0.23041 0.559
vt 0.22938 0.56154
vt 0.28682 0.46698
vt 0.28418 0.46816
vt 0.28353 0.46658
vt 0.27449 0.4758
vt 0.27767 0.47496
vt 0.27666 0.4775
vt 0.21626 0.55455
vt 0.2171 0.55665
vt 0.21537 0.55651
vt 0.20643 0.48697
vt 0.21001 0.48857
vt 0.20737 0.48969
vt 0.20396 0.48987
vt 0.20194 0.48935
vt 0.20643 0.48697
vt 0.20396 0.48987
vt 0.19988 0.49373
vt 0.1998 0.49085
vt 0.25561 0.52121
vt 0.25004 0.52146
vt 0.25415 0.518
vt 0.27489 0.46979
vt 0.27543 0.46811
vt 0.27787 0.46888
vt 0.21574 0.47384
vt 0.2195 0.47445
vt 0.21688 0.47542
vt 0.27187 0.52132
vt 0.27496 0.51745
vt 0.27816 0.52222
vt 0.24396 0.56289
vt 0.24293 0.56462
vt 0.24174 0.56291
vt 0.26009 0.46877
vt 0.26202 0.47018
vt 0.26031 0.47014
vt 0.2304 0.53225
vt 0.23209 0.53534
vt 0.23004 0.53384
vt 0.22938 0.56154
vt 0.22937 0.56501
vt 0.22519 0.56023
vt 0.23303 0.56112
vt 0.23345 0.56428
vt 0.23148 0.56298
vt 0.2195 0.47445
vt 0.22068 0.47567
vt 0.21926 0.47725
vt 0.19473 0.49116
vt 0.1998 0.49085
vt 0.19988 0.49373
vt 0.23303 0.56112
vt 0.23041 0.559
vt 0.23296 0.55822
vt 0.23129 0.53255
vt 0.23365 0.52976
vt 0.23392 0.5327
vt 0.19495 0.47776
vt 0.19215 0.47807
vt 0.19286 0.47577
vt 0.25561 0.52121
vt 0.25322 0.52494
vt 0.25004 0.52146
vt 0.28682 0.46698
vt 0.28353 0.46658
vt 0.28502 0.46548
vt 0.20737 0.48969
vt 0.20396 0.48987
vt 0.20643 0.48697
vt 0.21926 0.47725
vt 0.22029 0.48035
vt 0.21637 0.47982
vt 0.21051 0.52912
vt 0.20799 0.5286
vt 0.20964 0.52614
vt 0.23575 0.56662
vt 0.23194 0.56658
vt 0.23345 0.56428
vt 0.21866 0.55919
vt 0.2233 0.55829
vt 0.22519 0.56023
vt 0.23345 0.56428
vt 0.23303 0.56112
vt 0.2365 0.56163
vt 0.20927 0.47184
vt 0.20754 0.4731
vt 0.20758 0.47122
vt 0.24673 0.56444
vt 0.24674 0.56191
vt 0.24884 0.56316
vt 0.2304 0.53225
vt 0.23129 0.53255
vt 0.23209 0.53534
vt 0.22618 0.54882
vt 0.21718 0.54921
vt 0.21962 0.5447
vt 0.25805 0.55762
vt 0.25517 0.55815
vt 0.25471 0.55604
vt 0.25163 0.5587
vt 0.25374 0.55986
vt 0.25199 0.56041
vt 0.28647 0.47107
vt 0.28647 0.46953
vt 0.28756 0.46942
vt 0.20617 0.49177
vt 0.20396 0.48987
vt 0.20737 0.48969
vt 0.24095 0.56472
vt 0.24174 0.56291
vt 0.24293 0.56462
vt 0.22519 0.56023
vt 0.22937 0.56501
vt 0.2269 0.56393
vt 0.19988 0.49373
vt 0.20396 0.48987
vt 0.20617 0.49177
vt 0.28629 0.46832
vt 0.28814 0.46664
vt 0.28729 0.46861
vt 0.2274 0.5576
vt 0.22228 0.55646
vt 0.22754 0.5548
vt 0.19422 0.49404
vt 0.19473 0.49116
vt 0.19988 0.49373
vt 0.25163 0.5587
vt 0.24809 0.55668
vt 0.25471 0.55604
vt 0.21707 0.48647
vt 0.21212 0.48597
vt 0.21727 0.48305
vt 0.21872 0.47175
vt 0.2188 0.46929
vt 0.22031 0.47073
vt 0.21212 0.48597
vt 0.21418 0.48899
vt 0.21001 0.48857
vt 0.2365 0.56163
vt 0.23713 0.56448
vt 0.23345 0.56428
vt 0.20617 0.49177
vt 0.20737 0.48969
vt 0.21056 0.49089
vt 0.21866 0.55919
vt 0.21676 0.55833
vt 0.2171 0.55665
vt 0.27137 0.47312
vt 0.27472 0.47385
vt 0.27169 0.47493
vt 0.22519 0.56023
vt 0.2269 0.56393
vt 0.22598 0.56364
vt 0.25986 0.47502
vt 0.26237 0.47745
vt 0.25868 0.47764
vt 0.25374 0.55986
vt 0.25163 0.5587
vt 0.25517 0.55815
vt 0.2003 0.49625
vt 0.19988 0.49373
vt 0.20493 0.49422
vt 0.2269 0.56783
vt 0.22423 0.56857
vt 0.22475 0.5677
vt 0.19558 0.4717
vt 0.19559 0.47301
vt 0.19362 0.47238
vt 0.21772 0.47057
vt 0.21594 0.47172
vt 0.21641 0.46984
vt 0.24884 0.56316
vt 0.24674 0.56191
vt 0.25028 0.56129
vt 0.23367 0.56793
vt 0.23575 0.56662
vt 0.23487 0.56795
vt 0.19988 0.49373
vt 0.2003 0.49625
vt 0.19651 0.49602
vt 0.28788 0.46512
vt 0.28814 0.46664
vt 0.28682 0.46698
vt 0.25642 0.55339
vt 0.25471 0.55604
vt 0.2524 0.5541
vt 0.20912 0.49653
vt 0.20752 0.49582
vt 0.21041 0.49383
vt 0.24809 0.55668
vt 0.23836 0.55684
vt 0.24318 0.55399
vt 0.27472 0.47385
vt 0.27449 0.4758
vt 0.27169 0.47493
vt 0.21056 0.49089
vt 0.21001 0.48857
vt 0.21418 0.48899
vt 0.22348 0.56308
vt 0.21802 0.56241
vt 0.22519 0.56023
vt 0.22598 0.56364
vt 0.22408 0.56438
vt 0.22348 0.56308
vt 0.22063 0.4838
vt 0.22268 0.48702
vt 0.21707 0.48647
vt 0.22063 0.4838
vt 0.21727 0.48305
vt 0.22029 0.48035
vt 0.25517 0.55815
vt 0.25805 0.55762
vt 0.25802 0.55959
vt 0.22579 0.47651
vt 0.22364 0.47951
vt 0.22237 0.47673
vt 0.25028 0.56129
vt 0.25199 0.56041
vt 0.25299 0.56156
vt 0.24936 0.46894
vt 0.24734 0.46944
vt 0.24716 0.46783
vt 0.23751 0.53484
vt 0.24347 0.53523
vt 0.23953 0.53668
vt 0.2569 0.47568
vt 0.25332 0.47566
vt 0.25512 0.47338
vt 0.22387 0.56988
vt 0.22384 0.56795
vt 0.22423 0.56857
vt 0.21962 0.5447
vt 0.21259 0.54548
vt 0.21303 0.54068
vt 0.24175 0.56653
vt 0.24095 0.56472
vt 0.24293 0.56462
vt 0.23251 0.55213
vt 0.22618 0.54882
vt 0.23632 0.5485
vt 0.27341 0.4688
vt 0.27543 0.46811
vt 0.27489 0.46979
vt 0.23194 0.56658
vt 0.22688 0.56485
vt 0.22937 0.56501
vt 0.21418 0.48899
vt 0.21467 0.49177
vt 0.21056 0.49089
vt 0.21849 0.48937
vt 0.21467 0.49177
vt 0.21418 0.48899
vt 0.21041 0.49383
vt 0.20617 0.49177
vt 0.21056 0.49089
vt 0.25802 0.55959
vt 0.25592 0.56106
vt 0.25374 0.55986
vt 0.28468 0.4837
vt 0.28197 0.48279
vt 0.28409 0.48218
vt 0.21849 0.48937
vt 0.22231 0.49061
vt 0.21844 0.49173
vt 0.21849 0.48937
vt 0.21707 0.48647
vt 0.22268 0.48702
vt 0.21676 0.55833
vt 0.21802 0.56241
vt 0.21521 0.55958
vt 0.26937 0.46673
vt 0.27072 0.46395
vt 0.27499 0.46507
vt 0.2785 0.48184
vt 0.28307 0.48068
vt 0.28197 0.48279
vt 0.22688 0.56485
vt 0.22598 0.56364
vt 0.2269 0.56393
vt 0.22409 0.4828
vt 0.22268 0.48702
vt 0.22063 0.4838
vt 0.22409 0.4828
vt 0.22063 0.4838
vt 0.22029 0.48035
vt 0.22364 0.47951
vt 0.22579 0.47651
vt 0.22684 0.47861
vt 0.21418 0.48899
vt 0.21707 0.48647
vt 0.21849 0.48937
vt 0.24674 0.56191
vt 0.24341 0.56024
vt 0.24792 0.55963
vt 0.25517 0.55815
vt 0.25802 0.55959
vt 0.25374 0.55986
vt 0.19825 0.49833
vt 0.2003 0.49625
vt 0.20368 0.49636
vt 0.2003 0.49625
vt 0.19825 0.49833
vt 0.19651 0.49602
vt 0.26652 0.46762
vt 0.26687 0.46909
vt 0.26519 0.469
vt 0.24095 0.56472
vt 0.24175 0.56653
vt 0.23972 0.5653
vt 0.24431 0.56434
vt 0.24435 0.56552
vt 0.24293 0.56462
vt 0.22937 0.56501
vt 0.22688 0.56485
vt 0.2269 0.56393
vt 0.28374 0.46436
vt 0.28671 0.46411
vt 0.28502 0.46548
vt 0.26872 0.46974
vt 0.26879 0.4709
vt 0.26796 0.47066
vt 0.22684 0.47861
vt 0.22616 0.48067
vt 0.22364 0.47951
vt 0.28788 0.46512
vt 0.28671 0.46411
vt 0.28952 0.46361
vt 0.24884 0.56316
vt 0.25028 0.56129
vt 0.25151 0.56332
vt 0.21041 0.49383
vt 0.21056 0.49089
vt 0.21467 0.49177
vt 0.20752 0.49582
vt 0.20493 0.49422
vt 0.21041 0.49383
vt 0.22937 0.56501
vt 0.23345 0.56428
vt 0.23194 0.56658
vt 0.2269 0.56783
vt 0.2282 0.56969
vt 0.22423 0.56857
vt 0.24435 0.56552
vt 0.24431 0.56434
vt 0.24673 0.56444
vt 0.21424 0.53486
vt 0.21029 0.53368
vt 0.21302 0.53104
vt 0.25792 0.47336
vt 0.25879 0.47118
vt 0.25985 0.47238
vt 0.26488 0.47022
vt 0.26647 0.47019
vt 0.26533 0.47159
vt 0.27019 0.47915
vt 0.27228 0.47721
vt 0.273 0.48002
vt 0.23053 0.47901
vt 0.22927 0.48089
vt 0.22616 0.48067
vt 0.29001 0.45975
vt 0.2862 0.45518
vt 0.29366 0.45729
vt 0.20912 0.49653
vt 0.21041 0.49383
vt 0.21228 0.49696
vt 0.28959 0.46721
vt 0.28814 0.46664
vt 0.29053 0.466
vt 0.20912 0.49653
vt 0.20637 0.49739
vt 0.20752 0.49582
vt 0.25151 0.56332
vt 0.25299 0.56156
vt 0.25441 0.56335
vt 0.27072 0.46395
vt 0.27513 0.46203
vt 0.27499 0.46507
vt 0.25245 0.56512
vt 0.24938 0.56462
vt 0.25151 0.56332
vt 0.22231 0.49061
vt 0.21849 0.48937
vt 0.22268 0.48702
vt 0.24673 0.56444
vt 0.24807 0.56692
vt 0.24435 0.56552
vt 0.23972 0.5653
vt 0.24175 0.56653
vt 0.23912 0.56631
vt 0.26243 0.46826
vt 0.26414 0.46784
vt 0.26376 0.46935
vt 0.22688 0.56485
vt 0.23194 0.56658
vt 0.22968 0.56797
vt 0.22686 0.48446
vt 0.22268 0.48702
vt 0.22409 0.4828
vt 0.23972 0.5653
vt 0.23713 0.56448
vt 0.24095 0.56472
vt 0.22057 0.49336
vt 0.21844 0.49173
vt 0.22231 0.49061
vt 0.23036 0.48239
vt 0.22409 0.4828
vt 0.22654 0.48203
vt 0.22927 0.48089
vt 0.22654 0.48203
vt 0.22616 0.48067
vt 0.21228 0.49696
vt 0.21586 0.49431
vt 0.21665 0.49708
vt 0.22057 0.49336
vt 0.21665 0.49708
vt 0.21586 0.49431
vt 0.24396 0.56289
vt 0.24431 0.56434
vt 0.24293 0.56462
vt 0.22231 0.49061
vt 0.22587 0.49171
vt 0.22057 0.49336
vt 0.22409 0.4828
vt 0.23036 0.48239
vt 0.22686 0.48446
vt 0.28814 0.46664
vt 0.28788 0.46512
vt 0.29053 0.466
vt 0.29063 0.46442
vt 0.28788 0.46512
vt 0.28952 0.46361
vt 0.22821 0.50054
vt 0.22442 0.49962
vt 0.22782 0.49741
vt 0.24938 0.56462
vt 0.25245 0.56512
vt 0.24807 0.56692
vt 0.2269 0.56783
vt 0.22688 0.56485
vt 0.22968 0.56797
vt 0.23194 0.56658
vt 0.23367 0.56793
vt 0.22968 0.56797
vt 0.23836 0.55684
vt 0.24809 0.55668
vt 0.24341 0.56024
vt 0.20845 0.49952
vt 0.21228 0.49696
vt 0.21284 0.49949
vt 0.23345 0.56428
vt 0.22937 0.56501
vt 0.23148 0.56298
vt 0.28327 0.45969
vt 0.29001 0.45975
vt 0.28488 0.46236
vt 0.20633 0.50669
vt 0.20809 0.51018
vt 0.20516 0.50901
vt 0.23713 0.56448
vt 0.24174 0.56291
vt 0.24095 0.56472
vt 0.20328 0.50066
vt 0.19978 0.50115
vt 0.2013 0.49858
vt 0.28894 0.46166
vt 0.28671 0.46411
vt 0.28488 0.46236
vt 0.20644 0.5186
vt 0.20434 0.51775
vt 0.20536 0.51534
vt 0.22598 0.56364
vt 0.22688 0.56485
vt 0.22561 0.56476
vt 0.22688 0.56485
vt 0.2269 0.56783
vt 0.22475 0.5677
vt 0.22475 0.5677
vt 0.22561 0.56476
vt 0.22688 0.56485
vt 0.22408 0.56438
vt 0.22439 0.56545
vt 0.22158 0.5648
vt 0.25797 0.56179
vt 0.25592 0.56106
vt 0.25802 0.55959
vt 0.23487 0.56795
vt 0.23821 0.56793
vt 0.2317 0.56899
vt 0.23487 0.56795
vt 0.23575 0.56662
vt 0.23821 0.56793
vt 0.20725 0.52607
vt 0.20964 0.52614
vt 0.20799 0.5286
vt 0.2237 0.4968
vt 0.22074 0.50042
vt 0.2188 0.49846
vt 0.24396 0.56289
vt 0.24341 0.56024
vt 0.24674 0.56191
vt 0.20883 0.52364
vt 0.20725 0.52607
vt 0.20516 0.52499
vt 0.20786 0.50378
vt 0.20633 0.50669
vt 0.20449 0.50365
vt 0.22439 0.56545
vt 0.22408 0.56438
vt 0.22561 0.56476
vt 0.22439 0.56545
vt 0.22377 0.56632
vt 0.22158 0.5648
vt 0.21513 0.50241
vt 0.21692 0.50074
vt 0.21702 0.50312
vt 0.21866 0.55919
vt 0.21802 0.56241
vt 0.21676 0.55833
vt 0.25441 0.56335
vt 0.25566 0.56511
vt 0.25245 0.56512
vt 0.23751 0.53484
vt 0.23209 0.53534
vt 0.23392 0.5327
vt 0.22406 0.50367
vt 0.22291 0.50654
vt 0.22075 0.50604
vt 0.25025 0.4742
vt 0.25236 0.47326
vt 0.25332 0.47566
vt 0.2317 0.56899
vt 0.2269 0.56783
vt 0.22968 0.56797
vt 0.2317 0.56899
vt 0.23367 0.56793
vt 0.23487 0.56795
vt 0.23251 0.55213
vt 0.2303 0.55676
vt 0.22859 0.55232
vt 0.29001 0.45975
vt 0.29317 0.45998
vt 0.28894 0.46166
vt 0.21534 0.50006
vt 0.21665 0.49708
vt 0.2188 0.49846
vt 0.26414 0.46784
vt 0.26279 0.46661
vt 0.2648 0.46648
vt 0.23296 0.55822
vt 0.23388 0.55626
vt 0.23836 0.55684
vt 0.21284 0.49949
vt 0.21228 0.49696
vt 0.21665 0.49708
vt 0.22158 0.5648
vt 0.22377 0.56632
vt 0.22132 0.56677
vt 0.2278 0.5331
vt 0.22383 0.53339
vt 0.22564 0.53123
vt 0.22475 0.5677
vt 0.22423 0.56857
vt 0.22561 0.56476
vt 0.22561 0.56476
vt 0.22384 0.56795
vt 0.22439 0.56545
vt 0.22618 0.54882
vt 0.22456 0.55363
vt 0.2195 0.5527
vt 0.27371 0.47195
vt 0.27137 0.47312
vt 0.27035 0.47138
vt 0.21692 0.50074
vt 0.21513 0.50241
vt 0.21534 0.50006
vt 0.25629 0.56327
vt 0.25576 0.56221
vt 0.25797 0.56179
vt 0.25566 0.56511
vt 0.25441 0.56335
vt 0.25629 0.56327
vt 0.22564 0.53123
vt 0.22493 0.52864
vt 0.22791 0.52903
vt 0.25517 0.55815
vt 0.25163 0.5587
vt 0.25471 0.55604
vt 0.25299 0.56156
vt 0.25592 0.56106
vt 0.25576 0.56221
vt 0.21165 0.50773
vt 0.2115 0.51027
vt 0.2096 0.50675
vt 0.22754 0.5548
vt 0.2303 0.55676
vt 0.23041 0.559
vt 0.22057 0.49336
vt 0.22492 0.49377
vt 0.22014 0.49574
vt 0.22267 0.56805
vt 0.22132 0.56677
vt 0.22377 0.56632
vt 0.22384 0.56795
vt 0.22561 0.56476
vt 0.22423 0.56857
vt 0.22014 0.49574
vt 0.21665 0.49708
vt 0.22057 0.49336
vt 0.21513 0.50241
vt 0.21302 0.50232
vt 0.21534 0.50006
vt 0.21302 0.50232
vt 0.21218 0.5055
vt 0.21039 0.50319
vt 0.21932 0.50445
vt 0.21702 0.50312
vt 0.22074 0.50042
vt 0.20883 0.52364
vt 0.20964 0.52614
vt 0.20725 0.52607
vt 0.2188 0.49846
vt 0.22074 0.50042
vt 0.21692 0.50074
vt 0.22618 0.54882
vt 0.23298 0.54288
vt 0.23632 0.5485
vt 0.21218 0.5055
vt 0.2096 0.50675
vt 0.21039 0.50319
vt 0.20786 0.50378
vt 0.20449 0.50365
vt 0.20845 0.49952
vt 0.22406 0.50367
vt 0.22075 0.50604
vt 0.21932 0.50445
vt 0.22519 0.56023
vt 0.21802 0.56241
vt 0.21866 0.55919
vt 0.22098 0.54032
vt 0.21816 0.53718
vt 0.22294 0.53684
vt 0.21398 0.55222
vt 0.21537 0.55651
vt 0.21131 0.55468
vt 0.20328 0.50066
vt 0.20447 0.49857
vt 0.20845 0.49952
vt 0.21454 0.50465
vt 0.21302 0.50232
vt 0.21513 0.50241
vt 0.21016 0.51258
vt 0.2115 0.51027
vt 0.21211 0.51396
vt 0.22384 0.56795
vt 0.22387 0.56988
vt 0.22267 0.56805
vt 0.22158 0.5648
vt 0.22348 0.56308
vt 0.22408 0.56438
usemtl toothpaste_tube_1
f 1/1/1 2/2/2 3/3/3
f 3/4/3 4/5/4 5/6/5
f 2/7/2 6/8/6 3/9/3
f 7/10/7 8/11/8 9/12/9
f 8/13/8 10/14/10 9/15/9
f 3/16/3 6/17/6 11/18/11
f 12/19/12 13/20/13 14/21/14
f 15/22/15 16/23/16 17/24/17
f 11/25/11 18/26/18 16/27/16
f 19/28/19 17/29/17 16/30/16
f 13/31/13 15/32/15 17/33/17
f 20/34/20 1/35/1 10/36/10
f 18/37/18 19/38/19 16/39/16
f 21/40/21 22/41/22 23/42/23
f 22/43/22 21/44/21 24/45/24
f 25/46/25 26/47/26 27/48/27
f 28/49/28 26/50/26 25/51/25
f 29/52/29 30/53/30 31/54/31
f 32/55/32 30/56/30 21/57/21
f 30/58/30 32/59/32 31/60/31
f 30/61/30 29/62/29 33/63/33
f 21/64/21 33/65/33 24/66/24
f 33/67/33 21/68/21 30/69/30
f 34/70/34 35/71/35 36/72/36
f 36/73/36 35/74/35 31/75/31
f 9/76/9 1/77/1 37/78/37
f 11/79/11 16/80/16 38/81/38
f 1/82/1 3/83/3 37/84/37
f 6/85/6 18/86/18 11/87/11
f 38/88/38 4/89/4 11/90/11
f 39/91/39 40/92/40 41/93/41
f 42/94/42 41/95/41 40/96/40
f 43/97/43 41/98/41 42/99/42
f 40/100/40 39/101/39 44/102/44
f 34/103/34 45/104/45 35/105/35
f 46/106/46 27/107/27 47/108/47
f 27/109/27 26/110/26 47/111/47
f 35/112/35 45/113/45 44/114/44
f 48/115/48 38/116/38 49/117/49
f 40/118/40 50/119/50 42/120/42
f 51/121/51 20/122/20 10/123/10
f 42/124/42 50/125/50 52/126/52
f 8/127/8 53/128/53 54/129/54
f 43/130/43 52/131/52 53/132/53
f 54/133/54 51/134/51 10/135/10
f 55/136/55 43/137/43 53/138/53
f 10/139/10 8/140/8 54/141/54
f 54/142/54 53/143/53 52/144/52
f 52/145/52 43/146/43 42/147/42
f 56/148/56 35/149/35 57/150/57
f 35/151/35 58/152/58 57/153/57
f 41/154/41 57/155/57 58/156/58
f 56/157/56 57/158/57 59/159/59
f 58/160/58 39/161/39 41/162/41
f 43/163/43 57/164/57 41/165/41
f 35/166/35 44/167/44 39/168/39
f 57/169/57 43/170/43 60/171/60
f 60/172/60 61/173/61 59/174/59
f 60/175/60 62/176/62 61/177/61
f 35/178/35 39/179/39 58/180/58
f 62/181/62 60/182/60 55/183/55
f 43/184/43 55/185/55 60/186/60
f 57/187/57 60/188/60 59/189/59
f 63/190/63 64/191/64 25/192/25
f 25/193/25 64/194/64 28/195/28
f 32/196/32 23/197/23 25/198/25
f 21/199/21 23/200/23 32/201/32
f 23/202/23 63/203/63 25/204/25
f 31/205/31 65/206/65 29/207/29
f 66/208/66 67/209/67 68/210/68
f 67/211/67 63/212/63 69/213/69
f 67/214/67 69/215/69 68/216/68
f 22/217/22 63/218/63 23/219/23
f 64/220/64 63/221/63 67/222/67
f 70/223/70 71/224/71 72/225/72
f 69/226/69 63/227/63 73/228/73
f 74/229/74 75/230/75 76/231/76
f 35/232/35 77/233/77 31/234/31
f 78/235/78 79/236/79 33/237/33
f 69/238/69 73/239/73 80/240/80
f 68/241/68 80/242/80 81/243/81
f 80/244/80 68/245/68 69/246/69
f 65/247/65 82/248/82 29/249/29
f 76/250/76 68/251/68 74/252/74
f 71/253/71 75/254/75 72/255/72
f 22/256/22 24/257/24 73/258/73
f 80/259/80 73/260/73 83/261/83
f 68/262/68 84/263/84 74/264/74
f 73/265/73 85/266/85 83/267/83
f 84/268/84 68/269/68 81/270/81
f 72/271/72 74/272/74 84/273/84
f 86/274/86 70/275/70 72/276/72
f 79/277/79 83/278/83 85/279/85
f 79/280/79 84/281/84 81/282/81
f 35/283/35 56/284/56 77/285/77
f 87/286/87 88/287/88 89/288/89
f 90/289/90 91/290/91 86/291/86
f 91/292/91 70/293/70 86/294/86
f 33/295/33 79/296/79 85/297/85
f 84/298/84 79/299/79 90/300/90
f 75/301/75 74/302/74 72/303/72
f 83/304/83 81/305/81 80/306/80
f 89/307/89 78/308/78 82/309/82
f 37/310/37 3/311/3 5/312/5
f 79/313/79 78/314/78 90/315/90
f 11/316/11 4/317/4 3/318/3
f 65/319/65 87/320/87 82/321/82
f 70/322/70 91/323/91 88/324/88
f 82/325/82 87/326/87 89/327/89
f 92/328/92 65/329/65 93/330/93
f 63/331/63 22/332/22 73/333/73
f 89/334/89 88/335/88 91/336/91
f 33/337/33 29/338/29 78/339/78
f 77/340/77 56/341/56 93/342/93
f 87/343/87 92/344/92 94/345/94
f 94/346/94 88/347/88 87/348/87
f 65/349/65 77/350/77 93/351/93
f 90/352/90 78/353/78 89/354/89
f 77/355/77 65/356/65 31/357/31
f 33/358/33 85/359/85 24/360/24
f 24/361/24 85/362/85 73/363/73
f 84/364/84 90/365/90 86/366/86
f 92/367/92 87/368/87 65/369/65
f 82/370/82 78/371/78 29/372/29
f 76/373/76 66/374/66 68/375/68
f 91/376/91 90/377/90 89/378/89
f 81/379/81 83/380/83 79/381/79
f 84/382/84 86/383/86 72/384/72
f 37/385/37 7/386/7 9/387/9
f 95/388/95 7/389/7 96/390/96
f 5/391/5 96/392/96 37/393/37
f 97/394/97 95/395/95 98/396/98
f 7/397/7 37/398/37 96/399/96
f 48/400/48 4/401/4 38/402/38
f 99/403/99 53/404/53 8/405/8
f 100/406/100 97/407/97 98/408/98
f 55/409/55 53/410/53 99/411/99
f 97/412/97 101/413/101 95/414/95
f 102/415/102 97/416/97 100/417/100
f 103/418/103 102/419/102 100/420/100
f 101/421/101 99/422/99 95/423/95
f 101/424/101 102/425/102 55/426/55
f 7/427/7 95/428/95 8/429/8
f 101/430/101 55/431/55 99/432/99
f 99/433/99 8/434/8 95/435/95
f 62/436/62 55/437/55 102/438/102
f 101/439/101 97/440/97 102/441/102
f 61/442/61 62/443/62 103/444/103
f 15/445/15 13/446/13 104/447/104
f 103/448/103 100/449/100 105/450/105
f 106/451/106 107/452/107 105/453/105
f 62/454/62 102/455/102 103/456/103
f 61/457/61 108/458/108 59/459/59
f 109/460/109 107/461/107 106/462/106
f 108/463/108 61/464/61 107/465/107
f 105/466/105 107/467/107 61/468/61
f 103/469/103 105/470/105 61/471/61
f 105/472/105 100/473/100 106/474/106
f 9/475/9 10/476/10 1/477/1
f 110/478/110 111/479/111 104/480/104
f 4/481/4 48/482/48 5/483/5
f 13/484/13 12/485/12 104/486/104
f 12/487/12 110/488/110 104/489/104
f 111/490/111 15/491/15 104/492/104
f 16/493/16 15/494/15 111/495/111
f 38/496/38 111/497/111 49/498/49
f 38/499/38 16/500/16 111/501/111
f 112/502/112 113/503/113 114/504/114
f 115/505/115 116/506/116 117/507/117
f 116/508/116 118/509/118 117/510/117
f 119/511/119 120/512/120 121/513/121
f 122/514/122 123/515/123 124/516/124
f 125/517/125 123/518/123 122/519/122
f 126/520/126 127/521/127 128/522/128
f 124/523/124 129/524/129 119/525/119
f 123/526/123 129/527/129 124/528/124
f 121/529/121 130/530/130 131/531/131
f 132/532/132 133/533/133 134/534/134
f 135/535/135 125/536/125 122/537/122
f 124/538/124 119/539/119 121/540/121
f 136/541/136 137/542/137 138/543/138
f 128/544/128 127/545/127 120/546/120
f 126/547/126 139/548/139 127/549/127
f 140/550/140 138/551/138 141/552/141
f 141/553/141 137/554/137 142/555/142
f 143/556/143 141/557/141 142/558/142
f 142/559/142 129/560/129 144/561/144
f 145/562/145 143/563/143 142/564/142
f 146/565/146 144/566/144 123/567/123
f 125/568/125 147/569/147 123/570/123
f 143/571/143 140/572/140 141/573/141
f 146/574/146 148/575/148 144/576/144
f 122/577/122 131/578/131 135/579/135
f 121/580/121 131/581/131 124/582/124
f 124/583/124 131/584/131 122/585/122
f 145/586/145 149/587/149 143/588/143
f 123/589/123 144/590/144 129/591/129
f 150/592/150 132/593/132 134/594/134
f 151/595/151 149/596/149 145/597/145
f 152/598/152 148/599/148 146/600/146
f 120/601/120 127/602/127 121/603/121
f 149/604/149 153/605/153 154/606/154
f 142/607/142 137/608/137 129/609/129
f 139/610/139 130/611/130 127/612/127
f 151/613/151 153/614/153 149/615/149
f 155/616/155 156/617/156 151/618/151
f 156/619/156 155/620/155 157/621/157
f 152/622/152 158/623/158 148/624/148
f 155/625/155 151/626/151 145/627/145
f 159/628/159 160/629/160 161/630/161
f 154/631/154 162/632/162 163/633/163
f 164/634/164 165/635/165 166/636/166
f 158/637/158 155/638/155 145/639/145
f 156/640/156 153/641/153 151/642/151
f 167/643/167 165/644/165 168/645/168
f 130/646/130 139/647/139 134/648/134
f 168/649/168 169/650/169 167/651/167
f 165/652/165 167/653/167 156/654/156
f 165/655/165 156/656/156 157/657/157
f 168/658/168 165/659/165 170/660/170
f 171/661/171 172/662/172 173/663/173
f 165/664/165 157/665/157 166/666/166
f 172/667/172 174/668/174 173/669/173
f 165/670/165 175/671/175 170/672/170
f 140/673/140 149/674/149 154/675/154
f 167/676/167 169/677/169 162/678/162
f 169/679/169 168/680/168 170/681/170
f 174/682/174 175/683/175 173/684/173
f 117/685/117 174/686/174 172/687/172
f 166/688/166 171/689/171 164/690/164
f 170/691/170 174/692/174 169/693/169
f 171/694/171 173/695/173 164/696/164
f 143/697/143 149/698/149 140/699/140
f 174/700/174 117/701/117 169/702/169
f 136/703/136 176/704/176 177/705/177
f 178/706/178 179/707/179 177/708/177
f 120/709/120 119/710/119 177/711/177
f 120/712/120 177/713/177 128/714/128
f 175/715/175 174/716/174 170/717/170
f 128/718/128 177/719/177 179/720/179
f 179/721/179 180/722/180 128/723/128
f 129/724/129 137/725/137 119/726/119
f 119/727/119 137/728/137 136/729/136
f 177/730/177 176/731/176 178/732/178
f 137/733/137 141/734/141 138/735/138
f 119/736/119 136/737/136 177/738/177
f 172/739/172 181/740/181 115/741/115
f 148/742/148 158/743/158 145/744/145
f 182/745/182 181/746/181 172/747/172
f 175/748/175 165/749/165 164/750/164
f 183/751/183 131/752/131 130/753/130
f 133/754/133 183/755/183 130/756/130
f 133/757/133 184/758/184 183/759/183
f 162/760/162 169/761/169 163/762/163
f 153/763/153 167/764/167 162/765/162
f 172/766/172 171/767/171 182/768/182
f 162/769/162 154/770/154 153/771/153
f 164/772/164 173/773/173 175/774/175
f 145/775/145 142/776/142 144/777/144
f 145/778/145 144/779/144 148/780/148
f 167/781/167 153/782/153 156/783/156
f 146/784/146 123/785/123 147/786/147
f 160/787/160 159/788/159 185/789/185
f 186/790/186 187/791/187 113/792/113
f 134/793/134 139/794/139 150/795/150
f 161/796/161 113/797/113 159/798/159
f 112/799/112 180/800/180 186/801/186
f 113/802/113 161/803/161 114/804/114
f 187/805/187 159/806/159 113/807/113
f 128/808/128 180/809/180 112/810/112
f 112/811/112 186/812/186 113/813/113
f 160/814/160 188/815/188 161/816/161
f 114/817/114 189/818/189 150/819/150
f 133/820/133 130/821/130 134/822/134
f 127/823/127 130/824/130 121/825/121
f 126/826/126 112/827/112 114/828/114
f 184/829/184 133/830/133 132/831/132
f 114/832/114 150/833/150 126/834/126
f 161/835/161 190/836/190 189/837/189
f 190/838/190 161/839/161 188/840/188
f 112/841/112 126/842/126 128/843/128
f 139/844/139 126/845/126 150/846/150
f 132/847/132 150/848/150 190/849/190
f 191/850/191 192/851/192 193/852/193
f 115/853/115 117/854/117 172/855/172
f 193/856/193 194/857/194 195/858/195
f 116/859/116 192/860/192 191/861/191
f 114/862/114 161/863/161 189/864/189
f 116/865/116 196/866/196 118/867/118
f 118/868/118 196/869/196 197/870/197
f 196/871/196 191/872/191 198/873/198
f 169/874/169 197/875/197 163/876/163
f 193/877/193 195/878/195 191/879/191
f 191/880/191 196/881/196 116/882/116
f 197/883/197 169/884/169 117/885/117
f 117/886/117 118/887/118 197/888/197
f 196/889/196 199/890/199 197/891/197
f 200/892/200 197/893/197 199/894/199
f 189/895/189 190/896/190 150/897/150
f 163/898/163 197/899/197 200/900/200
f 196/901/196 198/902/198 199/903/199
f 201/904/201 202/905/202 203/906/203
f 204/907/204 205/908/205 206/909/206
f 207/910/207 208/911/208 209/912/209
f 210/913/210 211/914/211 202/915/202
f 212/916/212 213/917/213 214/918/214
f 215/919/215 216/920/216 217/921/217
f 202/922/202 211/923/211 218/924/218
f 203/925/203 218/926/218 219/927/219
f 215/928/215 220/929/220 216/930/216
f 221/931/221 222/932/222 223/933/223
f 224/934/224 225/935/225 226/936/226
f 223/937/223 222/938/222 227/939/227
f 228/940/228 229/941/229 230/942/230
f 231/943/231 214/944/214 232/945/232
f 210/946/210 207/947/207 209/948/209
f 233/949/233 232/950/232 207/951/207
f 234/952/234 235/953/235 236/954/236
f 203/955/203 237/956/237 201/957/201
f 238/958/238 239/959/239 240/960/240
f 241/961/241 224/962/224 229/963/229
f 229/964/229 242/965/242 241/966/241
f 227/967/227 243/968/243 244/969/244
f 205/970/205 241/971/241 245/972/245
f 246/973/246 247/974/247 242/975/242
f 245/976/245 242/977/242 248/978/248
f 235/979/235 249/980/249 236/981/236
f 249/982/249 224/983/224 204/984/204
f 206/985/206 213/986/213 212/987/212
f 229/988/229 224/989/224 230/990/230
f 250/991/250 251/992/251 252/993/252
f 215/994/215 253/995/253 254/996/254
f 255/997/255 246/998/246 256/999/256
f 257/1000/257 255/1001/255 256/1002/256
f 258/1003/258 259/1004/259 260/1005/260
f 261/1006/261 262/1007/262 263/1008/263
f 264/1009/264 255/1010/255 265/1011/265
f 266/1012/266 267/1013/267 268/1014/268
f 265/1015/265 262/1016/262 264/1017/264
f 216/1018/216 238/1019/238 217/1020/217
f 224/1021/224 249/1022/249 225/1023/225
f 269/1024/269 270/1025/270 271/1026/271
f 272/1027/272 273/1028/273 274/1029/274
f 269/1030/269 271/1031/271 226/1032/226
f 275/1033/275 262/1034/262 265/1035/265
f 226/1036/226 276/1037/276 269/1038/269
f 246/1039/246 242/1040/242 228/1041/228
f 277/1042/277 217/1043/217 240/1044/240
f 272/1045/272 278/1046/278 252/1047/252
f 279/1048/279 269/1049/269 276/1050/276
f 216/1051/216 280/1052/280 238/1053/238
f 240/1054/240 217/1055/217 238/1056/238
f 254/1057/254 220/1058/220 215/1059/215
f 253/1060/253 215/1061/215 277/1062/277
f 275/1063/275 271/1064/271 270/1065/270
f 270/1066/270 269/1067/269 266/1068/266
f 279/1069/279 276/1070/276 274/1071/274
f 281/1072/281 239/1073/239 282/1074/282
f 227/1075/227 244/1076/244 223/1077/223
f 283/1078/283 254/1079/254 284/1080/284
f 285/1081/285 250/1082/250 252/1083/252
f 265/1084/265 271/1085/271 275/1086/275
f 286/1087/286 259/1088/259 287/1089/287
f 204/1090/204 241/1091/241 205/1092/205
f 285/1093/285 288/1094/288 250/1095/250
f 204/1096/204 206/1097/206 212/1098/212
f 263/1099/263 282/1100/282 261/1101/261
f 214/1102/214 213/1103/213 232/1104/232
f 263/1105/263 289/1106/289 290/1107/290
f 291/1108/291 292/1109/292 288/1110/288
f 282/1111/282 263/1112/263 281/1113/281
f 214/1114/214 234/1115/234 212/1116/212
f 293/1117/293 265/1118/265 257/1119/257
f 257/1120/257 256/1121/256 294/1122/294
f 290/1123/290 289/1124/289 287/1125/287
f 291/1126/291 284/1127/284 254/1128/254
f 294/1129/294 226/1130/226 293/1131/293
f 228/1132/228 294/1133/294 246/1134/246
f 257/1135/257 294/1136/294 293/1137/293
f 246/1138/246 294/1139/294 256/1140/256
f 226/1141/226 294/1142/294 228/1143/228
f 286/1144/286 273/1145/273 252/1146/252
f 275/1147/275 263/1148/263 262/1149/262
f 292/1150/292 291/1151/291 253/1152/253
f 265/1153/265 255/1154/255 257/1155/257
f 226/1156/226 228/1157/228 230/1158/230
f 251/1159/251 250/1160/250 292/1161/292
f 263/1162/263 290/1163/290 281/1164/281
f 268/1165/268 289/1166/289 270/1167/270
f 274/1168/274 273/1169/273 267/1170/267
f 286/1171/286 268/1172/268 267/1173/267
f 260/1174/260 277/1175/277 240/1176/240
f 250/1177/250 288/1178/288 292/1179/292
f 268/1180/268 286/1181/286 289/1182/289
f 277/1183/277 215/1184/215 217/1185/217
f 251/1186/251 260/1187/260 259/1188/259
f 289/1189/289 286/1190/286 287/1191/287
f 273/1192/273 272/1193/272 252/1194/252
f 292/1195/292 253/1196/253 277/1197/277
f 259/1198/259 286/1199/286 252/1200/252
f 266/1201/266 269/1202/269 279/1203/279
f 212/1204/212 236/1205/236 204/1206/204
f 203/1207/203 202/1208/202 218/1209/218
f 251/1210/251 292/1211/292 277/1212/277
f 254/1213/254 283/1214/283 220/1215/220
f 267/1216/267 279/1217/279 274/1218/274
f 289/1219/289 263/1220/263 275/1221/275
f 266/1222/266 268/1223/268 270/1224/270
f 259/1225/259 290/1226/290 287/1227/287
f 290/1228/290 258/1229/258 281/1230/281
f 259/1231/259 252/1232/252 251/1233/251
f 271/1234/271 265/1235/265 293/1236/293
f 252/1237/252 278/1238/278 285/1239/285
f 281/1240/281 240/1241/240 239/1242/239
f 240/1243/240 258/1244/258 260/1245/260
f 258/1246/258 240/1247/240 281/1248/281
f 234/1249/234 236/1250/236 212/1251/212
f 289/1252/289 275/1253/275 270/1254/270
f 290/1255/290 259/1256/259 258/1257/258
f 254/1258/254 253/1259/253 291/1260/291
f 267/1261/267 266/1262/266 279/1263/279
f 224/1264/224 226/1265/226 230/1266/230
f 274/1267/274 276/1268/276 295/1269/295
f 296/1270/296 297/1271/297 298/1272/298
f 299/1273/299 237/1274/237 203/1275/203
f 300/1276/300 298/1277/298 301/1278/301
f 247/1279/247 248/1280/248 242/1281/242
f 302/1282/302 282/1283/282 239/1284/239
f 251/1285/251 277/1286/277 260/1287/260
f 293/1288/293 226/1289/226 271/1290/271
f 273/1291/273 286/1292/286 267/1293/267
f 303/1294/303 244/1295/244 304/1296/304
f 300/1297/300 235/1298/235 237/1299/237
f 249/1300/249 235/1301/235 225/1302/225
f 291/1303/291 305/1304/305 306/1305/306
f 235/1306/235 300/1307/300 301/1308/301
f 304/1309/304 272/1310/272 274/1311/274
f 223/1312/223 244/1313/244 303/1314/303
f 296/1315/296 307/1316/307 221/1317/221
f 301/1318/301 225/1319/225 235/1320/235
f 244/1321/244 308/1322/308 304/1323/304
f 299/1324/299 307/1325/307 300/1326/300
f 305/1327/305 309/1328/309 310/1329/310
f 304/1330/304 311/1331/311 303/1332/303
f 305/1333/305 310/1334/310 306/1335/306
f 308/1336/308 243/1337/243 312/1338/312
f 237/1339/237 299/1340/299 300/1341/300
f 311/1342/311 274/1343/274 295/1344/295
f 305/1345/305 304/1346/304 308/1347/308
f 308/1348/308 312/1349/312 305/1350/305
f 243/1351/243 308/1352/308 244/1353/244
f 305/1354/305 291/1355/291 288/1356/288
f 312/1357/312 309/1358/309 305/1359/305
f 304/1360/304 274/1361/274 311/1362/311
f 221/1363/221 223/1364/223 296/1365/296
f 278/1366/278 304/1367/304 305/1368/305
f 291/1369/291 306/1370/306 284/1371/284
f 225/1372/225 295/1373/295 226/1374/226
f 242/1375/242 229/1376/229 228/1377/228
f 242/1378/242 245/1379/245 241/1380/241
f 301/1381/301 313/1382/313 225/1383/225
f 225/1384/225 313/1385/313 295/1386/295
f 305/1387/305 288/1388/288 285/1389/285
f 304/1390/304 278/1391/278 272/1392/272
f 305/1393/305 285/1394/285 278/1395/278
f 204/1396/204 224/1397/224 241/1398/241
f 222/1399/222 221/1400/221 314/1401/314
f 303/1402/303 311/1403/311 297/1404/297
f 303/1405/303 297/1406/297 296/1407/296
f 307/1408/307 296/1409/296 298/1410/298
f 221/1411/221 307/1412/307 314/1413/314
f 303/1414/303 296/1415/296 223/1416/223
f 226/1417/226 295/1418/295 276/1419/276
f 219/1420/219 299/1421/299 203/1422/203
f 314/1423/314 219/1424/219 315/1425/315
f 219/1426/219 314/1427/314 299/1428/299
f 297/1429/297 313/1430/313 298/1431/298
f 232/1432/232 233/1433/233 231/1434/231
f 311/1435/311 295/1436/295 313/1437/313
f 301/1438/301 298/1439/298 313/1440/313
f 314/1441/314 307/1442/307 299/1443/299
f 298/1444/298 300/1445/300 307/1446/307
f 297/1447/297 311/1448/311 313/1449/313
f 315/1450/315 222/1451/222 314/1452/314
f 204/1453/204 236/1454/236 249/1455/249
f 214/1456/214 231/1457/231 234/1458/234
f 201/1459/201 316/1460/316 202/1461/202
f 207/1462/207 201/1463/201 233/1464/233
f 233/1465/233 201/1466/201 231/1467/231
f 234/1468/234 231/1469/231 235/1470/235
f 316/1471/316 201/1472/201 207/1473/207
f 201/1474/201 237/1475/237 231/1476/231
f 209/1477/209 211/1478/211 210/1479/210
f 237/1480/237 235/1481/235 231/1482/231
f 316/1483/316 207/1484/207 210/1485/210
f 202/1486/202 316/1487/316 210/1488/210
f 317/1489/317 318/1490/318 319/1491/319
f 319/1492/319 320/1493/320 317/1494/317
f 320/1495/320 321/1496/321 317/1497/317
f 322/1498/322 321/1499/321 320/1500/320
f 323/1501/323 321/1502/321 324/1503/324
f 320/1504/320 325/1505/325 322/1506/322
f 326/1507/326 327/1508/327 328/1509/328
f 329/1510/329 330/1511/330 328/1512/328
f 331/1513/331 332/1514/332 324/1515/324
f 324/1516/324 321/1517/321 331/1518/331
f 333/1519/333 334/1520/334 319/1521/319
f 331/1522/331 321/1523/321 335/1524/335
f 333/1525/333 336/1526/336 334/1527/334
f 336/1528/336 333/1529/333 337/1530/337
f 335/1531/335 338/1532/338 339/1533/339
f 340/1534/340 327/1535/327 341/1536/341
f 337/1537/337 342/1538/342 336/1539/336
f 343/1540/343 344/1541/344 345/1542/345
f 346/1543/346 345/1544/345 334/1545/334
f 343/1546/343 345/1547/345 347/1548/347
f 336/1549/336 342/1550/342 330/1551/330
f 327/1552/327 326/1553/326 341/1554/341
f 348/1555/348 336/1556/336 330/1557/330
f 349/1558/349 350/1559/350 347/1560/347
f 328/1561/328 351/1562/351 352/1563/352
f 325/1564/325 338/1565/338 322/1566/322
f 322/1567/322 338/1568/338 321/1569/321
f 336/1570/336 346/1571/346 334/1572/334
f 330/1573/330 353/1574/353 348/1575/348
f 350/1576/350 332/1577/332 331/1578/331
f 349/1579/349 347/1580/347 354/1581/354
f 328/1582/328 355/1583/355 351/1584/351
f 356/1585/356 357/1586/357 318/1587/318
f 339/1588/339 344/1589/344 358/1590/358
f 359/1591/359 360/1592/360 324/1593/324
f 338/1594/338 325/1595/325 344/1596/344
f 345/1597/345 344/1598/344 325/1599/325
f 336/1600/336 348/1601/348 346/1602/346
f 354/1603/354 347/1604/347 361/1605/361
f 358/1606/358 343/1607/343 347/1608/347
f 339/1609/339 338/1610/338 344/1611/344
f 323/1612/323 362/1613/362 321/1614/321
f 347/1615/347 345/1616/345 361/1617/361
f 358/1618/358 347/1619/347 350/1620/350
f 332/1621/332 363/1622/363 359/1623/359
f 334/1624/334 345/1625/345 325/1626/325
f 321/1627/321 362/1628/362 317/1629/317
f 364/1630/364 365/1631/365 357/1632/357
f 320/1633/320 319/1634/319 334/1635/334
f 358/1636/358 350/1637/350 335/1638/335
f 331/1639/331 335/1640/335 350/1641/350
f 350/1642/350 349/1643/349 366/1644/366
f 328/1645/328 367/1646/367 329/1647/329
f 366/1648/366 363/1649/363 332/1650/332
f 355/1651/355 342/1652/342 337/1653/337
f 355/1654/355 330/1655/330 342/1656/342
f 326/1657/326 352/1658/352 351/1659/351
f 334/1660/334 325/1661/325 320/1662/320
f 335/1663/335 321/1664/321 338/1665/338
f 339/1666/339 358/1667/358 335/1668/335
f 343/1669/343 358/1670/358 344/1671/344
f 359/1672/359 324/1673/324 332/1674/332
f 366/1675/366 332/1676/332 350/1677/350
f 366/1678/366 349/1679/349 354/1680/354
f 353/1681/353 330/1682/330 329/1683/329
f 355/1684/355 328/1685/328 330/1686/330
f 356/1687/356 318/1688/318 317/1689/317
f 352/1690/352 326/1691/326 328/1692/328
f 327/1693/327 367/1694/367 328/1695/328
f 364/1696/364 357/1697/357 356/1698/356
f 362/1699/362 356/1700/356 317/1701/317
f 318/1702/318 357/1703/357 319/1704/319
f 368/1705/368 369/1706/369 370/1707/370
f 370/1708/370 369/1709/369 371/1710/371
f 371/1711/371 369/1712/369 372/1713/372
f 373/1714/373 374/1715/374 375/1716/375
f 376/1717/376 377/1718/377 378/1719/378
f 379/1720/379 380/1721/380 381/1722/381
f 382/1723/382 383/1724/383 384/1725/384
f 385/1726/385 386/1727/386 387/1728/387
f 383/1729/383 388/1730/388 384/1731/384
f 382/1732/382 389/1733/389 383/1734/383
f 380/1735/380 390/1736/390 391/1737/391
f 392/1738/392 393/1739/393 382/1740/382
f 388/1741/388 385/1742/385 394/1743/394
f 395/1744/395 384/1745/384 388/1746/388
f 394/1747/394 384/1748/384 395/1749/395
f 394/1750/394 385/1751/385 387/1752/387
f 396/1753/396 397/1754/397 398/1755/398
f 399/1756/399 400/1757/400 398/1758/398
f 401/1759/401 402/1760/402 373/1761/373
f 403/1762/403 378/1763/378 377/1764/377
f 404/1765/404 405/1766/405 406/1767/406
f 390/1768/390 375/1769/375 407/1770/407
f 390/1771/390 380/1772/380 375/1773/375
f 386/1774/386 408/1775/408 387/1776/387
f 409/1777/409 408/1778/408 386/1779/386
f 410/1780/410 409/1781/409 411/1782/411
f 406/1783/406 410/1784/410 404/1785/404
f 412/1786/412 384/1787/384 394/1788/394
f 410/1789/410 411/1790/411 413/1791/413
f 400/1792/400 412/1793/412 398/1794/398
f 399/1795/399 398/1796/398 397/1797/397
f 414/1798/414 412/1799/412 394/1800/394
f 414/1801/414 398/1802/398 412/1803/412
f 398/1804/398 414/1805/414 396/1806/396
f 414/1807/414 394/1808/394 387/1809/387
f 388/1810/388 394/1811/394 395/1812/395
f 378/1813/378 403/1814/403 415/1815/415
f 411/1816/411 409/1817/409 386/1818/386
f 410/1819/410 406/1820/406 409/1821/409
f 401/1822/401 416/1823/416 417/1824/417
f 376/1825/376 390/1826/390 407/1827/407
f 379/1828/379 381/1829/381 418/1830/418
f 390/1831/390 376/1832/376 378/1833/378
f 375/1834/375 380/1835/380 379/1836/379
f 419/1837/419 420/1838/420 421/1839/421
f 420/1840/420 400/1841/400 421/1842/421
f 420/1843/420 382/1844/382 384/1845/384
f 420/1846/420 412/1847/412 400/1848/400
f 420/1849/420 419/1850/419 422/1851/422
f 422/1852/422 382/1853/382 420/1854/420
f 416/1855/416 401/1856/401 373/1857/373
f 412/1858/412 420/1859/420 384/1860/384
f 373/1861/373 402/1862/402 374/1863/374
f 405/1864/405 381/1865/381 380/1866/380
f 423/1867/423 402/1868/402 401/1869/401
f 381/1870/381 405/1871/405 404/1872/404
f 424/1873/424 425/1874/425 426/1875/426
f 427/1876/427 406/1877/406 425/1878/425
f 397/1879/397 396/1880/396 425/1881/425
f 391/1882/391 425/1883/425 406/1884/406
f 396/1885/396 414/1886/414 427/1887/427
f 424/1888/424 378/1889/378 415/1890/415
f 427/1891/427 425/1892/425 396/1893/396
f 414/1894/414 387/1895/387 408/1896/408
f 425/1897/425 391/1898/391 426/1899/426
f 399/1900/399 397/1901/397 428/1902/428
f 428/1903/428 397/1904/397 415/1905/415
f 408/1906/408 409/1907/409 427/1908/427
f 390/1909/390 426/1910/426 391/1911/391
f 427/1912/427 414/1913/414 408/1914/408
f 424/1915/424 415/1916/415 397/1917/397
f 424/1918/424 397/1919/397 425/1920/425
f 378/1921/378 424/1922/424 426/1923/426
f 391/1924/391 406/1925/406 405/1926/405
f 427/1927/427 409/1928/409 406/1929/406
f 399/1930/399 428/1931/428 415/1932/415
f 390/1933/390 378/1934/378 426/1935/426
f 382/1936/382 422/1937/422 392/1938/392
f 375/1939/375 379/1940/379 373/1941/373
f 389/1942/389 382/1943/382 393/1944/393
f 392/1945/392 429/1946/429 393/1947/393
f 380/1948/380 391/1949/391 405/1950/405
f 418/1951/418 416/1952/416 373/1953/373
f 375/1954/375 374/1955/374 407/1956/407
f 373/1957/373 379/1958/379 418/1959/418
f 430/1960/430 431/1961/431 432/1962/432
f 433/1963/433 434/1964/434 435/1965/435
f 435/1966/435 434/1967/434 436/1968/436
f 437/1969/437 438/1970/438 439/1971/439
f 440/1972/440 441/1973/441 442/1974/442
f 443/1975/443 444/1976/444 445/1977/445
f 446/1978/446 447/1979/447 436/1980/436
f 448/1981/448 449/1982/449 450/1983/450
f 435/1984/435 451/1985/451 452/1986/452
f 431/1987/431 448/1988/448 453/1989/453
f 439/1990/439 438/1991/438 454/1992/454
f 430/1993/430 445/1994/445 449/1995/449
f 451/1996/451 436/1997/436 455/1998/455
f 454/1999/454 456/2000/456 457/2001/457
f 435/2002/435 436/2003/436 451/2004/451
f 458/2005/458 448/2006/448 459/2007/459
f 446/2008/446 432/2009/432 453/2010/453
f 436/2011/436 447/2012/447 455/2013/455
f 449/2014/449 431/2015/431 430/2016/430
f 447/2017/447 458/2018/458 455/2019/455
f 448/2020/448 458/2021/458 460/2022/460
f 431/2023/431 449/2024/449 448/2025/448
f 457/2026/457 461/2027/461 462/2028/462
f 457/2029/457 456/2030/456 459/2031/459
f 433/2032/433 463/2033/463 441/2034/441
f 447/2035/447 460/2036/460 458/2037/458
f 464/2038/464 434/2039/434 465/2040/465
f 458/2041/458 466/2042/466 467/2043/467
f 464/2044/464 468/2045/468 469/2046/469
f 470/2047/470 439/2048/439 457/2049/457
f 432/2050/432 431/2051/431 453/2052/453
f 471/2053/471 472/2054/472 473/2055/473
f 459/2056/459 448/2057/448 450/2058/450
f 466/2059/466 456/2060/456 454/2061/454
f 455/2062/455 458/2063/458 474/2064/474
f 456/2065/456 466/2066/466 459/2067/459
f 471/2068/471 468/2069/468 472/2070/472
f 441/2071/441 465/2072/465 433/2073/433
f 454/2074/454 467/2075/467 466/2076/466
f 475/2077/475 468/2078/468 471/2079/471
f 476/2080/476 433/2081/433 452/2082/452
f 466/2083/466 458/2084/458 459/2085/459
f 450/2086/450 457/2087/457 459/2088/459
f 434/2089/434 433/2090/433 465/2091/465
f 449/2092/449 461/2093/461 450/2094/450
f 447/2095/447 446/2096/446 460/2097/460
f 477/2098/477 478/2099/478 479/2100/479
f 480/2101/480 441/2102/441 463/2103/463
f 441/2104/441 440/2105/440 481/2106/481
f 470/2107/470 457/2108/457 462/2109/462
f 443/2110/443 482/2111/482 444/2112/444
f 480/2113/480 442/2114/442 441/2115/441
f 454/2116/454 438/2117/438 483/2118/483
f 448/2119/448 460/2120/460 453/2121/453
f 449/2122/449 445/2123/445 444/2124/444
f 446/2125/446 453/2126/453 460/2127/460
f 482/2128/482 461/2129/461 444/2130/444
f 472/2131/472 468/2132/468 473/2133/473
f 468/2134/468 465/2135/465 441/2136/441
f 473/2137/473 484/2138/484 471/2139/471
f 468/2140/468 441/2141/441 481/2142/481
f 477/2143/477 479/2144/479 438/2145/438
f 483/2146/483 438/2147/438 479/2148/479
f 485/2149/485 486/2150/486 484/2151/484
f 468/2152/468 464/2153/464 465/2154/465
f 471/2155/471 484/2156/484 486/2157/486
f 487/2158/487 488/2159/488 489/2160/489
f 469/2161/469 475/2162/475 490/2163/490
f 487/2164/487 489/2165/489 486/2166/486
f 463/2167/463 433/2168/433 476/2169/476
f 432/2170/432 490/2171/490 491/2172/491
f 446/2173/446 469/2174/469 432/2175/432
f 469/2176/469 490/2177/490 432/2178/432
f 461/2179/461 449/2180/449 444/2181/444
f 468/2182/468 475/2183/475 469/2184/469
f 471/2185/471 489/2186/489 475/2187/475
f 473/2188/473 468/2189/468 481/2190/481
f 469/2191/469 446/2192/446 464/2193/464
f 492/2194/492 490/2195/490 488/2196/488
f 461/2197/461 482/2198/482 493/2199/493
f 443/2200/443 493/2201/493 482/2202/482
f 488/2203/488 490/2204/490 475/2205/475
f 492/2206/492 491/2207/491 490/2208/490
f 475/2209/475 489/2210/489 488/2211/488
f 491/2212/491 430/2213/430 432/2214/432
f 471/2215/471 486/2216/486 489/2217/489
f 464/2218/464 446/2219/446 436/2220/436
f 450/2221/450 461/2222/461 457/2223/457
f 458/2224/458 467/2225/467 474/2226/474
f 454/2227/454 457/2228/457 439/2229/439
f 439/2230/439 470/2231/470 437/2232/437
f 464/2233/464 436/2234/436 434/2235/434
f 452/2236/452 433/2237/433 435/2238/435
f 494/2239/494 495/2240/495 496/2241/496
f 497/2242/497 498/2243/498 499/2244/499
f 500/2245/500 501/2246/501 502/2247/502
f 503/2248/503 497/2249/497 499/2250/499
f 504/2251/504 505/2252/505 506/2253/506
f 507/2254/507 508/2255/508 509/2256/509
f 510/2257/510 511/2258/511 512/2259/512
f 508/2260/508 513/2261/513 514/2262/514
f 506/2263/506 515/2264/515 516/2265/516
f 514/2266/514 509/2267/509 508/2268/508
f 517/2269/517 518/2270/518 519/2271/519
f 515/2272/515 520/2273/520 521/2274/521
f 503/2275/503 499/2276/499 522/2277/522
f 523/2278/523 495/2279/495 498/2280/498
f 524/2281/524 501/2282/501 525/2283/525
f 522/2284/522 507/2285/507 503/2286/503
f 516/2287/516 515/2288/515 526/2289/526
f 513/2290/513 527/2291/527 501/2292/501
f 528/2293/528 529/2294/529 530/2295/530
f 518/2296/518 502/2297/502 527/2298/527
f 520/2299/520 515/2300/515 506/2301/506
f 531/2302/531 511/2303/511 532/2304/532
f 528/2305/528 533/2306/533 513/2307/513
f 534/2308/534 535/2309/535 536/2310/536
f 531/2311/531 537/2312/537 512/2313/512
f 538/2314/538 536/2315/536 535/2316/535
f 513/2317/513 501/2318/501 539/2319/539
f 504/2320/504 536/2321/536 505/2322/505
f 521/2323/521 540/2324/540 526/2325/526
f 518/2326/518 527/2327/527 507/2328/507
f 513/2329/513 508/2330/508 527/2331/527
f 521/2332/521 537/2333/537 531/2334/531
f 537/2335/537 541/2336/541 542/2337/542
f 543/2338/543 544/2339/544 516/2340/516
f 545/2341/545 542/2342/542 541/2343/541
f 537/2344/537 521/2345/521 520/2346/520
f 531/2347/531 546/2348/546 521/2349/521
f 547/2350/547 538/2351/538 535/2352/535
f 528/2353/528 538/2354/538 547/2355/547
f 524/2356/524 539/2357/539 501/2358/501
f 548/2359/548 510/2360/510 549/2361/549
f 549/2362/549 524/2363/524 548/2364/548
f 539/2365/539 528/2366/528 513/2367/513
f 504/2368/504 516/2369/516 544/2370/544
f 530/2371/530 539/2372/539 524/2373/524
f 517/2374/517 550/2375/550 551/2376/551
f 548/2377/548 524/2378/524 525/2379/525
f 531/2380/531 532/2381/532 552/2382/552
f 537/2383/537 520/2384/520 541/2385/541
f 547/2386/547 533/2387/533 528/2388/528
f 546/2389/546 552/2390/552 553/2391/553
f 504/2392/504 544/2393/544 536/2394/536
f 507/2395/507 522/2396/522 518/2397/518
f 554/2398/554 555/2399/555 556/2400/556
f 541/2401/541 520/2402/520 506/2403/506
f 557/2404/557 519/2405/519 522/2406/522
f 545/2407/545 558/2408/558 549/2409/549
f 557/2410/557 522/2411/522 559/2412/559
f 494/2413/494 560/2414/560 561/2415/561
f 495/2416/495 494/2417/494 499/2418/499
f 558/2419/558 536/2420/536 549/2421/549
f 516/2422/516 504/2423/504 506/2424/506
f 506/2425/506 505/2426/505 558/2427/558
f 557/2428/557 559/2429/559 561/2430/561
f 562/2431/562 561/2432/561 555/2433/555
f 541/2434/541 558/2435/558 545/2436/545
f 542/2437/542 545/2438/545 512/2439/512
f 522/2440/522 499/2441/499 494/2442/494
f 555/2443/555 561/2444/561 560/2445/560
f 563/2446/563 562/2447/562 555/2448/555
f 553/2449/553 521/2450/521 546/2451/546
f 549/2452/549 512/2453/512 545/2454/545
f 562/2455/562 557/2456/557 561/2457/561
f 555/2458/555 554/2459/554 563/2460/563
f 559/2461/559 522/2462/522 494/2463/494
f 557/2464/557 564/2465/564 519/2466/519
f 557/2467/557 562/2468/562 564/2469/564
f 505/2470/505 536/2471/536 558/2472/558
f 559/2473/559 494/2474/494 561/2475/561
f 539/2476/539 529/2477/529 528/2478/528
f 519/2479/519 518/2480/518 522/2481/522
f 519/2482/519 550/2483/550 517/2484/517
f 541/2485/541 506/2486/506 558/2487/558
f 496/2488/496 523/2489/523 560/2490/560
f 543/2491/543 516/2492/516 526/2493/526
f 502/2494/502 518/2495/518 517/2496/517
f 551/2497/551 502/2498/502 517/2499/517
f 515/2500/515 521/2501/521 526/2502/526
f 510/2503/510 512/2504/512 549/2505/549
f 531/2506/531 512/2507/512 511/2508/511
f 555/2509/555 560/2510/560 556/2511/556
f 531/2512/531 552/2513/552 546/2514/546
f 530/2515/530 524/2516/524 549/2517/549
f 534/2518/534 536/2519/536 544/2520/544
f 502/2521/502 551/2522/551 500/2523/500
f 530/2524/530 529/2525/529 539/2526/539
f 549/2527/549 536/2528/536 530/2529/530
f 523/2530/523 496/2531/496 495/2532/495
f 553/2533/553 540/2534/540 521/2535/521
f 512/2536/512 537/2537/537 542/2538/542
f 538/2539/538 530/2540/530 536/2541/536
f 530/2542/530 538/2543/538 528/2544/528
f 565/2545/565 554/2546/554 556/2547/556
f 500/2548/500 525/2549/525 501/2550/501
f 513/2551/513 533/2552/533 514/2553/514
f 507/2554/507 527/2555/527 508/2556/508
f 560/2557/560 494/2558/494 496/2559/496
f 501/2560/501 527/2561/527 502/2562/502
f 543/2563/543 526/2564/526 540/2565/540
f 499/2566/499 498/2567/498 495/2568/495
f 497/2569/497 503/2570/503 509/2571/509
f 503/2572/503 507/2573/507 509/2574/509
f 566/2575/566 567/2576/567 568/2577/568
f 569/2578/569 570/2579/570 571/2580/571
f 566/2581/566 568/2582/568 572/2583/572
f 573/2584/573 574/2585/574 575/2586/575
f 566/2587/566 576/2588/576 567/2589/567
f 577/2590/577 578/2591/578 575/2592/575
f 579/2593/579 580/2594/580 581/2595/581
f 582/2596/582 583/2597/583 584/2598/584
f 585/2599/585 586/2600/586 573/2601/573
f 574/2602/574 587/2603/587 575/2604/575
f 569/2605/569 572/2606/572 588/2607/588
f 584/2608/584 589/2609/589 590/2610/590
f 591/2611/591 592/2612/592 571/2613/571
f 593/2614/593 594/2615/594 595/2616/595
f 596/2617/596 597/2618/597 598/2619/598
f 599/2620/599 600/2621/600 601/2622/601
f 585/2623/585 602/2624/602 586/2625/586
f 603/2626/603 604/2627/604 605/2628/605
f 567/2629/567 576/2630/576 606/2631/606
f 607/2632/607 608/2633/608 609/2634/609
f 610/2635/610 611/2636/611 612/2637/612
f 595/2638/595 613/2639/613 602/2640/602
f 602/2641/602 578/2642/578 595/2643/595
f 614/2644/614 572/2645/572 615/2646/615
f 580/2647/580 589/2648/589 584/2649/584
f 616/2650/616 617/2651/617 590/2652/590
f 580/2653/580 598/2654/598 581/2655/581
f 592/2656/592 595/2657/595 608/2658/608
f 618/2659/618 619/2660/619 603/2661/603
f 591/2662/591 595/2663/595 592/2664/592
f 620/2665/620 621/2666/621 622/2667/622
f 620/2668/620 623/2669/623 601/2670/601
f 585/2671/585 578/2672/578 602/2673/602
f 624/2674/624 612/2675/612 611/2676/611
f 625/2677/625 626/2678/626 627/2679/627
f 628/2680/628 629/2681/629 582/2682/582
f 630/2683/630 621/2684/621 631/2685/631
f 601/2686/601 631/2687/631 621/2688/621
f 632/2689/632 573/2690/573 586/2691/586
f 596/2692/596 598/2693/598 633/2694/633
f 580/2695/580 633/2696/633 598/2697/598
f 606/2698/606 634/2699/634 568/2700/568
f 575/2701/575 578/2702/578 585/2703/585
f 635/2704/635 636/2705/636 637/2706/637
f 629/2707/629 628/2708/628 605/2709/605
f 611/2710/611 610/2711/610 618/2712/618
f 575/2713/575 585/2714/585 573/2715/573
f 608/2716/608 569/2717/569 592/2718/592
f 598/2719/598 570/2720/570 622/2721/622
f 584/2722/584 633/2723/633 580/2724/580
f 609/2725/609 577/2726/577 638/2727/638
f 581/2728/581 598/2729/598 622/2730/622
f 614/2731/614 600/2732/600 599/2733/599
f 590/2734/590 617/2735/617 627/2736/627
f 588/2737/588 599/2738/599 623/2739/623
f 574/2740/574 573/2741/573 639/2742/639
f 605/2743/605 628/2744/628 637/2745/637
f 628/2746/628 582/2747/582 637/2748/637
f 637/2749/637 611/2750/611 605/2751/605
f 627/2752/627 626/2753/626 590/2754/590
f 623/2755/623 620/2756/620 570/2757/570
f 620/2758/620 601/2759/601 621/2760/621
f 608/2761/608 577/2762/577 609/2763/609
f 589/2764/589 630/2765/630 590/2766/590
f 627/2767/627 617/2768/617 640/2769/640
f 626/2770/626 625/2771/625 582/2772/582
f 576/2773/576 569/2774/569 608/2775/608
f 635/2776/635 637/2777/637 582/2778/582
f 577/2779/577 575/2780/575 587/2781/587
f 631/2782/631 616/2783/616 630/2784/630
f 570/2785/570 598/2786/598 597/2787/597
f 622/2788/622 621/2789/621 581/2790/581
f 588/2791/588 623/2792/623 570/2793/570
f 582/2794/582 629/2795/629 583/2796/583
f 630/2797/630 589/2798/589 579/2799/579
f 641/2800/641 633/2801/633 629/2802/629
f 603/2803/603 605/2804/605 618/2805/618
f 593/2806/593 596/2807/596 642/2808/642
f 584/2809/584 626/2810/626 582/2811/582
f 624/2812/624 611/2813/611 637/2814/637
f 590/2815/590 630/2816/630 616/2817/616
f 641/2818/641 604/2819/604 642/2820/642
f 641/2821/641 596/2822/596 633/2823/633
f 642/2824/642 604/2825/604 643/2826/643
f 599/2827/599 601/2828/601 623/2829/623
f 637/2830/637 636/2831/636 624/2832/624
f 629/2833/629 605/2834/605 604/2835/604
f 597/2836/597 596/2837/596 591/2838/591
f 632/2839/632 639/2840/639 573/2841/573
f 619/2842/619 644/2843/644 643/2844/643
f 621/2845/621 630/2846/630 581/2847/581
f 570/2848/570 620/2849/620 622/2850/622
f 581/2851/581 630/2852/630 579/2853/579
f 643/2854/643 603/2855/603 619/2856/619
f 599/2857/599 588/2858/588 572/2859/572
f 625/2860/625 635/2861/635 582/2862/582
f 577/2863/577 595/2864/595 578/2865/578
f 625/2866/625 627/2867/627 635/2868/635
f 595/2869/595 591/2870/591 593/2871/593
f 571/2872/571 597/2873/597 591/2874/591
f 593/2875/593 591/2876/591 596/2877/596
f 571/2878/571 570/2879/570 597/2880/597
f 641/2881/641 642/2882/642 596/2883/596
f 593/2884/593 643/2885/643 644/2886/644
f 590/2887/590 626/2888/626 584/2889/584
f 638/2890/638 577/2891/577 587/2892/587
f 567/2893/567 606/2894/606 568/2895/568
f 645/2896/645 631/2897/631 601/2898/601
f 615/2899/615 600/2900/600 614/2901/614
f 569/2902/569 571/2903/571 592/2904/592
f 644/2905/644 594/2906/594 593/2907/593
f 594/2908/594 613/2909/613 595/2910/595
f 643/2911/643 593/2912/593 642/2913/642
f 583/2914/583 629/2915/629 633/2916/633
f 572/2917/572 569/2918/569 566/2919/566
f 611/2920/611 618/2921/618 605/2922/605
f 606/2923/606 576/2924/576 607/2925/607
f 599/2926/599 572/2927/572 614/2928/614
f 601/2929/601 600/2930/600 645/2931/645
f 604/2932/604 641/2933/641 629/2934/629
f 638/2935/638 607/2936/607 609/2937/609
f 607/2938/607 576/2939/576 608/2940/608
f 577/2941/577 608/2942/608 595/2943/595
f 568/2944/568 634/2945/634 646/2946/646
f 584/2947/584 583/2948/583 633/2949/633
f 603/2950/603 643/2951/643 604/2952/604
f 580/2953/580 579/2954/579 589/2955/589
f 615/2956/615 568/2957/568 646/2958/646
f 569/2959/569 576/2960/576 566/2961/566
f 572/2962/572 568/2963/568 615/2964/615
f 570/2965/570 569/2966/569 588/2967/588
f 647/2968/647 648/2969/648 649/2970/649
f 650/2971/650 648/2972/648 647/2973/647
f 651/2974/651 652/2975/652 653/2976/653
f 651/2977/651 653/2978/653 654/2979/654
f 655/2980/655 654/2981/654 653/2982/653
f 656/2983/656 652/2984/652 657/2985/657
f 656/2986/656 653/2987/653 652/2988/652
f 657/2989/657 658/2990/658 659/2991/659
f 659/2992/659 658/2993/658 660/2994/660
f 656/2995/656 657/2996/657 659/2997/659
f 661/2998/661 662/2999/662 663/3000/663
f 664/3001/664 665/3002/665 662/3003/662
f 661/3004/661 666/3005/666 662/3006/662
f 662/3007/662 666/3008/666 664/3009/664
f 667/3010/667 666/3011/666 661/3012/661
f 668/3013/668 669/3014/669 670/3015/670
f 671/3016/671 672/3017/672 673/3018/673
f 673/3019/673 660/3020/660 658/3021/658
f 660/3022/660 668/3023/668 674/3024/674
f 672/3025/672 668/3026/668 660/3027/660
f 673/3028/673 658/3029/658 665/3030/665
f 666/3031/666 669/3032/669 672/3033/672
f 671/3034/671 665/3035/665 664/3036/664
f 671/3037/671 666/3038/666 672/3039/672
f 672/3040/672 660/3041/660 673/3042/673
f 666/3043/666 671/3044/671 664/3045/664
f 673/3046/673 665/3047/665 671/3048/671
f 672/3049/672 669/3050/669 668/3051/668
f 658/3052/658 657/3053/657 665/3054/665
f 669/3055/669 675/3056/675 670/3057/670
f 669/3058/669 666/3059/666 676/3060/676
f 667/3061/667 676/3062/676 666/3063/666
f 677/3064/677 678/3065/678 679/3066/679
f 680/3067/680 679/3068/679 681/3069/681
f 682/3070/682 678/3071/678 683/3072/683
f 684/3073/684 685/3074/685 686/3075/686
f 679/3076/679 680/3077/680 677/3078/677
f 687/3079/687 688/3080/688 689/3081/689
f 683/3082/683 678/3083/678 677/3084/677
f 678/3085/678 682/3086/682 679/3087/679
f 685/3088/685 690/3089/690 691/3090/691
f 677/3091/677 685/3092/685 691/3093/691
f 683/3094/683 689/3095/689 682/3096/682
f 686/3097/686 685/3098/685 680/3099/680
f 679/3100/679 692/3101/692 681/3102/681
f 685/3103/685 677/3104/677 680/3105/680
f 693/3106/693 685/3107/685 684/3108/684
f 687/3109/687 694/3110/694 688/3111/688
f 688/3112/688 682/3113/682 689/3114/689
f 695/3115/695 690/3116/690 685/3117/685
f 693/3118/693 695/3119/695 685/3120/685
f 687/3121/687 696/3122/696 697/3123/697
f 697/3124/697 694/3125/694 687/3126/687
f 694/3127/694 698/3128/698 699/3129/699
f 700/3130/700 701/3131/701 702/3132/702
f 702/3133/702 703/3134/703 700/3135/700
f 704/3136/704 701/3137/701 700/3138/700
f 705/3139/705 706/3140/706 703/3141/703
f 707/3142/707 704/3143/704 706/3144/706
f 708/3145/708 704/3146/704 707/3147/707
f 701/3148/701 709/3149/709 702/3150/702
f 708/3151/708 701/3152/701 704/3153/704
f 710/3154/710 706/3155/706 705/3156/705
f 707/3157/707 706/3158/706 711/3159/711
f 704/3160/704 700/3161/700 706/3162/706
f 708/3163/708 712/3164/712 709/3165/709
f 706/3166/706 700/3167/700 703/3168/703
f 708/3169/708 709/3170/709 701/3171/701
f 711/3172/711 706/3173/706 710/3174/710
f 713/3175/713 707/3176/707 711/3177/711
f 710/3178/710 714/3179/714 711/3180/711
f 713/3181/713 711/3182/711 714/3183/714
f 681/3184/681 692/3185/692 715/3186/715
f 716/3187/716 707/3188/707 692/3189/692
f 717/3190/717 718/3191/718 703/3192/703
f 719/3193/719 720/3194/720 703/3195/703
f 703/3196/703 720/3197/720 717/3198/717
f 715/3199/715 707/3200/707 713/3201/713
f 721/3202/721 715/3203/715 713/3204/713
f 692/3205/692 707/3206/707 715/3207/715
f 680/3208/680 681/3209/681 721/3210/721
f 686/3211/686 680/3212/680 721/3213/721
f 722/3214/722 721/3215/721 713/3216/713
f 721/3217/721 722/3218/722 723/3219/723
f 713/3220/713 714/3221/714 724/3222/724
f 708/3223/708 707/3224/707 716/3225/716
f 721/3226/721 681/3227/681 715/3228/715
f 723/3229/723 686/3230/686 721/3231/721
f 725/3232/725 693/3233/693 684/3234/684
f 725/3235/725 684/3236/684 686/3237/686
f 724/3238/724 714/3239/714 726/3240/726
f 716/3241/716 727/3242/727 712/3243/712
f 712/3244/712 708/3245/708 716/3246/716
f 722/3247/722 713/3248/713 724/3249/724
f 722/3250/722 724/3251/724 726/3252/726
f 717/3253/717 728/3254/728 729/3255/729
f 730/3256/730 731/3257/731 728/3258/728
f 729/3259/729 731/3260/731 732/3261/732
f 705/3262/705 718/3263/718 710/3264/710
f 714/3265/714 729/3266/729 726/3267/726
f 703/3268/703 718/3269/718 705/3270/705
f 726/3271/726 729/3272/729 732/3273/732
f 728/3274/728 731/3275/731 729/3276/729
f 718/3277/718 717/3278/717 729/3279/729
f 714/3280/714 710/3281/710 729/3282/729
f 729/3283/729 710/3284/710 718/3285/718
f 716/3286/716 692/3287/692 733/3288/733
f 727/3289/727 716/3290/716 734/3291/734
f 679/3292/679 682/3293/682 733/3294/733
f 733/3295/733 692/3296/692 679/3297/679
f 727/3298/727 734/3299/734 735/3300/735
f 734/3301/734 716/3302/716 733/3303/733
f 688/3304/688 699/3305/699 733/3306/733
f 736/3307/736 734/3308/734 699/3309/699
f 734/3310/734 733/3311/733 699/3312/699
f 734/3313/734 736/3314/736 735/3315/735
f 699/3316/699 698/3317/698 736/3318/736
f 682/3319/682 688/3320/688 733/3321/733
f 694/3322/694 699/3323/699 688/3324/688
f 737/3325/737 728/3326/728 717/3327/717
f 728/3328/728 737/3329/737 730/3330/730
f 720/3331/720 719/3332/719 738/3333/738
f 737/3334/737 739/3335/739 740/3336/740
f 739/3337/739 741/3338/741 740/3339/740
f 717/3340/717 739/3341/739 737/3342/737
f 720/3343/720 739/3344/739 717/3345/717
f 739/3346/739 738/3347/738 741/3348/741
f 739/3349/739 720/3350/720 738/3351/738
f 742/3352/742 743/3353/743 744/3354/744
f 745/3355/745 746/3356/746 747/3357/747
f 748/3358/748 749/3359/749 750/3360/750
f 748/3361/748 751/3362/751 752/3363/752
f 745/3364/745 751/3365/751 748/3366/748
f 747/3367/747 753/3368/753 742/3369/742
f 752/3370/752 754/3371/754 755/3372/755
f 752/3373/752 751/3374/751 754/3375/754
f 751/3376/751 745/3377/745 756/3378/756
f 746/3379/746 753/3380/753 747/3381/747
f 757/3382/757 758/3383/758 759/3384/759
f 746/3385/746 748/3386/748 750/3387/750
f 745/3388/745 760/3389/760 756/3390/756
f 753/3391/753 749/3392/749 761/3393/761
f 753/3394/753 746/3395/746 750/3396/750
f 760/3397/760 762/3398/762 758/3399/758
f 747/3400/747 742/3401/742 744/3402/744
f 745/3403/745 744/3404/744 762/3405/762
f 744/3406/744 745/3407/745 747/3408/747
f 756/3409/756 760/3410/760 758/3411/758
f 748/3412/748 746/3413/746 745/3414/745
f 760/3415/760 745/3416/745 762/3417/762
f 750/3418/750 749/3419/749 753/3420/753
f 758/3421/758 757/3422/757 756/3423/756
f 763/3424/763 764/3425/764 765/3426/765
f 766/3427/766 767/3428/767 768/3429/768
f 769/3430/769 770/3431/770 771/3432/771
f 772/3433/772 773/3434/773 774/3435/774
f 775/3436/775 776/3437/776 777/3438/777
f 778/3439/778 779/3440/779 764/3441/764
f 776/3442/776 774/3443/774 780/3444/780
f 781/3445/781 782/3446/782 783/3447/783
f 778/3448/778 769/3449/769 779/3450/779
f 784/3451/784 782/3452/782 781/3453/781
f 785/3454/785 763/3455/763 786/3456/786
f 787/3457/787 788/3458/788 789/3459/789
f 790/3460/790 791/3461/791 777/3462/777
f 792/3463/792 793/3464/793 768/3465/768
f 769/3466/769 771/3467/771 779/3468/779
f 794/3469/794 770/3470/770 778/3471/778
f 772/3472/772 795/3473/795 793/3474/793
f 796/3475/796 781/3476/781 797/3477/797
f 768/3478/768 767/3479/767 792/3480/792
f 791/3481/791 790/3482/790 798/3483/798
f 777/3484/777 799/3485/799 800/3486/800
f 777/3487/777 800/3488/800 801/3489/801
f 790/3490/790 802/3491/802 798/3492/798
f 781/3493/781 783/3494/783 803/3495/803
f 804/3496/804 779/3497/779 805/3498/805
f 793/3499/793 792/3500/792 772/3501/772
f 804/3502/804 799/3503/799 765/3504/765
f 802/3505/802 790/3506/790 771/3507/771
f 796/3508/796 793/3509/793 795/3510/795
f 773/3511/773 772/3512/772 787/3513/787
f 806/3514/806 770/3515/770 794/3516/794
f 786/3517/786 763/3518/763 765/3519/765
f 791/3520/791 798/3521/798 795/3522/795
f 791/3523/791 775/3524/775 777/3525/777
f 807/3526/807 808/3527/808 785/3528/785
f 782/3529/782 809/3530/809 783/3531/783
f 805/3532/805 779/3533/779 771/3534/771
f 764/3535/764 779/3536/779 804/3537/804
f 772/3538/772 775/3539/775 795/3540/795
f 781/3541/781 796/3542/796 810/3543/810
f 788/3544/788 792/3545/792 767/3546/767
f 775/3547/775 791/3548/791 795/3549/795
f 797/3550/797 781/3551/781 803/3552/803
f 811/3553/811 809/3554/809 812/3555/812
f 766/3556/766 768/3557/768 796/3558/796
f 782/3559/782 784/3560/784 809/3561/809
f 785/3562/785 786/3563/786 807/3564/807
f 810/3565/810 771/3566/771 770/3567/770
f 801/3568/801 804/3569/804 805/3570/805
f 801/3571/801 790/3572/790 777/3573/777
f 813/3574/813 796/3575/796 797/3576/797
f 799/3577/799 804/3578/804 800/3579/800
f 801/3580/801 800/3581/800 804/3582/804
f 784/3583/784 812/3584/812 809/3585/809
f 810/3586/810 806/3587/806 784/3588/784
f 763/3589/763 785/3590/785 814/3591/814
f 787/3592/787 772/3593/772 792/3594/792
f 781/3595/781 810/3596/810 784/3597/784
f 795/3598/795 798/3599/798 796/3600/796
f 771/3601/771 801/3602/801 805/3603/805
f 815/3604/815 816/3605/816 776/3606/776
f 765/3607/765 799/3608/799 817/3609/817
f 777/3610/777 776/3611/776 817/3612/817
f 763/3613/763 814/3614/814 818/3615/818
f 778/3616/778 770/3617/770 769/3618/769
f 765/3619/765 764/3620/764 804/3621/804
f 799/3622/799 777/3623/777 817/3624/817
f 780/3625/780 815/3626/815 776/3627/776
f 786/3628/786 765/3629/765 817/3630/817
f 792/3631/792 788/3632/788 787/3633/787
f 793/3634/793 796/3635/796 768/3636/768
f 774/3637/774 773/3638/773 780/3639/780
f 818/3640/818 764/3641/764 763/3642/763
f 801/3643/801 771/3644/771 790/3645/790
f 786/3646/786 816/3647/816 807/3648/807
f 766/3649/766 796/3650/796 813/3651/813
f 806/3652/806 810/3653/810 770/3654/770
f 776/3655/776 816/3656/816 817/3657/817
f 775/3658/775 772/3659/772 774/3660/774
f 774/3661/774 776/3662/776 775/3663/775
f 817/3664/817 816/3665/816 786/3666/786
f 798/3667/798 802/3668/802 810/3669/810
f 810/3670/810 796/3671/796 798/3672/798
f 764/3673/764 818/3674/818 778/3675/778
f 771/3676/771 810/3677/810 802/3678/802
f 816/3679/816 815/3680/815 819/3681/819
f 816/3682/816 819/3683/819 807/3684/807
f 820/3685/820 821/3686/821 822/3687/822
f 823/3688/823 824/3689/824 825/3690/825
f 826/3691/826 827/3692/827 828/3693/828
f 828/3694/828 829/3695/829 830/3696/830
f 826/3697/826 831/3698/831 827/3699/827
f 832/3700/832 833/3701/833 821/3702/821
f 834/3703/834 835/3704/835 836/3705/836
f 837/3706/837 838/3707/838 820/3708/820
f 839/3709/839 840/3710/840 841/3711/841
f 830/3712/830 842/3713/842 828/3714/828
f 826/3715/826 843/3716/843 834/3717/834
f 843/3718/843 825/3719/825 824/3720/824
f 843/3721/843 833/3722/833 825/3723/825
f 844/3724/844 841/3725/841 840/3726/840
f 845/3727/845 846/3728/846 847/3729/847
f 848/3730/848 849/3731/849 850/3732/850
f 841/3733/841 847/3734/847 846/3735/846
f 838/3736/838 837/3737/837 840/3738/840
f 824/3739/824 835/3740/835 834/3741/834
f 840/3742/840 851/3743/851 844/3744/844
f 852/3745/852 836/3746/836 853/3747/853
f 838/3748/838 839/3749/839 854/3750/854
f 836/3751/836 835/3752/835 853/3753/853
f 854/3754/854 839/3755/839 846/3756/846
f 833/3757/833 842/3758/842 821/3759/821
f 821/3760/821 842/3761/842 830/3762/830
f 848/3763/848 850/3764/850 855/3765/855
f 826/3766/826 834/3767/834 856/3768/856
f 831/3769/831 826/3770/826 856/3771/856
f 832/3772/832 854/3773/854 846/3774/846
f 857/3775/857 829/3776/829 827/3777/827
f 845/3778/845 825/3779/825 846/3780/846
f 831/3781/831 857/3782/857 827/3783/827
f 842/3784/842 843/3785/843 828/3786/828
f 850/3787/850 849/3788/849 824/3789/824
f 833/3790/833 832/3791/832 825/3792/825
f 823/3793/823 850/3794/850 824/3795/824
f 854/3796/854 832/3797/832 821/3798/821
f 833/3799/833 843/3800/843 842/3801/842
f 856/3802/856 836/3803/836 831/3804/831
f 823/3805/823 855/3806/855 850/3807/850
f 843/3808/843 824/3809/824 834/3810/834
f 853/3811/853 835/3812/835 849/3813/849
f 822/3814/822 821/3815/821 830/3816/830
f 849/3817/849 835/3818/835 824/3819/824
f 840/3820/840 839/3821/839 838/3822/838
f 827/3823/827 829/3824/829 828/3825/828
f 846/3826/846 839/3827/839 841/3828/841
f 855/3829/855 858/3830/858 848/3831/848
f 846/3832/846 825/3833/825 832/3834/832
f 828/3835/828 843/3836/843 826/3837/826
f 820/3838/820 854/3839/854 821/3840/821
f 836/3841/836 856/3842/856 834/3843/834
f 854/3844/854 820/3845/820 838/3846/838
f 840/3847/840 837/3848/837 851/3849/851
f 859/3850/859 860/3851/860 861/3852/861
f 862/3853/862 860/3854/860 863/3855/863
f 864/3856/864 865/3857/865 866/3858/866
f 860/3859/860 859/3860/859 863/3861/863
f 867/3862/867 868/3863/868 869/3864/869
f 870/3865/870 859/3866/859 871/3867/871
f 863/3868/863 870/3869/870 872/3870/872
f 873/3871/873 872/3872/872 870/3873/870
f 874/3874/874 875/3875/875 876/3876/876
f 877/3877/877 878/3878/878 879/3879/879
f 879/3880/879 864/3881/864 880/3882/880
f 879/3883/879 880/3884/880 877/3885/877
f 869/3886/869 868/3887/868 881/3888/881
f 882/3889/882 883/3890/883 881/3891/881
f 884/3892/884 866/3893/866 885/3894/885
f 865/3895/865 874/3896/874 876/3897/876
f 886/3898/886 868/3899/868 867/3900/867
f 875/3901/875 887/3902/887 888/3903/888
f 889/3904/889 890/3905/890 891/3906/891
f 892/3907/892 887/3908/887 893/3909/893
f 894/3910/894 879/3911/879 878/3912/878
f 895/3913/895 896/3914/896 897/3915/897
f 898/3916/898 880/3917/880 899/3918/899
f 888/3919/888 900/3920/900 885/3921/885
f 901/3922/901 882/3923/882 881/3924/881
f 884/3925/884 899/3926/899 880/3927/880
f 888/3928/888 887/3929/887 902/3930/902
f 901/3931/901 881/3932/881 868/3933/868
f 888/3934/888 903/3935/903 900/3936/900
f 864/3937/864 879/3938/879 894/3939/894
f 904/3940/904 882/3941/882 905/3942/905
f 898/3943/898 906/3944/906 907/3945/907
f 900/3946/900 899/3947/899 885/3948/885
f 878/3949/878 869/3950/869 894/3951/894
f 908/3952/908 901/3953/901 868/3954/868
f 909/3955/909 903/3956/903 888/3957/888
f 866/3958/866 888/3959/888 885/3960/885
f 910/3961/910 911/3962/911 912/3963/912
f 898/3964/898 899/3965/899 906/3966/906
f 913/3967/913 914/3968/914 896/3969/896
f 915/3970/915 916/3971/916 917/3972/917
f 918/3973/918 910/3974/910 912/3975/912
f 919/3976/919 899/3977/899 900/3978/900
f 919/3979/919 900/3980/900 903/3981/903
f 920/3982/920 871/3983/871 921/3984/921
f 881/3985/881 883/3986/883 922/3987/922
f 920/3988/920 870/3989/870 871/3990/871
f 899/3991/899 884/3992/884 885/3993/885
f 921/3994/921 919/3995/919 923/3996/923
f 924/3997/924 894/3998/894 869/3999/869
f 920/4000/920 921/4001/921 923/4002/923
f 875/4003/875 866/4004/866 876/4005/876
f 914/4006/914 925/4007/925 926/4008/926
f 927/4009/927 901/4010/901 908/4011/908
f 928/4012/928 925/4013/925 929/4014/929
f 921/4015/921 871/4016/871 906/4017/906
f 922/4018/922 869/4019/869 881/4020/881
f 873/4021/873 920/4022/920 923/4023/923
f 930/4024/930 878/4025/878 877/4026/877
f 931/4027/931 889/4028/889 891/4029/891
f 932/4030/932 929/4031/929 925/4032/925
f 933/4033/933 934/4034/934 935/4035/935
f 889/4036/889 936/4037/936 937/4038/937
f 934/4039/934 938/4040/938 939/4041/939
f 940/4042/940 934/4043/934 939/4044/939
f 863/4045/863 859/4046/859 870/4047/870
f 941/4048/941 912/4049/912 926/4050/926
f 915/4051/915 942/4052/942 916/4053/916
f 922/4054/922 924/4055/924 869/4056/869
f 888/4057/888 866/4058/866 875/4059/875
f 943/4060/943 939/4061/939 936/4062/936
f 864/4063/864 884/4064/884 880/4065/880
f 888/4066/888 902/4067/902 909/4068/909
f 914/4069/914 913/4070/913 925/4071/925
f 859/4072/859 861/4073/861 871/4074/871
f 944/4075/944 864/4076/864 945/4077/945
f 926/4078/926 912/4079/912 895/4080/895
f 945/4081/945 894/4082/894 924/4083/924
f 930/4084/930 877/4085/877 946/4086/946
f 880/4087/880 898/4088/898 877/4089/877
f 876/4090/876 866/4091/866 865/4092/865
f 935/4093/935 934/4094/934 940/4095/940
f 875/4096/875 893/4097/893 887/4098/887
f 864/4099/864 944/4100/944 865/4101/865
f 907/4102/907 946/4103/946 898/4104/898
f 943/4105/943 940/4106/940 939/4107/939
f 895/4108/895 947/4109/947 948/4110/948
f 863/4111/863 949/4112/949 862/4113/862
f 941/4114/941 928/4115/928 950/4116/950
f 915/4117/915 917/4118/917 935/4119/935
f 897/4120/897 896/4121/896 914/4122/914
f 870/4123/870 920/4124/920 873/4125/873
f 921/4126/921 906/4127/906 899/4128/899
f 941/4129/941 926/4130/926 928/4131/928
f 951/4132/951 895/4133/895 911/4134/911
f 874/4135/874 865/4136/865 952/4137/952
f 901/4138/901 927/4139/927 905/4140/905
f 919/4141/919 921/4142/921 899/4143/899
f 936/4144/936 939/4145/939 937/4146/937
f 903/4147/903 923/4148/923 919/4149/919
f 866/4150/866 884/4151/884 864/4152/864
f 897/4153/897 914/4154/914 926/4155/926
f 865/4156/865 944/4157/944 952/4158/952
f 882/4159/882 901/4160/901 905/4161/905
f 942/4162/942 953/4163/953 916/4164/916
f 948/4165/948 896/4166/896 895/4167/895
f 954/4168/954 955/4169/955 951/4170/951
f 951/4171/951 911/4172/911 954/4173/954
f 932/4174/932 925/4175/925 913/4176/913
f 956/4177/956 915/4178/915 935/4179/935
f 874/4180/874 952/4181/952 957/4182/957
f 938/4183/938 937/4184/937 939/4185/939
f 946/4186/946 877/4187/877 898/4188/898
f 940/4189/940 956/4190/956 935/4191/935
f 945/4192/945 924/4193/924 958/4194/958
f 887/4195/887 892/4196/892 902/4197/902
f 933/4198/933 959/4199/959 934/4200/934
f 960/4201/960 909/4202/909 902/4203/902
f 954/4204/954 961/4205/961 962/4206/962
f 905/4207/905 963/4208/963 964/4209/964
f 965/4210/965 966/4211/966 967/4212/967
f 910/4213/910 918/4214/918 968/4215/968
f 963/4216/963 969/4217/969 964/4218/964
f 964/4219/964 904/4220/904 905/4221/905
f 918/4222/918 970/4223/970 971/4224/971
f 947/4225/947 895/4226/895 951/4227/951
f 947/4228/947 951/4229/951 955/4230/955
f 928/4231/928 929/4232/929 950/4233/950
f 971/4234/971 972/4235/972 963/4236/963
f 926/4237/926 925/4238/925 928/4239/928
f 927/4240/927 965/4241/965 963/4242/963
f 968/4243/968 961/4244/961 910/4245/910
f 973/4246/973 974/4247/974 970/4248/970
f 975/4249/975 976/4250/976 962/4251/962
f 969/4252/969 963/4253/963 972/4254/972
f 963/4255/963 967/4256/967 971/4257/971
f 911/4258/911 961/4259/961 954/4260/954
f 895/4261/895 912/4262/912 911/4263/911
f 932/4264/932 913/4265/913 977/4266/977
f 961/4267/961 968/4268/968 967/4269/967
f 970/4270/970 974/4271/974 972/4272/972
f 971/4273/971 970/4274/970 972/4275/972
f 963/4276/963 905/4277/905 927/4278/927
f 970/4279/970 941/4280/941 973/4281/973
f 970/4282/970 918/4283/918 941/4284/941
f 912/4285/912 941/4286/941 918/4287/918
f 963/4288/963 965/4289/965 967/4290/967
f 975/4291/975 962/4292/962 961/4293/961
f 968/4294/968 971/4295/971 967/4296/967
f 971/4297/971 968/4298/968 918/4299/918
f 961/4300/961 967/4301/967 966/4302/966
f 869/4303/869 878/4304/878 867/4305/867
f 962/4306/962 959/4307/959 933/4308/933
f 868/4309/868 886/4310/886 908/4311/908
f 910/4312/910 961/4313/961 911/4314/911
f 965/4315/965 976/4316/976 966/4317/966
f 954/4318/954 978/4319/978 955/4320/955
f 961/4321/961 966/4322/966 975/4323/975
f 978/4324/978 954/4325/954 962/4326/962
f 878/4327/878 930/4328/930 867/4329/867
f 975/4330/975 966/4331/966 976/4332/976
f 962/4333/962 976/4334/976 959/4335/959
f 958/4336/958 924/4337/924 922/4338/922
f 935/4339/935 917/4340/917 933/4341/933
f 953/4342/953 955/4343/955 978/4344/978
f 978/4345/978 962/4346/962 933/4347/933
f 895/4348/895 897/4349/897 926/4350/926
f 978/4351/978 917/4352/917 916/4353/916
f 959/4354/959 938/4355/938 934/4356/934
f 933/4357/933 917/4358/917 978/4359/978
f 875/4360/875 874/4361/874 893/4362/893
f 965/4363/965 979/4364/979 976/4365/976
f 980/4366/980 908/4367/908 886/4368/886
f 976/4369/976 979/4370/979 981/4371/981
f 946/4372/946 907/4373/907 867/4374/867
f 886/4375/886 982/4376/982 980/4377/980
f 980/4378/980 982/4379/982 983/4380/983
f 984/4381/984 931/4382/931 985/4383/985
f 983/4384/983 982/4385/982 986/4386/986
f 982/4387/982 907/4388/907 986/4389/986
f 861/4390/861 987/4391/987 988/4392/988
f 981/4393/981 983/4394/983 989/4395/989
f 907/4396/907 990/4397/990 986/4398/986
f 860/4399/860 987/4400/987 861/4401/861
f 886/4402/886 867/4403/867 982/4404/982
f 986/4405/986 991/4406/991 989/4407/989
f 864/4408/864 894/4409/894 945/4410/945
f 986/4411/986 990/4412/990 991/4413/991
f 907/4414/907 906/4415/906 992/4416/992
f 979/4417/979 965/4418/965 927/4419/927
f 989/4420/989 991/4421/991 890/4422/890
f 981/4423/981 980/4424/980 983/4425/983
f 987/4426/987 860/4427/860 862/4428/862
f 938/4429/938 959/4430/959 976/4431/976
f 891/4432/891 890/4433/890 991/4434/991
f 980/4435/980 981/4436/981 979/4437/979
f 907/4438/907 992/4439/992 990/4440/990
f 988/4441/988 985/4442/985 990/4443/990
f 991/4444/991 985/4445/985 891/4446/891
f 861/4447/861 988/4448/988 992/4449/992
f 891/4450/891 985/4451/985 931/4452/931
f 992/4453/992 988/4454/988 990/4455/990
f 946/4456/946 867/4457/867 930/4458/930
f 867/4459/867 907/4460/907 982/4461/982
f 916/4462/916 953/4463/953 978/4464/978
f 981/4465/981 938/4466/938 976/4467/976
f 861/4468/861 992/4469/992 871/4470/871
f 985/4471/985 991/4472/991 990/4473/990
f 989/4474/989 983/4475/983 986/4476/986
f 984/4477/984 985/4478/985 993/4479/993
f 987/4480/987 993/4481/993 988/4482/988
f 988/4483/988 993/4484/993 985/4485/985
f 979/4486/979 927/4487/927 908/4488/908
f 906/4489/906 871/4490/871 992/4491/992
f 981/4492/981 989/4493/989 890/4494/890
f 980/4495/980 979/4496/979 908/4497/908
f 937/4498/937 938/4499/938 981/4500/981
f 890/4501/890 889/4502/889 937/4503/937
f 937/4504/937 981/4505/981 890/4506/890
f 994/4507/994 995/4508/995 996/4509/996
f 997/4510/997 998/4511/998 999/4512/999
f 1000/4513/1000 1001/4514/1001 1002/4515/1002
f 1003/4516/1003 1004/4517/1004 1005/4518/1005
f 995/4519/995 1000/4520/1000 1002/4521/1002
f 1002/4522/1002 998/4523/998 996/4524/996
f 1006/4525/1006 1007/4526/1007 1008/4527/1008
f 997/4528/997 1009/4529/1009 1003/4530/1003
f 1010/4531/1010 1001/4532/1001 1000/4533/1000
f 1011/4534/1011 995/4535/995 994/4536/994
f 1001/4537/1001 999/4538/999 998/4539/998
f 996/4540/996 995/4541/995 1002/4542/1002
f 1012/4543/1012 1010/4544/1010 1000/4545/1000
f 1004/4546/1004 1013/4547/1013 1014/4548/1014
f 994/4549/994 996/4550/996 1015/4551/1015
f 1016/4552/1016 1017/4553/1017 1018/4554/1018
f 996/4555/996 1019/4556/1019 1015/4557/1015
f 1019/4558/1019 996/4559/996 998/4560/998
f 998/4561/998 1003/4562/1003 1019/4563/1019
f 1017/4564/1017 1020/4565/1020 1018/4566/1018
f 1004/4567/1004 1009/4568/1009 1013/4569/1013
f 1021/4570/1021 1020/4571/1020 1022/4572/1022
f 1017/4573/1017 1022/4574/1022 1020/4575/1020
f 1004/4576/1004 1006/4577/1006 1005/4578/1005
f 1013/4579/1013 1009/4580/1009 1020/4581/1020
f 1021/4582/1021 1014/4583/1014 1013/4584/1013
f 1023/4585/1023 1024/4586/1024 1025/4587/1025
f 1005/4588/1005 1006/4589/1006 1024/4590/1024
f 1025/4591/1025 1026/4592/1026 1027/4593/1027
f 1006/4594/1006 1014/4595/1014 1007/4596/1007
f 1021/4597/1021 1028/4598/1028 1007/4599/1007
f 1028/4600/1028 1021/4601/1021 1029/4602/1029
f 1025/4603/1025 1024/4604/1024 1006/4605/1006
f 1008/4606/1008 1028/4607/1028 1030/4608/1030
f 1031/4609/1031 1008/4610/1008 1030/4611/1030
f 1025/4612/1025 1008/4613/1008 1026/4614/1026
f 1008/4615/1008 1031/4616/1031 1026/4617/1026
f 1032/4618/1032 1026/4619/1026 1031/4620/1031
f 999/4621/999 1001/4622/1001 1010/4623/1010
f 1026/4624/1026 1032/4625/1032 1033/4626/1033
f 1033/4627/1033 1027/4628/1027 1026/4629/1026
f 1034/4630/1034 997/4631/997 999/4632/999
f 1009/4633/1009 1018/4634/1018 1020/4635/1020
f 1029/4636/1029 1030/4637/1030 1028/4638/1028
f 1029/4639/1029 1035/4640/1035 1030/4641/1030
f 1029/4642/1029 1036/4643/1036 1035/4644/1035
f 1007/4645/1007 1014/4646/1014 1021/4647/1021
f 1013/4648/1013 1020/4649/1020 1021/4650/1021
f 1018/4651/1018 997/4652/997 1034/4653/1034
f 1004/4654/1004 1003/4655/1003 1009/4656/1009
f 1003/4657/1003 998/4658/998 997/4659/997
f 995/4660/995 1011/4661/1011 1012/4662/1012
f 1008/4663/1008 1025/4664/1025 1006/4665/1006
f 997/4666/997 1018/4667/1018 1009/4668/1009
f 1034/4669/1034 999/4670/999 1010/4671/1010
f 998/4672/998 1002/4673/1002 1001/4674/1001
f 1014/4675/1014 1006/4676/1006 1004/4677/1004
f 1007/4678/1007 1028/4679/1028 1008/4680/1008
f 1012/4681/1012 1000/4682/1000 995/4683/995
f 1005/4684/1005 1019/4685/1019 1003/4686/1003
f 1022/4687/1022 1029/4688/1029 1021/4689/1021
f 1016/4690/1016 1018/4691/1018 1034/4692/1034
f 1029/4693/1029 1022/4694/1022 1036/4695/1036
f 1023/4696/1023 1025/4697/1025 1027/4698/1027
f 1037/4699/1037 1038/4700/1038 1039/4701/1039
f 1040/4702/1040 1041/4703/1041 1042/4704/1042
f 1043/4705/1043 1044/4706/1044 1045/4707/1045
f 1046/4708/1046 1047/4709/1047 1048/4710/1048
f 1049/4711/1049 1050/4712/1050 1051/4713/1051
f 1052/4714/1052 1053/4715/1053 1054/4716/1054
f 1047/4717/1047 1055/4718/1055 1056/4719/1056
f 1057/4720/1057 1058/4721/1058 1059/4722/1059
f 1060/4723/1060 1061/4724/1061 1062/4725/1062
f 1063/4726/1063 1064/4727/1064 1065/4728/1065
f 1055/4729/1055 1058/4730/1058 1056/4731/1056
f 1066/4732/1066 1067/4733/1067 1068/4734/1068
f 1060/4735/1060 1057/4736/1057 1061/4737/1061
f 1069/4738/1069 1070/4739/1070 1049/4740/1049
f 1071/4741/1071 1072/4742/1072 1073/4743/1073
f 1074/4744/1074 1043/4745/1043 1075/4746/1075
f 1076/4747/1076 1077/4748/1077 1078/4749/1078
f 1072/4750/1072 1048/4751/1048 1047/4752/1047
f 1079/4753/1079 1080/4754/1080 1081/4755/1081
f 1056/4756/1056 1058/4757/1058 1082/4758/1082
f 1057/4759/1057 1060/4760/1060 1082/4761/1082
f 1053/4762/1053 1083/4763/1083 1080/4764/1080
f 1072/4765/1072 1066/4766/1066 1048/4767/1048
f 1047/4768/1047 1056/4769/1056 1042/4770/1042
f 1084/4771/1084 1085/4772/1085 1086/4773/1086
f 1087/4774/1087 1045/4775/1045 1088/4776/1088
f 1067/4777/1067 1089/4778/1089 1090/4779/1090
f 1091/4780/1091 1092/4781/1092 1060/4782/1060
f 1064/4783/1064 1070/4784/1070 1093/4785/1093
f 1067/4786/1067 1071/4787/1071 1093/4788/1093
f 1038/4789/1038 1056/4790/1056 1082/4791/1082
f 1091/4792/1091 1094/4793/1094 1092/4794/1092
f 1068/4795/1068 1067/4796/1067 1090/4797/1090
f 1042/4798/1042 1056/4799/1056 1095/4800/1095
f 1096/4801/1096 1084/4802/1084 1086/4803/1086
f 1089/4804/1089 1069/4805/1069 1097/4806/1097
f 1098/4807/1098 1099/4808/1099 1100/4809/1100
f 1101/4810/1101 1066/4811/1066 1068/4812/1068
f 1044/4813/1044 1102/4814/1102 1088/4815/1088
f 1073/4816/1073 1072/4817/1072 1042/4818/1042
f 1095/4819/1095 1056/4820/1056 1038/4821/1038
f 1093/4822/1093 1103/4823/1103 1067/4824/1067
f 1081/4825/1081 1083/4826/1083 1104/4827/1104
f 1082/4828/1082 1092/4829/1092 1039/4830/1039
f 1105/4831/1105 1092/4832/1092 1094/4833/1094
f 1106/4834/1106 1107/4835/1107 1081/4836/1081
f 1101/4837/1101 1048/4838/1048 1066/4839/1066
f 1108/4840/1108 1106/4841/1106 1096/4842/1096
f 1038/4843/1038 1082/4844/1082 1039/4845/1039
f 1109/4846/1109 1110/4847/1110 1111/4848/1111
f 1112/4849/1112 1113/4850/1113 1114/4851/1114
f 1115/4852/1115 1085/4853/1085 1111/4854/1111
f 1073/4855/1073 1042/4856/1042 1041/4857/1041
f 1105/4858/1105 1116/4859/1116 1092/4860/1092
f 1117/4861/1117 1073/4862/1073 1041/4863/1041
f 1040/4864/1040 1042/4865/1042 1095/4866/1095
f 1118/4867/1118 1116/4868/1116 1105/4869/1105
f 1119/4870/1119 1120/4871/1120 1063/4872/1063
f 1121/4873/1121 1102/4874/1102 1122/4875/1122
f 1094/4876/1094 1123/4877/1123 1105/4878/1105
f 1112/4879/1112 1060/4880/1060 1062/4881/1062
f 1124/4882/1124 1107/4883/1107 1065/4884/1065
f 1041/4885/1041 1040/4886/1040 1125/4887/1125
f 1069/4888/1069 1089/4889/1089 1103/4890/1103
f 1064/4891/1064 1093/4892/1093 1126/4893/1126
f 1117/4894/1117 1126/4895/1126 1093/4896/1093
f 1123/4897/1123 1052/4898/1052 1105/4899/1105
f 1052/4900/1052 1054/4901/1054 1105/4902/1105
f 1069/4903/1069 1049/4904/1049 1097/4905/1097
f 1066/4906/1066 1072/4907/1072 1071/4908/1071
f 1121/4909/1121 1123/4910/1123 1102/4911/1102
f 1127/4912/1127 1100/4913/1100 1128/4914/1128
f 1125/4915/1125 1065/4916/1065 1126/4917/1126
f 1129/4918/1129 1116/4919/1116 1130/4920/1130
f 1049/4921/1049 1131/4922/1131 1097/4923/1097
f 1125/4924/1125 1132/4925/1132 1079/4926/1079
f 1129/4927/1129 1130/4928/1130 1132/4929/1132
f 1116/4930/1116 1118/4931/1118 1130/4932/1130
f 1070/4933/1070 1050/4934/1050 1049/4935/1049
f 1120/4936/1120 1119/4937/1119 1108/4938/1108
f 1046/4939/1046 1048/4940/1048 1101/4941/1101
f 1124/4942/1124 1125/4943/1125 1079/4944/1079
f 1065/4945/1065 1125/4946/1125 1124/4947/1124
f 1050/4948/1050 1070/4949/1070 1063/4950/1063
f 1130/4951/1130 1118/4952/1118 1053/4953/1053
f 1124/4954/1124 1079/4955/1079 1081/4956/1081
f 1127/4957/1127 1098/4958/1098 1100/4959/1100
f 1130/4960/1130 1079/4961/1079 1132/4962/1132
f 1095/4963/1095 1037/4964/1037 1132/4965/1132
f 1047/4966/1047 1042/4967/1042 1072/4968/1072
f 1061/4969/1061 1133/4970/1133 1062/4971/1062
f 1063/4972/1063 1051/4973/1051 1050/4974/1050
f 1063/4975/1063 1120/4976/1120 1051/4977/1051
f 1039/4978/1039 1129/4979/1129 1037/4980/1037
f 1119/4981/1119 1065/4982/1065 1107/4983/1107
f 1037/4984/1037 1095/4985/1095 1038/4986/1038
f 1114/4987/1114 1087/4988/1087 1112/4989/1112
f 1126/4990/1126 1041/4991/1041 1125/4992/1125
f 1119/4993/1119 1063/4994/1063 1065/4995/1065
f 1132/4996/1132 1037/4997/1037 1129/4998/1129
f 1089/4999/1089 1067/5000/1067 1103/5001/1103
f 1134/5002/1134 1121/5003/1121 1122/5004/1122
f 1102/5005/1102 1091/5006/1091 1088/5007/1088
f 1120/5008/1120 1135/5009/1135 1051/5010/1051
f 1053/5011/1053 1080/5012/1080 1130/5013/1130
f 1076/5014/1076 1084/5015/1084 1096/5016/1096
f 1081/5017/1081 1107/5018/1107 1124/5019/1124
f 1106/5020/1106 1119/5021/1119 1107/5022/1107
f 1106/5023/1106 1108/5024/1108 1119/5025/1119
f 1135/5026/1135 1120/5027/1120 1136/5028/1136
f 1111/5029/1111 1135/5030/1135 1115/5031/1115
f 1108/5032/1108 1136/5033/1136 1120/5034/1120
f 1104/5035/1104 1128/5036/1128 1081/5037/1081
f 1135/5038/1135 1110/5039/1110 1137/5040/1137
f 1051/5041/1051 1135/5042/1135 1137/5043/1137
f 1058/5044/1058 1057/5045/1057 1082/5046/1082
f 1095/5047/1095 1132/5048/1132 1040/5049/1040
f 1076/5050/1076 1096/5051/1096 1077/5052/1077
f 1080/5053/1080 1083/5054/1083 1081/5055/1081
f 1041/5056/1041 1126/5057/1126 1117/5058/1117
f 1106/5059/1106 1081/5060/1081 1128/5061/1128
f 1096/5062/1096 1106/5063/1106 1128/5064/1128
f 1045/5065/1045 1087/5066/1087 1138/5067/1138
f 1139/5068/1139 1045/5069/1045 1138/5070/1138
f 1140/5071/1140 1110/5072/1110 1109/5073/1109
f 1111/5074/1111 1141/5075/1141 1109/5076/1109
f 1086/5077/1086 1115/5078/1115 1136/5079/1136
f 1128/5080/1128 1104/5081/1104 1127/5082/1127
f 1118/5083/1118 1105/5084/1105 1054/5085/1054
f 1137/5086/1137 1110/5087/1110 1140/5088/1140
f 1045/5089/1045 1044/5090/1044 1088/5091/1088
f 1102/5092/1102 1044/5093/1044 1122/5094/1122
f 1093/5095/1093 1071/5096/1071 1117/5097/1117
f 1051/5098/1051 1137/5099/1137 1142/5100/1142
f 1085/5101/1085 1115/5102/1115 1086/5103/1086
f 1064/5104/1064 1063/5105/1063 1070/5106/1070
f 1069/5107/1069 1103/5108/1103 1070/5109/1070
f 1128/5110/1128 1100/5111/1100 1096/5112/1096
f 1103/5113/1103 1093/5114/1093 1070/5115/1070
f 1077/5116/1077 1096/5117/1096 1100/5118/1100
f 1140/5119/1140 1142/5120/1142 1137/5121/1137
f 1039/5122/1039 1116/5123/1116 1129/5124/1129
f 1065/5125/1065 1064/5126/1064 1126/5127/1126
f 1075/5128/1075 1143/5129/1143 1074/5130/1074
f 1055/5131/1055 1047/5132/1047 1144/5133/1144
f 1145/5134/1145 1144/5135/1144 1046/5136/1046
f 1135/5137/1135 1111/5138/1111 1110/5139/1110
f 1102/5140/1102 1123/5141/1123 1091/5142/1091
f 1060/5143/1060 1092/5144/1092 1082/5145/1082
f 1100/5146/1100 1099/5147/1099 1077/5148/1077
f 1088/5149/1088 1091/5150/1091 1087/5151/1087
f 1075/5152/1075 1043/5153/1043 1045/5154/1045
f 1078/5155/1078 1077/5156/1077 1099/5157/1099
f 1112/5158/1112 1087/5159/1087 1091/5160/1091
f 1044/5161/1044 1134/5162/1134 1122/5163/1122
f 1045/5164/1045 1139/5165/1139 1075/5166/1075
f 1071/5167/1071 1067/5168/1067 1066/5169/1066
f 1135/5170/1135 1136/5171/1136 1115/5172/1115
f 1099/5173/1099 1146/5174/1146 1078/5175/1078
f 1049/5176/1049 1051/5177/1051 1142/5178/1142
f 1060/5179/1060 1112/5180/1112 1091/5181/1091
f 1046/5182/1046 1101/5183/1101 1145/5184/1145
f 1053/5185/1053 1118/5186/1118 1054/5187/1054
f 1133/5188/1133 1114/5189/1114 1113/5190/1113
f 1133/5191/1133 1061/5192/1061 1147/5193/1147
f 1073/5194/1073 1117/5195/1117 1071/5196/1071
f 1091/5197/1091 1123/5198/1123 1094/5199/1094
f 1043/5200/1043 1074/5201/1074 1044/5202/1044
f 1062/5203/1062 1113/5204/1113 1112/5205/1112
f 1049/5206/1049 1142/5207/1142 1131/5208/1131
f 1086/5209/1086 1108/5210/1108 1096/5211/1096
f 1130/5212/1130 1080/5213/1080 1079/5214/1079
f 1134/5215/1134 1044/5216/1044 1074/5217/1074
f 1092/5218/1092 1116/5219/1116 1039/5220/1039
f 1047/5221/1047 1046/5222/1046 1144/5223/1144
f 1059/5224/1059 1058/5225/1058 1055/5226/1055
f 1040/5227/1040 1132/5228/1132 1125/5229/1125
f 1057/5230/1057 1059/5231/1059 1147/5232/1147
f 1113/5233/1113 1062/5234/1062 1133/5235/1133
f 1086/5236/1086 1136/5237/1136 1108/5238/1108
f 1114/5239/1114 1138/5240/1138 1087/5241/1087
f 1147/5242/1147 1061/5243/1061 1057/5244/1057
f 1148/5245/1148 1149/5246/1149 1150/5247/1150
f 1151/5248/1151 1152/5249/1152 1153/5250/1153
f 1154/5251/1154 1155/5252/1155 1156/5253/1156
f 1157/5254/1157 1158/5255/1158 1159/5256/1159
f 1157/5257/1157 1160/5258/1160 1158/5259/1158
f 1161/5260/1161 1162/5261/1162 1163/5262/1163
f 1164/5263/1164 1165/5264/1165 1152/5265/1152
f 1166/5266/1166 1167/5267/1167 1150/5268/1150
f 1168/5269/1168 1169/5270/1169 1170/5271/1170
f 1171/5272/1171 1172/5273/1172 1173/5274/1173
f 1171/5275/1171 1174/5276/1174 1172/5277/1172
f 1175/5278/1175 1176/5279/1176 1177/5280/1177
f 1178/5281/1178 1179/5282/1179 1177/5283/1177
f 1169/5284/1169 1180/5285/1180 1181/5286/1181
f 1171/5287/1171 1173/5288/1173 1182/5289/1182
f 1183/5290/1183 1160/5291/1160 1171/5292/1171
f 1148/5293/1148 1184/5294/1184 1185/5295/1185
f 1178/5296/1178 1158/5297/1158 1186/5298/1186
f 1155/5299/1155 1154/5300/1154 1187/5301/1187
f 1188/5302/1188 1189/5303/1189 1190/5304/1190
f 1177/5305/1177 1191/5306/1191 1178/5307/1178
f 1168/5308/1168 1165/5309/1165 1164/5310/1164
f 1149/5311/1149 1166/5312/1166 1150/5313/1150
f 1192/5314/1192 1188/5315/1188 1193/5316/1193
f 1151/5317/1151 1194/5318/1194 1195/5319/1195
f 1151/5320/1151 1164/5321/1164 1152/5322/1152
f 1162/5323/1162 1196/5324/1196 1197/5325/1197
f 1198/5326/1198 1188/5327/1188 1169/5328/1169
f 1169/5329/1169 1168/5330/1168 1198/5331/1198
f 1199/5332/1199 1160/5333/1160 1183/5334/1183
f 1200/5335/1200 1201/5336/1201 1197/5337/1197
f 1202/5338/1202 1200/5339/1200 1203/5340/1203
f 1204/5341/1204 1178/5342/1178 1186/5343/1186
f 1148/5344/1148 1205/5345/1205 1149/5346/1149
f 1197/5347/1197 1201/5348/1201 1162/5349/1162
f 1159/5350/1159 1158/5351/1158 1191/5352/1191
f 1206/5353/1206 1177/5354/1177 1207/5355/1207
f 1151/5356/1151 1203/5357/1203 1194/5358/1194
f 1206/5359/1206 1191/5360/1191 1177/5361/1177
f 1148/5362/1148 1185/5363/1185 1205/5364/1205
f 1191/5365/1191 1158/5366/1158 1178/5367/1178
f 1206/5368/1206 1207/5369/1207 1196/5370/1196
f 1161/5371/1161 1191/5372/1191 1206/5373/1206
f 1194/5374/1194 1203/5375/1203 1197/5376/1197
f 1208/5377/1208 1187/5378/1187 1154/5379/1154
f 1188/5380/1188 1192/5381/1192 1209/5382/1209
f 1162/5383/1162 1206/5384/1206 1196/5385/1196
f 1191/5386/1191 1161/5387/1161 1159/5388/1159
f 1203/5389/1203 1210/5390/1210 1202/5391/1202
f 1159/5392/1159 1161/5393/1161 1163/5394/1163
f 1160/5395/1160 1186/5396/1186 1158/5397/1158
f 1211/5398/1211 1170/5399/1170 1167/5400/1167
f 1197/5401/1197 1212/5402/1212 1194/5403/1194
f 1159/5404/1159 1163/5405/1163 1157/5406/1157
f 1213/5407/1213 1172/5408/1172 1163/5409/1163
f 1201/5410/1201 1214/5411/1214 1163/5412/1163
f 1163/5413/1163 1162/5414/1162 1201/5415/1201
f 1215/5416/1215 1183/5417/1183 1216/5418/1216
f 1190/5419/1190 1180/5420/1180 1188/5421/1188
f 1174/5422/1174 1157/5423/1157 1163/5424/1163
f 1189/5425/1189 1188/5426/1188 1209/5427/1209
f 1176/5428/1176 1217/5429/1217 1195/5430/1195
f 1214/5431/1214 1213/5432/1213 1163/5433/1163
f 1173/5434/1173 1218/5435/1218 1219/5436/1219
f 1172/5437/1172 1174/5438/1174 1163/5439/1163
f 1220/5440/1220 1204/5441/1204 1221/5442/1221
f 1174/5443/1174 1171/5444/1171 1157/5445/1157
f 1157/5446/1157 1171/5447/1171 1160/5448/1160
f 1167/5449/1167 1170/5450/1170 1181/5451/1181
f 1192/5452/1192 1222/5453/1222 1209/5454/1209
f 1193/5455/1193 1188/5456/1188 1198/5457/1198
f 1194/5458/1194 1176/5459/1176 1195/5460/1195
f 1193/5461/1193 1175/5462/1175 1192/5463/1192
f 1223/5464/1223 1220/5465/1220 1156/5466/1156
f 1153/5467/1153 1210/5468/1210 1203/5469/1203
f 1198/5470/1198 1168/5471/1168 1164/5472/1164
f 1167/5473/1167 1190/5474/1190 1150/5475/1150
f 1184/5476/1184 1190/5477/1190 1224/5478/1224
f 1220/5479/1220 1154/5480/1154 1156/5481/1156
f 1169/5482/1169 1188/5483/1188 1180/5484/1180
f 1199/5485/1199 1186/5486/1186 1160/5487/1160
f 1218/5488/1218 1225/5489/1225 1219/5490/1219
f 1222/5491/1222 1179/5492/1179 1220/5493/1220
f 1203/5494/1203 1200/5495/1200 1197/5496/1197
f 1203/5497/1203 1151/5498/1151 1153/5499/1153
f 1226/5500/1226 1185/5501/1185 1227/5502/1227
f 1171/5503/1171 1182/5504/1182 1216/5505/1216
f 1181/5506/1181 1180/5507/1180 1167/5508/1167
f 1205/5509/1205 1185/5510/1185 1226/5511/1226
f 1183/5512/1183 1171/5513/1171 1216/5514/1216
f 1180/5515/1180 1190/5516/1190 1167/5517/1167
f 1204/5518/1204 1186/5519/1186 1228/5520/1228
f 1177/5521/1177 1179/5522/1179 1175/5523/1175
f 1201/5524/1201 1229/5525/1229 1214/5526/1214
f 1218/5527/1218 1173/5528/1173 1172/5529/1172
f 1177/5530/1177 1176/5531/1176 1207/5532/1207
f 1170/5533/1170 1211/5534/1211 1165/5535/1165
f 1151/5536/1151 1217/5537/1217 1164/5538/1164
f 1219/5539/1219 1182/5540/1182 1173/5541/1173
f 1220/5542/1220 1178/5543/1178 1204/5544/1204
f 1230/5545/1230 1231/5546/1231 1215/5547/1215
f 1193/5548/1193 1176/5549/1176 1175/5550/1175
f 1176/5551/1176 1193/5552/1193 1217/5553/1217
f 1228/5554/1228 1154/5555/1154 1204/5556/1204
f 1181/5557/1181 1170/5558/1170 1169/5559/1169
f 1193/5560/1193 1198/5561/1198 1164/5562/1164
f 1162/5563/1162 1161/5564/1161 1206/5565/1206
f 1150/5566/1150 1190/5567/1190 1184/5568/1184
f 1197/5569/1197 1176/5570/1176 1212/5571/1212
f 1192/5572/1192 1175/5573/1175 1222/5574/1222
f 1175/5575/1175 1179/5576/1179 1222/5577/1222
f 1207/5578/1207 1176/5579/1176 1196/5580/1196
f 1167/5581/1167 1166/5582/1166 1211/5583/1211
f 1164/5584/1164 1217/5585/1217 1193/5586/1193
f 1155/5587/1155 1223/5588/1223 1156/5589/1156
f 1216/5590/1216 1182/5591/1182 1230/5592/1230
f 1200/5593/1200 1229/5594/1229 1201/5595/1201
f 1165/5596/1165 1168/5597/1168 1170/5598/1170
f 1204/5599/1204 1154/5600/1154 1221/5601/1221
f 1195/5602/1195 1217/5603/1217 1151/5604/1151
f 1179/5605/1179 1178/5606/1178 1220/5607/1220
f 1231/5608/1231 1199/5609/1199 1215/5610/1215
f 1176/5611/1176 1197/5612/1197 1196/5613/1196
f 1154/5614/1154 1220/5615/1220 1221/5616/1221
f 1199/5617/1199 1183/5618/1183 1215/5619/1215
f 1155/5620/1155 1232/5621/1232 1223/5622/1223
f 1212/5623/1212 1176/5624/1176 1194/5625/1194
f 1184/5626/1184 1148/5627/1148 1150/5628/1150
f 1215/5629/1215 1216/5630/1216 1230/5631/1230
f 1233/5632/1233 1234/5633/1234 1235/5634/1235
f 1235/5635/1235 1236/5636/1236 1233/5637/1233
f 1235/5638/1235 1237/5639/1237 1238/5640/1238
f 1238/5641/1238 1236/5642/1236 1235/5643/1235
f 1239/5644/1239 1240/5645/1240 1241/5646/1241
f 1234/5647/1234 1233/5648/1233 1242/5649/1242
f 1243/5650/1243 1244/5651/1244 1245/5652/1245
f 1246/5653/1246 1247/5654/1247 1248/5655/1248
f 1249/5656/1249 1250/5657/1250 1251/5658/1251
f 1252/5659/1252 1237/5660/1237 1234/5661/1234
f 1253/5662/1253 1254/5663/1254 1255/5664/1255
f 1256/5665/1256 1257/5666/1257 1258/5667/1258
f 1259/5668/1259 1254/5669/1254 1257/5670/1257
f 1241/5671/1241 1260/5672/1260 1249/5673/1249
f 1261/5674/1261 1262/5675/1262 1243/5676/1243
f 1263/5677/1263 1264/5678/1264 1265/5679/1265
f 1266/5680/1266 1254/5681/1254 1259/5682/1259
f 1252/5683/1252 1267/5684/1267 1268/5685/1268
f 1269/5686/1269 1270/5687/1270 1271/5688/1271
f 1252/5689/1252 1272/5690/1272 1237/5691/1237
f 1273/5692/1273 1274/5693/1274 1275/5694/1275
f 1261/5695/1261 1276/5696/1276 1277/5697/1277
f 1271/5698/1271 1270/5699/1270 1278/5700/1278
f 1279/5701/1279 1244/5702/1244 1243/5703/1243
f 1276/5704/1276 1261/5705/1261 1280/5706/1280
f 1234/5707/1234 1237/5708/1237 1235/5709/1235
f 1281/5710/1281 1282/5711/1282 1258/5712/1258
f 1234/5713/1234 1242/5714/1242 1252/5715/1252
f 1283/5716/1283 1284/5717/1284 1285/5718/1285
f 1286/5719/1286 1287/5720/1287 1276/5721/1276
f 1256/5722/1256 1282/5723/1282 1288/5724/1288
f 1260/5725/1260 1289/5726/1289 1290/5727/1290
f 1287/5728/1287 1286/5729/1286 1291/5730/1291
f 1292/5731/1292 1293/5732/1293 1294/5733/1294
f 1295/5734/1295 1273/5735/1273 1253/5736/1253
f 1250/5737/1250 1249/5738/1249 1260/5739/1260
f 1296/5740/1296 1297/5741/1297 1298/5742/1298
f 1299/5743/1299 1285/5744/1285 1300/5745/1300
f 1264/5746/1264 1263/5747/1263 1301/5748/1301
f 1302/5749/1302 1240/5750/1240 1303/5751/1303
f 1263/5752/1263 1304/5753/1304 1246/5754/1246
f 1303/5755/1303 1239/5756/1239 1305/5757/1305
f 1241/5758/1241 1306/5759/1306 1260/5760/1260
f 1286/5761/1286 1245/5762/1245 1244/5763/1244
f 1256/5764/1256 1288/5765/1288 1291/5766/1291
f 1292/5767/1292 1303/5768/1303 1305/5769/1305
f 1293/5770/1293 1283/5771/1283 1294/5772/1294
f 1294/5773/1294 1283/5774/1283 1285/5775/1285
f 1307/5776/1307 1279/5777/1279 1308/5778/1308
f 1309/5779/1309 1310/5780/1310 1261/5781/1261
f 1285/5782/1285 1302/5783/1302 1294/5784/1294
f 1307/5785/1307 1259/5786/1259 1244/5787/1244
f 1311/5788/1311 1300/5789/1300 1284/5790/1284
f 1240/5791/1240 1239/5792/1239 1303/5793/1303
f 1306/5794/1306 1300/5795/1300 1311/5796/1311
f 1240/5797/1240 1299/5798/1299 1241/5799/1241
f 1277/5800/1277 1312/5801/1312 1261/5802/1261
f 1296/5803/1296 1313/5804/1313 1297/5805/1297
f 1256/5806/1256 1291/5807/1291 1314/5808/1314
f 1306/5809/1306 1289/5810/1289 1260/5811/1260
f 1280/5812/1280 1261/5813/1261 1315/5814/1315
f 1309/5815/1309 1261/5816/1261 1312/5817/1312
f 1316/5818/1316 1317/5819/1317 1318/5820/1318
f 1310/5821/1310 1262/5822/1262 1261/5823/1261
f 1243/5824/1243 1245/5825/1245 1315/5826/1315
f 1319/5827/1319 1320/5828/1320 1317/5829/1317
f 1287/5830/1287 1291/5831/1291 1321/5832/1321
f 1322/5833/1322 1318/5834/1318 1238/5835/1238
f 1269/5836/1269 1251/5837/1251 1270/5838/1270
f 1286/5839/1286 1315/5840/1315 1245/5841/1245
f 1269/5842/1269 1271/5843/1271 1319/5844/1319
f 1323/5845/1323 1269/5846/1269 1319/5847/1319
f 1323/5848/1323 1324/5849/1324 1269/5850/1269
f 1248/5851/1248 1253/5852/1253 1325/5853/1325
f 1272/5854/1272 1252/5855/1252 1268/5856/1268
f 1250/5857/1250 1326/5858/1326 1270/5859/1270
f 1286/5860/1286 1314/5861/1314 1291/5862/1291
f 1276/5863/1276 1327/5864/1327 1277/5865/1277
f 1275/5866/1275 1253/5867/1253 1273/5868/1273
f 1262/5869/1262 1279/5870/1279 1243/5871/1243
f 1267/5872/1267 1273/5873/1273 1268/5874/1268
f 1308/5875/1308 1279/5876/1279 1262/5877/1262
f 1262/5878/1262 1328/5879/1328 1308/5880/1308
f 1321/5881/1321 1291/5882/1291 1288/5883/1288
f 1329/5884/1329 1330/5885/1330 1297/5886/1297
f 1323/5887/1323 1319/5888/1319 1317/5889/1317
f 1316/5890/1316 1323/5891/1323 1317/5892/1317
f 1270/5893/1270 1251/5894/1251 1250/5895/1250
f 1286/5896/1286 1259/5897/1259 1314/5898/1314
f 1331/5899/1331 1278/5900/1278 1332/5901/1332
f 1302/5902/1302 1303/5903/1303 1292/5904/1292
f 1305/5905/1305 1293/5906/1293 1292/5907/1292
f 1309/5908/1309 1305/5909/1305 1333/5910/1333
f 1334/5911/1334 1313/5912/1313 1296/5913/1296
f 1331/5914/1331 1319/5915/1319 1271/5916/1271
f 1299/5917/1299 1306/5918/1306 1241/5919/1241
f 1278/5920/1278 1331/5921/1331 1271/5922/1271
f 1314/5923/1314 1259/5924/1259 1257/5925/1257
f 1314/5926/1314 1257/5927/1257 1256/5928/1256
f 1316/5929/1316 1328/5930/1328 1262/5931/1262
f 1308/5932/1308 1266/5933/1266 1307/5934/1307
f 1298/5935/1298 1335/5936/1335 1336/5937/1336
f 1319/5938/1319 1331/5939/1331 1320/5940/1320
f 1282/5941/1282 1281/5942/1281 1288/5943/1288
f 1258/5944/1258 1282/5945/1282 1256/5946/1256
f 1307/5947/1307 1266/5948/1266 1259/5949/1259
f 1316/5950/1316 1337/5951/1337 1328/5952/1328
f 1328/5953/1328 1337/5954/1337 1266/5955/1266
f 1338/5956/1338 1288/5957/1288 1281/5958/1281
f 1284/5959/1284 1300/5960/1300 1285/5961/1285
f 1316/5962/1316 1318/5963/1318 1337/5964/1337
f 1258/5965/1258 1257/5966/1257 1247/5967/1247
f 1320/5968/1320 1331/5969/1331 1339/5970/1339
f 1247/5971/1247 1304/5972/1304 1258/5973/1258
f 1304/5974/1304 1281/5975/1281 1258/5976/1258
f 1340/5977/1340 1338/5978/1338 1281/5979/1281
f 1254/5980/1254 1337/5981/1337 1255/5982/1255
f 1318/5983/1318 1339/5984/1339 1238/5985/1238
f 1340/5986/1340 1281/5987/1281 1304/5988/1304
f 1338/5989/1338 1340/5990/1340 1341/5991/1341
f 1255/5992/1255 1318/5993/1318 1322/5994/1322
f 1257/5995/1257 1254/5996/1254 1247/5997/1247
f 1339/5998/1339 1236/5999/1236 1238/6000/1238
f 1246/6001/1246 1304/6002/1304 1247/6003/1247
f 1265/6004/1265 1341/6005/1341 1340/6006/1340
f 1255/6007/1255 1295/6008/1295 1253/6009/1253
f 1265/6010/1265 1340/6011/1340 1304/6012/1304
f 1300/6013/1300 1306/6014/1306 1299/6015/1299
f 1248/6016/1248 1247/6017/1247 1253/6018/1253
f 1238/6019/1238 1237/6020/1237 1272/6021/1272
f 1244/6022/1244 1259/6023/1259 1286/6024/1286
f 1244/6025/1244 1279/6026/1279 1307/6027/1307
f 1262/6028/1262 1323/6029/1323 1316/6030/1316
f 1262/6031/1262 1324/6032/1324 1323/6033/1323
f 1265/6034/1265 1264/6035/1264 1341/6036/1341
f 1255/6037/1255 1322/6038/1322 1342/6039/1342
f 1305/6040/1305 1239/6041/1239 1333/6042/1333
f 1255/6043/1255 1342/6044/1342 1295/6045/1295
f 1238/6046/1238 1272/6047/1272 1322/6048/1322
f 1286/6049/1286 1276/6050/1276 1315/6051/1315
f 1272/6052/1272 1268/6053/1268 1322/6054/1322
f 1268/6055/1268 1342/6056/1342 1322/6057/1322
f 1276/6058/1276 1280/6059/1280 1315/6060/1315
f 1325/6061/1325 1263/6062/1263 1246/6063/1246
f 1302/6064/1302 1285/6065/1285 1299/6066/1299
f 1273/6067/1273 1295/6068/1295 1342/6069/1342
f 1290/6070/1290 1250/6071/1250 1260/6072/1260
f 1325/6073/1325 1246/6074/1246 1248/6075/1248
f 1325/6076/1325 1253/6077/1253 1275/6078/1275
f 1342/6079/1342 1268/6080/1268 1273/6081/1273
f 1263/6082/1263 1325/6083/1325 1301/6084/1301
f 1267/6085/1267 1274/6086/1274 1273/6087/1273
f 1327/6088/1327 1276/6089/1276 1287/6090/1287
f 1266/6091/1266 1337/6092/1337 1254/6093/1254
f 1297/6094/1297 1330/6095/1330 1298/6096/1298
f 1343/6097/1343 1310/6098/1310 1333/6099/1333
f 1251/6100/1251 1269/6101/1269 1344/6102/1344
f 1333/6103/1333 1239/6104/1239 1343/6105/1343
f 1294/6106/1294 1302/6107/1302 1292/6108/1292
f 1239/6109/1239 1344/6110/1344 1343/6111/1343
f 1344/6112/1344 1249/6113/1249 1251/6114/1251
f 1262/6115/1262 1310/6116/1310 1324/6117/1324
f 1343/6118/1343 1324/6119/1324 1310/6120/1310
f 1343/6121/1343 1344/6122/1344 1324/6123/1324
f 1269/6124/1269 1324/6125/1324 1344/6126/1344
f 1296/6127/1296 1298/6128/1298 1345/6129/1345
f 1239/6130/1239 1241/6131/1241 1344/6132/1344
f 1344/6133/1344 1241/6134/1241 1249/6135/1249
f 1334/6136/1334 1346/6137/1346 1347/6138/1347
f 1348/6139/1348 1326/6140/1326 1250/6141/1250
f 1349/6142/1349 1350/6143/1350 1351/6144/1351
f 1348/6145/1348 1250/6146/1250 1352/6147/1352
f 1353/6148/1353 1354/6149/1354 1346/6150/1346
f 1355/6151/1355 1354/6152/1354 1353/6153/1353
f 1356/6154/1356 1357/6155/1357 1358/6156/1358
f 1359/6157/1359 1360/6158/1360 1361/6159/1361
f 1362/6160/1362 1363/6161/1363 1290/6162/1290
f 1360/6163/1360 1359/6164/1359 1364/6165/1364
f 1352/6166/1352 1359/6167/1359 1348/6168/1348
f 1318/6169/1318 1317/6170/1317 1320/6171/1320
f 1365/6172/1365 1361/6173/1361 1360/6174/1360
f 1354/6175/1354 1366/6176/1366 1346/6177/1346
f 1367/6178/1367 1290/6179/1290 1363/6180/1363
f 1365/6181/1365 1360/6182/1360 1357/6183/1357
f 1359/6184/1359 1352/6185/1352 1364/6186/1364
f 1357/6187/1357 1356/6188/1356 1368/6189/1368
f 1240/6190/1240 1302/6191/1302 1299/6192/1299
f 1353/6193/1353 1361/6194/1361 1365/6195/1365
f 1365/6196/1365 1357/6197/1357 1355/6198/1355
f 1353/6199/1353 1365/6200/1365 1355/6201/1355
f 1357/6202/1357 1360/6203/1360 1367/6204/1367
f 1290/6205/1290 1367/6206/1367 1364/6207/1364
f 1318/6208/1318 1255/6209/1255 1337/6210/1337
f 1360/6211/1360 1364/6212/1364 1367/6213/1367
f 1358/6214/1358 1357/6215/1357 1367/6216/1367
f 1352/6217/1352 1290/6218/1290 1364/6219/1364
f 1357/6220/1357 1368/6221/1368 1355/6222/1355
f 1359/6223/1359 1361/6224/1361 1353/6225/1353
f 1265/6226/1265 1304/6227/1304 1263/6228/1263
f 1346/6229/1346 1366/6230/1366 1347/6231/1347
f 1346/6232/1346 1334/6233/1334 1296/6234/1296
f 1367/6235/1367 1369/6236/1369 1358/6237/1358
f 1313/6238/1313 1329/6239/1329 1297/6240/1297
f 1243/6241/1243 1315/6242/1315 1261/6243/1261
f 1339/6244/1339 1318/6245/1318 1320/6246/1320
f 1370/6247/1370 1371/6248/1371 1372/6249/1372
f 1373/6250/1373 1374/6251/1374 1331/6252/1331
f 1374/6253/1374 1375/6254/1375 1376/6255/1376
f 1371/6256/1371 1375/6257/1375 1377/6258/1377
f 1370/6259/1370 1376/6260/1376 1375/6261/1375
f 1378/6262/1378 1329/6263/1329 1377/6264/1377
f 1379/6265/1379 1380/6266/1380 1381/6267/1381
f 1382/6268/1382 1383/6269/1383 1381/6270/1381
f 1381/6271/1381 1383/6272/1383 1379/6273/1379
f 1345/6274/1345 1359/6275/1359 1353/6276/1353
f 1370/6277/1370 1375/6278/1375 1371/6279/1371
f 1362/6280/1362 1384/6281/1384 1363/6282/1363
f 1384/6283/1384 1385/6284/1385 1363/6285/1363
f 1385/6286/1385 1384/6287/1384 1386/6288/1386
f 1369/6289/1369 1363/6290/1363 1385/6291/1385
f 1387/6292/1387 1388/6293/1388 1386/6294/1386
f 1389/6295/1389 1369/6296/1369 1385/6297/1385
f 1385/6298/1385 1388/6299/1388 1390/6300/1390
f 1363/6301/1363 1369/6302/1369 1367/6303/1367
f 1386/6304/1386 1388/6305/1388 1385/6306/1385
f 1358/6307/1358 1369/6308/1369 1391/6309/1391
f 1366/6310/1366 1392/6311/1392 1393/6312/1393
f 1394/6313/1394 1395/6314/1395 1396/6315/1396
f 1392/6316/1392 1368/6317/1368 1382/6318/1382
f 1325/6319/1325 1275/6320/1275 1301/6321/1301
f 1397/6322/1397 1395/6323/1395 1394/6324/1394
f 1369/6325/1369 1395/6326/1395 1391/6327/1391
f 1390/6328/1390 1387/6329/1387 1396/6330/1396
f 1390/6331/1390 1388/6332/1388 1387/6333/1387
f 1310/6334/1310 1309/6335/1309 1333/6336/1333
f 1395/6337/1395 1390/6338/1390 1396/6339/1396
f 1386/6340/1386 1384/6341/1384 1398/6342/1398
f 1397/6343/1397 1391/6344/1391 1395/6345/1395
f 1298/6346/1298 1336/6347/1336 1345/6348/1345
f 1346/6349/1346 1296/6350/1296 1345/6351/1345
f 1399/6352/1399 1336/6353/1336 1335/6354/1335
f 1400/6355/1400 1378/6356/1378 1377/6357/1377
f 1375/6358/1375 1373/6359/1373 1377/6360/1377
f 1346/6361/1346 1345/6362/1345 1353/6363/1353
f 1401/6364/1401 1402/6365/1402 1403/6366/1403
f 1404/6367/1404 1405/6368/1405 1406/6369/1406
f 1407/6370/1407 1408/6371/1408 1409/6372/1409
f 1331/6373/1331 1332/6374/1332 1400/6375/1400
f 1410/6376/1410 1400/6377/1400 1332/6378/1332
f 1376/6379/1376 1411/6380/1411 1374/6381/1374
f 1406/6382/1406 1401/6383/1401 1411/6384/1411
f 1326/6385/1326 1412/6386/1412 1270/6387/1270
f 1290/6388/1290 1352/6389/1352 1250/6390/1250
f 1374/6391/1374 1339/6392/1339 1331/6393/1331
f 1267/6394/1267 1252/6395/1252 1413/6396/1413
f 1414/6397/1414 1415/6398/1415 1264/6399/1264
f 1275/6400/1275 1274/6401/1274 1301/6402/1301
f 1270/6403/1270 1416/6404/1416 1278/6405/1278
f 1402/6406/1402 1407/6407/1407 1403/6408/1403
f 1417/6409/1417 1406/6410/1406 1405/6411/1405
f 1403/6412/1403 1418/6413/1418 1401/6414/1401
f 1348/6415/1348 1336/6416/1336 1399/6417/1399
f 1418/6418/1418 1413/6419/1413 1252/6420/1252
f 1236/6421/1236 1339/6422/1339 1374/6423/1374
f 1412/6424/1412 1326/6425/1326 1335/6426/1335
f 1416/6427/1416 1332/6428/1332 1278/6429/1278
f 1242/6430/1242 1411/6431/1411 1418/6432/1418
f 1406/6433/1406 1411/6434/1411 1376/6435/1376
f 1414/6436/1414 1403/6437/1403 1407/6438/1407
f 1415/6439/1415 1414/6440/1414 1409/6441/1409
f 1412/6442/1412 1410/6443/1410 1416/6444/1416
f 1419/6445/1419 1420/6446/1420 1421/6447/1421
f 1422/6448/1422 1371/6449/1371 1329/6450/1329
f 1418/6451/1418 1252/6452/1252 1242/6453/1242
f 1332/6454/1332 1416/6455/1416 1410/6456/1410
f 1402/6457/1402 1423/6458/1423 1424/6459/1424
f 1425/6460/1425 1426/6461/1426 1427/6462/1427
f 1416/6463/1416 1270/6464/1270 1412/6465/1412
f 1404/6466/1404 1406/6467/1406 1376/6468/1376
f 1425/6469/1425 1428/6470/1428 1426/6471/1426
f 1423/6472/1423 1402/6473/1402 1417/6474/1417
f 1404/6475/1404 1376/6476/1376 1370/6477/1370
f 1429/6478/1429 1425/6479/1425 1427/6480/1427
f 1421/6481/1421 1428/6482/1428 1425/6483/1425
f 1374/6484/1374 1411/6485/1411 1233/6486/1233
f 1429/6487/1429 1427/6488/1427 1424/6489/1424
f 1430/6490/1430 1422/6491/1422 1351/6492/1351
f 1431/6493/1431 1410/6494/1410 1412/6495/1412
f 1425/6496/1425 1429/6497/1429 1423/6498/1423
f 1423/6499/1423 1429/6500/1429 1424/6501/1424
f 1423/6502/1423 1421/6503/1421 1425/6504/1425
f 1408/6505/1408 1424/6506/1424 1427/6507/1427
f 1421/6508/1421 1423/6509/1423 1405/6510/1405
f 1377/6511/1377 1373/6512/1373 1400/6513/1400
f 1405/6514/1405 1423/6515/1423 1417/6516/1417
f 1421/6517/1421 1405/6518/1405 1419/6519/1419
f 1407/6520/1407 1424/6521/1424 1408/6522/1408
f 1242/6523/1242 1233/6524/1233 1411/6525/1411
f 1351/6526/1351 1313/6527/1313 1349/6528/1349
f 1403/6529/1403 1274/6530/1274 1413/6531/1413
f 1424/6532/1424 1407/6533/1407 1402/6534/1402
f 1402/6535/1402 1401/6536/1401 1417/6537/1417
f 1404/6538/1404 1419/6539/1419 1405/6540/1405
f 1407/6541/1407 1409/6542/1409 1414/6543/1414
f 1404/6544/1404 1420/6545/1420 1419/6546/1419
f 1417/6547/1417 1401/6548/1401 1406/6549/1406
f 1370/6550/1370 1420/6551/1420 1404/6552/1404
f 1403/6553/1403 1414/6554/1414 1274/6555/1274
f 1301/6556/1301 1274/6557/1274 1414/6558/1414
f 1375/6559/1375 1374/6560/1374 1373/6561/1373
f 1403/6562/1403 1413/6563/1413 1418/6564/1418
f 1401/6565/1401 1418/6566/1418 1411/6567/1411
f 1274/6568/1274 1267/6569/1267 1413/6570/1413
f 1414/6571/1414 1264/6572/1264 1301/6573/1301
f 1236/6574/1236 1374/6575/1374 1233/6576/1233
f 1410/6577/1410 1431/6578/1431 1400/6579/1400
f 1359/6580/1359 1336/6581/1336 1348/6582/1348
f 1313/6583/1313 1351/6584/1351 1329/6585/1329
f 1330/6586/1330 1329/6587/1329 1378/6588/1378
f 1313/6589/1313 1334/6590/1334 1349/6591/1349
f 1377/6592/1377 1329/6593/1329 1371/6594/1371
f 1422/6595/1422 1329/6596/1329 1351/6597/1351
f 1380/6598/1380 1391/6599/1391 1397/6600/1397
f 1391/6601/1391 1380/6602/1380 1379/6603/1379
f 1356/6604/1356 1391/6605/1391 1379/6606/1379
f 1391/6607/1391 1356/6608/1356 1358/6609/1358
f 1432/6610/1432 1433/6611/1433 1434/6612/1434
f 1289/6613/1289 1362/6614/1362 1290/6615/1290
f 1311/6616/1311 1435/6617/1435 1306/6618/1306
f 1289/6619/1289 1306/6620/1306 1435/6621/1435
f 1384/6622/1384 1362/6623/1362 1289/6624/1289
f 1311/6625/1311 1436/6626/1436 1435/6627/1435
f 1436/6628/1436 1398/6629/1398 1384/6630/1384
f 1437/6631/1437 1386/6632/1386 1436/6633/1436
f 1435/6634/1435 1436/6635/1436 1384/6636/1384
f 1436/6637/1436 1311/6638/1311 1284/6639/1284
f 1436/6640/1436 1386/6641/1386 1398/6642/1398
f 1434/6643/1434 1438/6644/1438 1432/6645/1432
f 1348/6646/1348 1399/6647/1399 1326/6648/1326
f 1289/6649/1289 1435/6650/1435 1384/6651/1384
f 1439/6652/1439 1433/6653/1433 1440/6654/1440
f 1284/6655/1284 1439/6656/1439 1440/6657/1440
f 1436/6658/1436 1440/6659/1440 1437/6660/1437
f 1436/6661/1436 1284/6662/1284 1440/6663/1440
f 1432/6664/1432 1440/6665/1440 1433/6666/1433
f 1432/6667/1432 1437/6668/1437 1440/6669/1440
f 1432/6670/1432 1438/6671/1438 1437/6672/1437
f 1420/6673/1420 1441/6674/1441 1421/6675/1421
f 1442/6676/1442 1443/6677/1443 1444/6678/1444
f 1351/6679/1351 1350/6680/1350 1445/6681/1445
f 1446/6682/1446 1441/6683/1441 1447/6684/1447
f 1430/6685/1430 1448/6686/1448 1422/6687/1422
f 1447/6688/1447 1443/6689/1443 1446/6690/1446
f 1430/6691/1430 1449/6692/1449 1448/6693/1448
f 1254/6694/1254 1253/6695/1253 1247/6696/1247
f 1450/6697/1450 1449/6698/1449 1443/6699/1443
f 1438/6700/1438 1387/6701/1387 1437/6702/1437
f 1400/6703/1400 1431/6704/1431 1378/6705/1378
f 1450/6706/1450 1443/6707/1443 1447/6708/1447
f 1449/6709/1449 1444/6710/1444 1443/6711/1443
f 1387/6712/1387 1386/6713/1386 1437/6714/1437
f 1443/6715/1443 1442/6716/1442 1446/6717/1446
f 1396/6718/1396 1387/6719/1387 1438/6720/1438
f 1451/6721/1451 1449/6722/1449 1430/6723/1430
f 1330/6724/1330 1335/6725/1335 1298/6726/1298
f 1420/6727/1420 1447/6728/1447 1441/6729/1441
f 1400/6730/1400 1373/6731/1373 1331/6732/1331
f 1335/6733/1335 1326/6734/1326 1399/6735/1399
f 1445/6736/1445 1451/6737/1451 1430/6738/1430
f 1330/6739/1330 1431/6740/1431 1335/6741/1335
f 1351/6742/1351 1445/6743/1445 1430/6744/1430
f 1368/6745/1368 1383/6746/1383 1382/6747/1382
f 1431/6748/1431 1330/6749/1330 1378/6750/1378
f 1370/6751/1370 1372/6752/1372 1447/6753/1447
f 1372/6754/1372 1371/6755/1371 1450/6756/1450
f 1447/6757/1447 1420/6758/1420 1370/6759/1370
f 1450/6760/1450 1447/6761/1447 1372/6762/1372
f 1395/6763/1395 1369/6764/1369 1389/6765/1389
f 1390/6766/1390 1389/6767/1389 1385/6768/1385
f 1395/6769/1395 1389/6770/1389 1390/6771/1390
f 1382/6772/1382 1393/6773/1393 1392/6774/1392
f 1450/6775/1450 1371/6776/1371 1448/6777/1448
f 1448/6778/1448 1371/6779/1371 1422/6780/1422
f 1448/6781/1448 1449/6782/1449 1450/6783/1450
f 1359/6784/1359 1345/6785/1345 1336/6786/1336
f 1383/6787/1383 1356/6788/1356 1379/6789/1379
f 1383/6790/1383 1368/6791/1368 1356/6792/1356
f 1392/6793/1392 1355/6794/1355 1368/6795/1368
f 1355/6796/1355 1392/6797/1392 1354/6798/1354
f 1308/6799/1308 1328/6800/1328 1266/6801/1266
f 1431/6802/1431 1412/6803/1412 1335/6804/1335
f 1392/6805/1392 1366/6806/1366 1354/6807/1354
f 1452/6808/1452 1453/6809/1453 1454/6810/1454
f 1455/6811/1455 1456/6812/1456 1457/6813/1457
f 1458/6814/1458 1459/6815/1459 1460/6816/1460
f 1461/6817/1461 1454/6818/1454 1453/6819/1453
f 1453/6820/1453 1452/6821/1452 1462/6822/1462
f 1455/6823/1455 1454/6824/1454 1461/6825/1461
f 1463/6826/1463 1464/6827/1464 1465/6828/1465
f 1466/6829/1466 1459/6830/1459 1458/6831/1458
f 1467/6832/1467 1452/6833/1452 1463/6834/1463
f 1468/6835/1468 1464/6836/1464 1469/6837/1469
f 1470/6838/1470 1462/6839/1462 1452/6840/1452
f 1471/6841/1471 1472/6842/1472 1473/6843/1473
f 1469/6844/1469 1474/6845/1474 1468/6846/1468
f 1466/6847/1466 1475/6848/1475 1476/6849/1476
f 1473/6850/1473 1477/6851/1477 1471/6852/1471
f 1477/6853/1477 1460/6854/1460 1471/6855/1471
f 1477/6856/1477 1478/6857/1478 1460/6858/1460
f 1459/6859/1459 1472/6860/1472 1471/6861/1471
f 1460/6862/1460 1459/6863/1459 1471/6864/1471
f 1478/6865/1478 1479/6866/1479 1460/6867/1460
f 1458/6868/1458 1480/6869/1480 1481/6870/1481
f 1482/6871/1482 1483/6872/1483 1484/6873/1484
f 1485/6874/1485 1483/6875/1483 1486/6876/1486
f 1486/6877/1486 1487/6878/1487 1485/6879/1485
f 1480/6880/1480 1458/6881/1458 1488/6882/1488
f 1489/6883/1489 1490/6884/1490 1487/6885/1487
f 1487/6886/1487 1490/6887/1490 1491/6888/1491
f 1485/6889/1485 1487/6890/1487 1491/6891/1491
f 1492/6892/1492 1493/6893/1493 1480/6894/1480
f 1494/6895/1494 1495/6896/1495 1496/6897/1496
f 1497/6898/1497 1498/6899/1498 1499/6900/1499
f 1497/6901/1497 1499/6902/1499 1500/6903/1500
f 1483/6904/1483 1482/6905/1482 1486/6906/1486
f 1492/6907/1492 1501/6908/1501 1502/6909/1502
f 1481/6910/1481 1466/6911/1466 1458/6912/1458
f 1466/6913/1466 1481/6914/1481 1475/6915/1475
f 1503/6916/1503 1465/6917/1465 1464/6918/1464
f 1503/6919/1503 1464/6920/1464 1468/6921/1468
f 1462/6922/1462 1504/6923/1504 1453/6924/1453
f 1470/6925/1470 1504/6926/1504 1462/6927/1462
f 1460/6928/1460 1479/6929/1479 1458/6930/1458
f 1505/6931/1505 1506/6932/1506 1465/6933/1465
f 1507/6934/1507 1465/6935/1465 1506/6936/1506
f 1504/6937/1504 1470/6938/1470 1506/6939/1506
f 1507/6940/1507 1506/6941/1506 1470/6942/1470
f 1500/6943/1500 1499/6944/1499 1508/6945/1508
f 1509/6946/1509 1496/6947/1496 1510/6948/1510
f 1511/6949/1511 1512/6950/1512 1513/6951/1513
f 1510/6952/1510 1456/6953/1456 1514/6954/1514
f 1515/6955/1515 1513/6956/1513 1506/6957/1506
f 1516/6958/1516 1506/6959/1506 1512/6960/1512
f 1495/6961/1495 1510/6962/1510 1496/6963/1496
f 1513/6964/1513 1512/6965/1512 1506/6966/1506
f 1510/6967/1510 1512/6968/1512 1509/6969/1509
f 1509/6970/1509 1512/6971/1512 1511/6972/1511
f 1517/6973/1517 1494/6974/1494 1496/6975/1496
f 1509/6976/1509 1511/6977/1511 1517/6978/1517
f 1518/6979/1518 1519/6980/1519 1520/6981/1520
f 1512/6982/1512 1510/6983/1510 1516/6984/1516
f 1458/6985/1458 1521/6986/1521 1488/6987/1488
f 1522/6988/1522 1523/6989/1523 1494/6990/1494
f 1480/6991/1480 1488/6992/1488 1524/6993/1524
f 1513/6994/1513 1515/6995/1515 1492/6996/1492
f 1523/6997/1523 1522/6998/1522 1525/6999/1525
f 1502/7000/1502 1526/7001/1526 1527/7002/1527
f 1493/7003/1493 1492/7004/1492 1515/7005/1515
f 1528/7006/1528 1520/7007/1520 1519/7008/1519
f 1503/7009/1503 1493/7010/1493 1515/7011/1515
f 1525/7012/1525 1522/7013/1522 1529/7014/1529
f 1525/7015/1525 1529/7016/1529 1530/7017/1530
f 1524/7018/1524 1501/7019/1501 1492/7020/1492
f 1465/7021/1465 1503/7022/1503 1505/7023/1505
f 1489/7024/1489 1531/7025/1531 1490/7026/1490
f 1519/7027/1519 1498/7028/1498 1528/7029/1528
f 1526/7030/1526 1518/7031/1518 1527/7032/1527
f 1530/7033/1530 1529/7034/1529 1532/7035/1532
f 1528/7036/1528 1500/7037/1500 1532/7038/1532
f 1501/7039/1501 1533/7040/1533 1526/7041/1526
f 1520/7042/1520 1528/7043/1528 1529/7044/1529
f 1527/7045/1527 1517/7046/1517 1511/7047/1511
f 1529/7048/1529 1528/7049/1528 1532/7050/1532
f 1467/7051/1467 1507/7052/1507 1470/7053/1470
f 1506/7054/1506 1505/7055/1505 1515/7056/1515
f 1514/7057/1514 1453/7058/1453 1516/7059/1516
f 1534/7060/1534 1490/7061/1490 1531/7062/1531
f 1494/7063/1494 1517/7064/1517 1522/7065/1522
f 1535/7066/1535 1536/7067/1536 1508/7068/1508
f 1537/7069/1537 1523/7070/1523 1530/7071/1530
f 1490/7072/1490 1534/7073/1534 1538/7074/1538
f 1474/7075/1474 1481/7076/1481 1468/7077/1468
f 1516/7078/1516 1510/7079/1510 1514/7080/1514
f 1499/7081/1499 1535/7082/1535 1508/7083/1508
f 1528/7084/1528 1498/7085/1498 1497/7086/1497
f 1517/7087/1517 1527/7088/1527 1529/7089/1529
f 1452/7090/1452 1467/7091/1467 1470/7092/1470
f 1539/7093/1539 1536/7094/1536 1540/7095/1540
f 1506/7096/1506 1516/7097/1516 1504/7098/1504
f 1525/7099/1525 1530/7100/1530 1523/7101/1523
f 1504/7102/1504 1516/7103/1516 1453/7104/1453
f 1500/7105/1500 1528/7106/1528 1497/7107/1497
f 1502/7108/1502 1511/7109/1511 1513/7110/1513
f 1518/7111/1518 1520/7112/1520 1527/7113/1527
f 1481/7114/1481 1480/7115/1480 1468/7116/1468
f 1484/7117/1484 1541/7118/1541 1482/7119/1482
f 1518/7120/1518 1526/7121/1526 1533/7122/1533
f 1529/7123/1529 1527/7124/1527 1520/7125/1520
f 1531/7126/1531 1540/7127/1540 1534/7128/1534
f 1517/7129/1517 1529/7130/1529 1522/7131/1522
f 1508/7132/1508 1539/7133/1539 1537/7134/1537
f 1508/7135/1508 1532/7136/1532 1500/7137/1500
f 1502/7138/1502 1527/7139/1527 1511/7140/1511
f 1530/7141/1530 1532/7142/1532 1508/7143/1508
f 1468/7144/1468 1493/7145/1493 1503/7146/1503
f 1508/7147/1508 1537/7148/1537 1530/7149/1530
f 1505/7150/1505 1503/7151/1503 1515/7152/1515
f 1492/7153/1492 1502/7154/1502 1513/7155/1513
f 1472/7156/1472 1459/7157/1459 1466/7158/1466
f 1472/7159/1472 1476/7160/1476 1473/7161/1473
f 1476/7162/1476 1472/7163/1472 1466/7164/1466
f 1492/7165/1492 1480/7166/1480 1524/7167/1524
f 1493/7168/1493 1468/7169/1468 1480/7170/1480
f 1536/7171/1536 1534/7172/1534 1540/7173/1540
f 1536/7174/1536 1539/7175/1539 1508/7176/1508
f 1536/7177/1536 1538/7178/1538 1534/7179/1534
f 1507/7180/1507 1467/7181/1467 1465/7182/1465
f 1521/7183/1521 1458/7184/1458 1479/7185/1479
f 1467/7186/1467 1463/7187/1463 1465/7188/1465
f 1474/7189/1474 1475/7190/1475 1481/7191/1481
f 1509/7192/1509 1517/7193/1517 1496/7194/1496
f 1538/7195/1538 1536/7196/1536 1535/7197/1535
f 1526/7198/1526 1502/7199/1502 1501/7200/1501
f 1457/7201/1457 1456/7202/1456 1542/7203/1542
f 1456/7204/1456 1455/7205/1455 1461/7206/1461
f 1514/7207/1514 1456/7208/1456 1461/7209/1461
f 1542/7210/1542 1543/7211/1543 1457/7212/1457
f 1453/7213/1453 1514/7214/1514 1461/7215/1461
f 1544/7216/1544 1545/7217/1545 1546/7218/1546
f 1547/7219/1547 1545/7220/1545 1548/7221/1548
f 1549/7222/1549 1550/7223/1550 1544/7224/1544
f 1551/7225/1551 1552/7226/1552 1553/7227/1553
f 1547/7228/1547 1554/7229/1554 1555/7230/1555
f 1556/7231/1556 1557/7232/1557 1551/7233/1551
f 1558/7234/1558 1549/7235/1549 1559/7236/1559
f 1560/7237/1560 1544/7238/1544 1546/7239/1546
f 1549/7240/1549 1560/7241/1560 1561/7242/1561
f 1562/7243/1562 1558/7244/1558 1559/7245/1559
f 1558/7246/1558 1562/7247/1562 1563/7248/1563
f 1564/7249/1564 1565/7250/1565 1547/7251/1547
f 1566/7252/1566 1567/7253/1567 1568/7254/1568
f 1569/7255/1569 1570/7256/1570 1571/7257/1571
f 1572/7258/1572 1570/7259/1570 1573/7260/1573
f 1547/7261/1547 1565/7262/1565 1574/7263/1574
f 1558/7264/1558 1563/7265/1563 1575/7266/1575
f 1572/7267/1572 1573/7268/1573 1576/7269/1576
f 1576/7270/1576 1573/7271/1573 1577/7272/1577
f 1577/7273/1577 1578/7274/1578 1576/7275/1576
f 1577/7276/1577 1573/7277/1573 1579/7278/1579
f 1573/7279/1573 1580/7280/1580 1579/7281/1579
f 1544/7282/1544 1550/7283/1550 1581/7284/1581
f 1578/7285/1578 1577/7286/1577 1582/7287/1582
f 1577/7288/1577 1579/7289/1579 1582/7290/1582
f 1583/7291/1583 1547/7292/1547 1574/7293/1574
f 1584/7294/1584 1548/7295/1548 1585/7296/1585
f 1560/7297/1560 1546/7298/1546 1586/7299/1586
f 1587/7300/1587 1581/7301/1581 1550/7302/1550
f 1588/7303/1588 1580/7304/1580 1570/7305/1570
f 1586/7306/1586 1561/7307/1561 1560/7308/1560
f 1583/7309/1583 1546/7310/1546 1545/7311/1545
f 1589/7312/1589 1590/7313/1590 1591/7314/1591
f 1592/7315/1592 1593/7316/1593 1594/7317/1594
f 1578/7318/1578 1595/7319/1595 1596/7320/1596
f 1596/7321/1596 1595/7322/1595 1597/7323/1597
f 1545/7324/1545 1544/7325/1544 1581/7326/1581
f 1568/7327/1568 1567/7328/1567 1598/7329/1598
f 1582/7330/1582 1595/7331/1595 1578/7332/1578
f 1597/7333/1597 1595/7334/1595 1599/7335/1599
f 1588/7336/1588 1570/7337/1570 1600/7338/1600
f 1548/7339/1548 1584/7340/1584 1554/7341/1554
f 1601/7342/1601 1602/7343/1602 1603/7344/1603
f 1583/7345/1583 1545/7346/1545 1547/7347/1547
f 1604/7348/1604 1605/7349/1605 1606/7350/1606
f 1584/7351/1584 1555/7352/1555 1554/7353/1554
f 1607/7354/1607 1608/7355/1608 1609/7356/1609
f 1610/7357/1610 1611/7358/1611 1593/7359/1593
f 1558/7360/1558 1612/7361/1612 1550/7362/1550
f 1573/7363/1573 1570/7364/1570 1580/7365/1580
f 1613/7366/1613 1614/7367/1614 1615/7368/1615
f 1589/7369/1589 1616/7370/1616 1617/7371/1617
f 1618/7372/1618 1619/7373/1619 1620/7374/1620
f 1612/7375/1612 1587/7376/1587 1550/7377/1550
f 1621/7378/1621 1622/7379/1622 1623/7380/1623
f 1624/7381/1624 1625/7382/1625 1626/7383/1626
f 1609/7384/1609 1627/7385/1627 1628/7386/1628
f 1616/7387/1616 1589/7388/1589 1629/7389/1629
f 1630/7390/1630 1609/7391/1609 1631/7392/1631
f 1560/7393/1560 1549/7394/1549 1544/7395/1544
f 1632/7396/1632 1633/7397/1633 1634/7398/1634
f 1635/7399/1635 1626/7400/1626 1634/7401/1634
f 1635/7402/1635 1634/7403/1634 1633/7404/1633
f 1608/7405/1608 1591/7406/1591 1590/7407/1590
f 1626/7408/1626 1636/7409/1636 1624/7410/1624
f 1637/7411/1637 1638/7412/1638 1639/7413/1639
f 1640/7414/1640 1626/7415/1626 1625/7416/1625
f 1545/7417/1545 1581/7418/1581 1548/7419/1548
f 1587/7420/1587 1641/7421/1641 1585/7422/1585
f 1589/7423/1589 1617/7424/1617 1590/7425/1590
f 1632/7426/1632 1634/7427/1634 1642/7428/1642
f 1603/7429/1603 1643/7430/1643 1644/7431/1644
f 1591/7432/1591 1608/7433/1608 1645/7434/1645
f 1630/7435/1630 1646/7436/1646 1609/7437/1609
f 1647/7438/1647 1611/7439/1611 1648/7440/1648
f 1640/7441/1640 1634/7442/1634 1626/7443/1626
f 1649/7444/1649 1604/7445/1604 1644/7446/1644
f 1625/7447/1625 1624/7448/1624 1650/7449/1650
f 1608/7450/1608 1607/7451/1607 1645/7452/1645
f 1581/7453/1581 1585/7454/1585 1548/7455/1548
f 1631/7456/1631 1609/7457/1609 1590/7458/1590
f 1609/7459/1609 1646/7460/1646 1627/7461/1627
f 1651/7462/1651 1633/7463/1633 1652/7464/1652
f 1653/7465/1653 1564/7466/1564 1654/7467/1654
f 1557/7468/1557 1655/7469/1655 1647/7470/1647
f 1656/7471/1656 1606/7472/1606 1657/7473/1657
f 1601/7474/1601 1658/7475/1658 1659/7476/1659
f 1602/7477/1602 1601/7478/1601 1659/7479/1659
f 1633/7480/1633 1651/7481/1651 1635/7482/1635
f 1564/7483/1564 1555/7484/1555 1654/7485/1654
f 1655/7486/1655 1557/7487/1557 1556/7488/1556
f 1660/7489/1660 1661/7490/1661 1662/7491/1662
f 1553/7492/1553 1552/7493/1552 1620/7494/1620
f 1644/7495/1644 1663/7496/1663 1603/7497/1603
f 1664/7498/1664 1662/7499/1662 1555/7500/1555
f 1648/7501/1648 1557/7502/1557 1647/7503/1647
f 1665/7504/1665 1568/7505/1568 1663/7506/1663
f 1666/7507/1666 1553/7508/1553 1667/7509/1667
f 1553/7510/1553 1620/7511/1620 1667/7512/1667
f 1668/7513/1668 1669/7514/1669 1670/7515/1670
f 1548/7516/1548 1554/7517/1554 1547/7518/1547
f 1671/7519/1671 1628/7520/1628 1592/7521/1592
f 1547/7522/1547 1555/7523/1555 1564/7524/1564
f 1672/7525/1672 1673/7526/1673 1674/7527/1674
f 1613/7528/1613 1670/7529/1670 1669/7530/1669
f 1635/7531/1635 1675/7532/1675 1626/7533/1626
f 1609/7534/1609 1608/7535/1608 1590/7536/1590
f 1558/7537/1558 1575/7538/1575 1612/7539/1612
f 1676/7540/1676 1645/7541/1645 1607/7542/1607
f 1674/7543/1674 1668/7544/1668 1677/7545/1677
f 1678/7546/1678 1679/7547/1679 1680/7548/1680
f 1681/7549/1681 1682/7550/1682 1683/7551/1683
f 1550/7552/1550 1549/7553/1549 1558/7554/1558
f 1684/7555/1684 1685/7556/1685 1686/7557/1686
f 1687/7558/1687 1669/7559/1669 1673/7560/1673
f 1631/7561/1631 1621/7562/1621 1623/7563/1623
f 1688/7564/1688 1689/7565/1689 1690/7566/1690
f 1591/7567/1591 1645/7568/1645 1691/7569/1691
f 1692/7570/1692 1693/7571/1693 1694/7572/1694
f 1673/7573/1673 1669/7574/1669 1668/7575/1668
f 1695/7576/1695 1696/7577/1696 1668/7578/1668
f 1585/7579/1585 1581/7580/1581 1587/7581/1587
f 1697/7582/1697 1698/7583/1698 1690/7584/1690
f 1664/7585/1664 1699/7586/1699 1660/7587/1660
f 1679/7588/1679 1697/7589/1697 1680/7590/1680
f 1700/7591/1700 1701/7592/1701 1696/7593/1696
f 1670/7594/1670 1702/7595/1702 1695/7596/1695
f 1660/7597/1660 1703/7598/1703 1661/7599/1661
f 1696/7600/1696 1695/7601/1695 1702/7602/1702
f 1701/7603/1701 1677/7604/1677 1696/7605/1696
f 1704/7606/1704 1705/7607/1705 1706/7608/1706
f 1707/7609/1707 1708/7610/1708 1709/7611/1709
f 1710/7612/1710 1711/7613/1711 1712/7614/1712
f 1650/7615/1650 1624/7616/1624 1713/7617/1713
f 1646/7618/1646 1630/7619/1630 1714/7620/1714
f 1715/7621/1715 1716/7622/1716 1702/7623/1702
f 1635/7624/1635 1651/7625/1651 1661/7626/1661
f 1676/7627/1676 1691/7628/1691 1645/7629/1645
f 1699/7630/1699 1664/7631/1664 1584/7632/1584
f 1717/7633/1717 1718/7634/1718 1719/7635/1719
f 1681/7636/1681 1706/7637/1706 1705/7638/1705
f 1697/7639/1697 1690/7640/1690 1680/7641/1680
f 1720/7642/1720 1721/7643/1721 1689/7644/1689
f 1689/7645/1689 1688/7646/1688 1722/7647/1722
f 1680/7648/1680 1690/7649/1690 1705/7650/1705
f 1710/7651/1710 1723/7652/1723 1724/7653/1724
f 1724/7654/1724 1685/7655/1685 1725/7656/1725
f 1689/7657/1689 1721/7658/1721 1705/7659/1705
f 1660/7660/1660 1699/7661/1699 1703/7662/1703
f 1721/7663/1721 1720/7664/1720 1712/7665/1712
f 1726/7666/1726 1614/7667/1614 1687/7668/1687
f 1727/7669/1727 1684/7670/1684 1728/7671/1728
f 1682/7672/1682 1681/7673/1681 1729/7674/1729
f 1705/7675/1705 1721/7676/1721 1681/7677/1681
f 1691/7678/1691 1676/7679/1676 1671/7680/1671
f 1607/7681/1607 1628/7682/1628 1676/7683/1676
f 1720/7684/1720 1689/7685/1689 1722/7686/1722
f 1627/7687/1627 1646/7688/1646 1610/7689/1610
f 1661/7690/1661 1703/7691/1703 1675/7692/1675
f 1628/7693/1628 1607/7694/1607 1609/7695/1609
f 1705/7696/1705 1704/7697/1704 1680/7698/1680
f 1628/7699/1628 1671/7700/1671 1676/7701/1676
f 1730/7702/1730 1713/7703/1713 1624/7704/1624
f 1706/7705/1706 1681/7706/1681 1683/7707/1683
f 1712/7708/1712 1729/7709/1729 1721/7710/1721
f 1712/7711/1712 1720/7712/1720 1710/7713/1710
f 1566/7714/1566 1568/7715/1568 1665/7716/1665
f 1693/7717/1693 1720/7718/1720 1722/7719/1722
f 1731/7720/1731 1732/7721/1732 1722/7722/1722
f 1681/7723/1681 1721/7724/1721 1729/7725/1729
f 1670/7726/1670 1695/7727/1695 1668/7728/1668
f 1705/7729/1705 1690/7730/1690 1689/7731/1689
f 1630/7732/1630 1631/7733/1631 1623/7734/1623
f 1688/7735/1688 1731/7736/1731 1722/7737/1722
f 1733/7738/1733 1650/7739/1650 1713/7740/1713
f 1685/7741/1685 1718/7742/1718 1725/7743/1725
f 1734/7744/1734 1735/7745/1735 1692/7746/1692
f 1622/7747/1622 1736/7748/1736 1623/7749/1623
f 1718/7750/1718 1717/7751/1717 1725/7752/1725
f 1668/7753/1668 1696/7754/1696 1677/7755/1677
f 1710/7756/1710 1692/7757/1692 1723/7758/1723
f 1736/7759/1736 1630/7760/1630 1623/7761/1623
f 1692/7762/1692 1710/7763/1710 1693/7764/1693
f 1710/7765/1710 1720/7766/1720 1693/7767/1693
f 1712/7768/1712 1711/7769/1711 1729/7770/1729
f 1628/7771/1628 1627/7772/1627 1592/7773/1592
f 1718/7774/1718 1685/7775/1685 1737/7776/1737
f 1724/7777/1724 1711/7778/1711 1710/7779/1710
f 1738/7780/1738 1687/7781/1687 1673/7782/1673
f 1717/7783/1717 1739/7784/1739 1682/7785/1682
f 1553/7786/1553 1556/7787/1556 1551/7788/1551
f 1692/7789/1692 1740/7790/1740 1734/7791/1734
f 1692/7792/1692 1694/7793/1694 1740/7794/1740
f 1741/7795/1741 1736/7796/1736 1622/7797/1622
f 1618/7798/1618 1552/7799/1552 1551/7800/1551
f 1694/7801/1694 1693/7802/1693 1722/7803/1722
f 1717/7804/1717 1711/7805/1711 1724/7806/1724
f 1717/7807/1717 1729/7808/1729 1711/7809/1711
f 1692/7810/1692 1735/7811/1735 1723/7812/1723
f 1630/7813/1630 1736/7814/1736 1714/7815/1714
f 1627/7816/1627 1610/7817/1610 1592/7818/1592
f 1736/7819/1736 1741/7820/1741 1714/7821/1714
f 1690/7822/1690 1698/7823/1698 1688/7824/1688
f 1610/7825/1610 1593/7826/1593 1592/7827/1592
f 1742/7828/1742 1702/7829/1702 1670/7830/1670
f 1743/7831/1743 1744/7832/1744 1745/7833/1745
f 1717/7834/1717 1724/7835/1724 1725/7836/1725
f 1694/7837/1694 1722/7838/1722 1732/7839/1732
f 1643/7840/1643 1649/7841/1649 1644/7842/1644
f 1661/7843/1661 1651/7844/1651 1654/7845/1654
f 1675/7846/1675 1703/7847/1703 1746/7848/1746
f 1747/7849/1747 1748/7850/1748 1749/7851/1749
f 1740/7852/1740 1748/7853/1748 1750/7854/1750
f 1713/7855/1713 1730/7856/1730 1751/7857/1751
f 1723/7858/1723 1686/7859/1686 1724/7860/1724
f 1717/7861/1717 1682/7862/1682 1729/7863/1729
f 1717/7864/1717 1719/7865/1719 1739/7866/1739
f 1752/7867/1752 1753/7868/1753 1754/7869/1754
f 1685/7870/1685 1724/7871/1724 1686/7872/1686
f 1735/7873/1735 1728/7874/1728 1723/7875/1723
f 1686/7876/1686 1723/7877/1723 1728/7878/1728
f 1755/7879/1755 1684/7880/1684 1727/7881/1727
f 1756/7882/1756 1735/7883/1735 1734/7884/1734
f 1727/7885/1727 1728/7886/1728 1757/7887/1757
f 1758/7888/1758 1759/7889/1759 1756/7890/1756
f 1735/7891/1735 1756/7892/1756 1728/7893/1728
f 1684/7894/1684 1686/7895/1686 1728/7896/1728
f 1685/7897/1685 1684/7898/1684 1737/7899/1737
f 1694/7900/1694 1732/7901/1732 1749/7902/1749
f 1747/7903/1747 1760/7904/1760 1750/7905/1750
f 1752/7906/1752 1761/7907/1761 1762/7908/1762
f 1763/7909/1763 1758/7910/1758 1762/7911/1762
f 1674/7912/1674 1673/7913/1673 1668/7914/1668
f 1730/7915/1730 1764/7916/1764 1751/7917/1751
f 1753/7918/1753 1752/7919/1752 1758/7920/1758
f 1759/7921/1759 1763/7922/1763 1765/7923/1765
f 1641/7924/1641 1584/7925/1584 1585/7926/1585
f 1734/7927/1734 1740/7928/1740 1754/7929/1754
f 1742/7930/1742 1747/7931/1747 1749/7932/1749
f 1700/7933/1700 1696/7934/1696 1716/7935/1716
f 1702/7936/1702 1716/7937/1716 1696/7938/1696
f 1766/7939/1766 1767/7940/1767 1768/7941/1768
f 1709/7942/1709 1769/7943/1769 1770/7944/1770
f 1771/7945/1771 1749/7946/1749 1732/7947/1732
f 1768/7948/1768 1767/7949/1767 1772/7950/1772
f 1762/7951/1762 1761/7952/1761 1726/7953/1726
f 1773/7954/1773 1774/7955/1774 1775/7956/1775
f 1776/7957/1776 1767/7958/1767 1777/7959/1777
f 1772/7960/1772 1778/7961/1778 1768/7962/1768
f 1779/7963/1779 1778/7964/1778 1743/7965/1743
f 1750/7966/1750 1748/7967/1748 1747/7968/1747
f 1774/7969/1774 1773/7970/1773 1780/7971/1780
f 1716/7972/1716 1781/7973/1781 1700/7974/1700
f 1769/7975/1769 1709/7976/1709 1782/7977/1782
f 1783/7978/1783 1778/7979/1778 1776/7980/1776
f 1778/7981/1778 1772/7982/1772 1776/7983/1776
f 1709/7984/1709 1770/7985/1770 1707/7986/1707
f 1615/7987/1615 1614/7988/1614 1747/7989/1747
f 1742/7990/1742 1670/7991/1670 1615/7992/1615
f 1713/7993/1713 1751/7994/1751 1733/7995/1733
f 1733/7996/1733 1784/7997/1784 1785/7998/1785
f 1786/7999/1786 1584/8000/1584 1641/8001/1641
f 1614/8002/1614 1726/8003/1726 1787/8004/1787
f 1738/8005/1738 1707/8006/1707 1770/8007/1770
f 1750/8008/1750 1788/8009/1788 1754/8010/1754
f 1687/8011/1687 1738/8012/1738 1770/8013/1770
f 1726/8014/1726 1687/8015/1687 1770/8016/1770
f 1789/8017/1789 1708/8018/1708 1707/8019/1707
f 1790/8020/1790 1791/8021/1791 1792/8022/1792
f 1754/8023/1754 1753/8024/1753 1734/8025/1734
f 1788/8026/1788 1752/8027/1752 1754/8028/1754
f 1788/8029/1788 1750/8030/1750 1760/8031/1760
f 1738/8032/1738 1789/8033/1789 1707/8034/1707
f 1613/8035/1613 1687/8036/1687 1614/8037/1614
f 1669/8038/1669 1687/8039/1687 1613/8040/1613
f 1760/8041/1760 1761/8042/1761 1752/8043/1752
f 1753/8044/1753 1758/8045/1758 1756/8046/1756
f 1786/8047/1786 1791/8048/1791 1790/8049/1790
f 1672/8050/1672 1738/8051/1738 1673/8052/1673
f 1789/8053/1789 1738/8054/1738 1793/8055/1793
f 1670/8056/1670 1613/8057/1613 1615/8058/1615
f 1793/8059/1793 1738/8060/1738 1672/8061/1672
f 1764/8062/1764 1746/8063/1746 1792/8064/1792
f 1760/8065/1760 1752/8066/1752 1788/8067/1788
f 1794/8068/1794 1751/8069/1751 1764/8070/1764
f 1757/8071/1757 1756/8072/1756 1759/8073/1759
f 1791/8074/1791 1795/8075/1795 1764/8076/1764
f 1796/8077/1796 1751/8078/1751 1797/8079/1797
f 1774/8080/1774 1776/8081/1776 1777/8082/1777
f 1797/8083/1797 1751/8084/1751 1798/8085/1798
f 1661/8086/1661 1675/8087/1675 1635/8088/1635
f 1776/8089/1776 1780/8090/1780 1799/8091/1799
f 1796/8092/1796 1800/8093/1800 1784/8094/1784
f 1780/8095/1780 1776/8096/1776 1774/8097/1774
f 1734/8098/1734 1753/8099/1753 1756/8100/1756
f 1801/8101/1801 1802/8102/1802 1803/8103/1803
f 1787/8104/1787 1760/8105/1760 1747/8106/1747
f 1641/8107/1641 1795/8108/1795 1791/8109/1791
f 1682/8110/1682 1739/8111/1739 1773/8112/1773
f 1804/8113/1804 1784/8114/1784 1800/8115/1800
f 1800/8116/1800 1796/8117/1796 1805/8118/1805
f 1806/8119/1806 1727/8120/1727 1807/8121/1807
f 1742/8122/1742 1615/8123/1615 1747/8124/1747
f 1802/8125/1802 1808/8126/1808 1803/8127/1803
f 1612/8128/1612 1795/8129/1795 1641/8130/1641
f 1809/8131/1809 1810/8132/1810 1811/8133/1811
f 1812/8134/1812 1800/8135/1800 1805/8136/1805
f 1802/8137/1802 1813/8138/1813 1808/8139/1808
f 1814/8140/1814 1810/8141/1810 1815/8142/1815
f 1812/8143/1812 1813/8144/1813 1802/8145/1802
f 1808/8146/1808 1813/8147/1813 1816/8148/1816
f 1817/8149/1817 1647/8150/1647 1818/8151/1818
f 1819/8152/1819 1706/8153/1706 1775/8154/1775
f 1820/8155/1820 1781/8156/1781 1818/8157/1818
f 1655/8158/1655 1818/8159/1818 1647/8160/1647
f 1575/8161/1575 1813/8162/1813 1812/8163/1812
f 1821/8164/1821 1815/8165/1815 1809/8166/1809
f 1732/8167/1732 1731/8168/1731 1822/8169/1822
f 1778/8170/1778 1783/8171/1783 1743/8172/1743
f 1823/8173/1823 1824/8174/1824 1593/8175/1593
f 1679/8176/1679 1825/8177/1825 1697/8178/1697
f 1826/8179/1826 1781/8180/1781 1820/8181/1820
f 1827/8182/1827 1814/8183/1814 1815/8184/1815
f 1828/8185/1828 1829/8186/1829 1823/8187/1823
f 1830/8188/1830 1611/8189/1611 1647/8190/1647
f 1820/8191/1820 1818/8192/1818 1655/8193/1655
f 1775/8194/1775 1683/8195/1683 1773/8196/1773
f 1818/8197/1818 1715/8198/1715 1817/8199/1817
f 1699/8200/1699 1584/8201/1584 1790/8202/1790
f 1831/8203/1831 1832/8204/1832 1833/8205/1833
f 1715/8206/1715 1834/8207/1834 1817/8208/1817
f 1817/8209/1817 1835/8210/1835 1830/8211/1830
f 1835/8212/1835 1817/8213/1817 1834/8214/1834
f 1679/8215/1679 1824/8216/1824 1825/8217/1825
f 1698/8218/1698 1697/8219/1697 1825/8220/1825
f 1799/8221/1799 1783/8222/1783 1776/8223/1776
f 1818/8224/1818 1781/8225/1781 1716/8226/1716
f 1830/8227/1830 1835/8228/1835 1828/8229/1828
f 1715/8230/1715 1818/8231/1818 1716/8232/1716
f 1742/8233/1742 1715/8234/1715 1702/8235/1702
f 1688/8236/1688 1698/8237/1698 1829/8238/1829
f 1819/8239/1819 1704/8240/1704 1706/8241/1706
f 1647/8242/1647 1817/8243/1817 1830/8244/1830
f 1833/8245/1833 1836/8246/1836 1831/8247/1831
f 1743/8248/1743 1783/8249/1783 1799/8250/1799
f 1739/8251/1739 1799/8252/1799 1773/8253/1773
f 1822/8254/1822 1688/8255/1688 1829/8256/1829
f 1837/8257/1837 1815/8258/1815 1838/8259/1838
f 1835/8260/1835 1834/8261/1834 1771/8262/1771
f 1822/8263/1822 1731/8264/1731 1688/8265/1688
f 1839/8266/1839 1840/8267/1840 1841/8268/1841
f 1828/8269/1828 1823/8270/1823 1593/8271/1593
f 1828/8272/1828 1835/8273/1835 1829/8274/1829
f 1679/8275/1679 1842/8276/1842 1824/8277/1824
f 1843/8278/1843 1743/8279/1743 1799/8280/1799
f 1742/8281/1742 1749/8282/1749 1771/8283/1771
f 1829/8284/1829 1835/8285/1835 1771/8286/1771
f 1836/8287/1836 1833/8288/1833 1598/8289/1598
f 1666/8290/1666 1844/8291/1844 1553/8292/1553
f 1715/8293/1715 1742/8294/1742 1834/8295/1834
f 1758/8296/1758 1752/8297/1752 1762/8298/1762
f 1743/8299/1743 1843/8300/1843 1744/8301/1744
f 1614/8302/1614 1787/8303/1787 1747/8304/1747
f 1780/8305/1780 1773/8306/1773 1799/8307/1799
f 1845/8308/1845 1846/8309/1846 1571/8310/1571
f 1763/8311/1763 1759/8312/1759 1758/8313/1758
f 1675/8314/1675 1746/8315/1746 1626/8316/1626
f 1847/8317/1847 1848/8318/1848 1598/8319/1598
f 1849/8320/1849 1850/8321/1850 1851/8322/1851
f 1806/8323/1806 1755/8324/1755 1727/8325/1727
f 1740/8326/1740 1750/8327/1750 1754/8328/1754
f 1719/8329/1719 1799/8330/1799 1739/8331/1739
f 1683/8332/1683 1682/8333/1682 1773/8334/1773
f 1605/8335/1605 1604/8336/1604 1649/8337/1649
f 1771/8338/1771 1822/8339/1822 1829/8340/1829
f 1829/8341/1829 1825/8342/1825 1823/8343/1823
f 1768/8344/1768 1778/8345/1778 1779/8346/1779
f 1771/8347/1771 1834/8348/1834 1742/8349/1742
f 1829/8350/1829 1698/8351/1698 1825/8352/1825
f 1732/8353/1732 1822/8354/1822 1771/8355/1771
f 1852/8356/1852 1666/8357/1666 1667/8358/1667
f 1814/8359/1814 1853/8360/1853 1810/8361/1810
f 1772/8362/1772 1767/8363/1767 1776/8364/1776
f 1719/8365/1719 1843/8366/1843 1799/8367/1799
f 1824/8368/1824 1823/8369/1823 1825/8370/1825
f 1854/8371/1854 1826/8372/1826 1855/8373/1855
f 1848/8374/1848 1846/8375/1846 1856/8376/1856
f 1856/8377/1856 1850/8378/1850 1857/8379/1857
f 1679/8380/1679 1678/8381/1678 1842/8382/1842
f 1858/8383/1858 1859/8384/1859 1850/8385/1850
f 1860/8386/1860 1601/8387/1601 1568/8388/1568
f 1814/8389/1814 1572/8390/1572 1576/8391/1576
f 1861/8392/1861 1862/8393/1862 1863/8394/1863
f 1828/8395/1828 1593/8396/1593 1611/8397/1611
f 1611/8398/1611 1830/8399/1830 1828/8400/1828
f 1824/8401/1824 1842/8402/1842 1594/8403/1594
f 1594/8404/1594 1593/8405/1593 1824/8406/1824
f 1842/8407/1842 1671/8408/1671 1594/8409/1594
f 1671/8410/1671 1592/8411/1592 1594/8412/1594
f 1842/8413/1842 1839/8414/1839 1671/8415/1671
f 1840/8416/1840 1839/8417/1839 1842/8418/1842
f 1840/8419/1840 1842/8420/1842 1678/8421/1678
f 1839/8422/1839 1841/8423/1841 1864/8424/1864
f 1704/8425/1704 1840/8426/1840 1678/8427/1678
f 1704/8428/1704 1678/8429/1678 1680/8430/1680
f 1683/8431/1683 1775/8432/1775 1706/8433/1706
f 1865/8434/1865 1819/8435/1819 1775/8436/1775
f 1826/8437/1826 1820/8438/1820 1855/8439/1855
f 1866/8440/1866 1855/8441/1855 1556/8442/1556
f 1601/8443/1601 1603/8444/1603 1663/8445/1663
f 1860/8446/1860 1857/8447/1857 1601/8448/1601
f 1854/8449/1854 1855/8450/1855 1866/8451/1866
f 1855/8452/1855 1820/8453/1820 1655/8454/1655
f 1866/8455/1866 1556/8456/1556 1553/8457/1553
f 1855/8458/1855 1655/8459/1655 1556/8460/1556
f 1612/8461/1612 1575/8462/1575 1805/8463/1805
f 1867/8464/1867 1559/8465/1559 1549/8466/1549
f 1868/8467/1868 1869/8468/1869 1870/8469/1870
f 1637/8470/1637 1619/8471/1619 1871/8472/1871
f 1872/8473/1872 1601/8474/1601 1857/8475/1857
f 1873/8476/1873 1863/8477/1863 1862/8478/1862
f 1553/8479/1553 1844/8480/1844 1866/8481/1866
f 1874/8482/1874 1816/8483/1816 1813/8484/1813
f 1871/8485/1871 1646/8486/1646 1714/8487/1714
f 1658/8488/1658 1601/8489/1601 1872/8490/1872
f 1637/8491/1637 1741/8492/1741 1638/8493/1638
f 1837/8494/1837 1851/8495/1851 1846/8496/1846
f 1763/8497/1763 1762/8498/1762 1769/8499/1769
f 1875/8500/1875 1816/8501/1816 1874/8502/1874
f 1876/8503/1876 1877/8504/1877 1658/8505/1658
f 1561/8506/1561 1586/8507/1586 1878/8508/1878
f 1665/8509/1665 1656/8510/1656 1566/8511/1566
f 1878/8512/1878 1879/8513/1879 1561/8514/1561
f 1658/8515/1658 1877/8516/1877 1659/8517/1659
f 1840/8518/1840 1880/8519/1880 1841/8520/1841
f 1881/8521/1881 1701/8522/1701 1882/8523/1882
f 1760/8524/1760 1787/8525/1787 1761/8526/1761
f 1748/8527/1748 1740/8528/1740 1749/8529/1749
f 1874/8530/1874 1883/8531/1883 1562/8532/1562
f 1567/8533/1567 1566/8534/1566 1836/8535/1836
f 1674/8536/1674 1884/8537/1884 1672/8538/1672
f 1884/8539/1884 1674/8540/1674 1881/8541/1881
f 1622/8542/1622 1638/8543/1638 1741/8544/1741
f 1672/8545/1672 1885/8546/1885 1793/8547/1793
f 1885/8548/1885 1672/8549/1672 1884/8550/1884
f 1793/8551/1793 1885/8552/1885 1886/8553/1886
f 1882/8554/1882 1887/8555/1887 1888/8556/1888
f 1701/8557/1701 1881/8558/1881 1677/8559/1677
f 1881/8560/1881 1882/8561/1882 1888/8562/1888
f 1844/8563/1844 1666/8564/1666 1849/8565/1849
f 1889/8566/1889 1885/8567/1885 1884/8568/1884
f 1890/8569/1890 1891/8570/1891 1892/8571/1892
f 1606/8572/1606 1656/8573/1656 1665/8574/1665
f 1889/8575/1889 1884/8576/1884 1888/8577/1888
f 1644/8578/1644 1604/8579/1604 1606/8580/1606
f 1885/8581/1885 1889/8582/1889 1886/8583/1886
f 1807/8584/1807 1757/8585/1757 1759/8586/1759
f 1856/8587/1856 1857/8588/1857 1848/8589/1848
f 1887/8590/1887 1882/8591/1882 1811/8592/1811
f 1765/8593/1765 1807/8594/1807 1759/8595/1759
f 1811/8596/1811 1853/8597/1853 1893/8598/1893
f 1846/8599/1846 1845/8600/1845 1837/8601/1837
f 1893/8602/1893 1887/8603/1887 1811/8604/1811
f 1884/8605/1884 1881/8606/1881 1888/8607/1888
f 1881/8608/1881 1674/8609/1674 1677/8610/1677
f 1894/8611/1894 1895/8612/1895 1896/8613/1896
f 1893/8614/1893 1853/8615/1853 1596/8616/1596
f 1726/8617/1726 1770/8618/1770 1762/8619/1762
f 1767/8620/1767 1816/8621/1816 1875/8622/1875
f 1762/8623/1762 1770/8624/1770 1769/8625/1769
f 1812/8626/1812 1804/8627/1804 1800/8628/1800
f 1566/8629/1566 1897/8630/1897 1836/8631/1836
f 1811/8632/1811 1882/8633/1882 1809/8634/1809
f 1845/8635/1845 1898/8636/1898 1827/8637/1827
f 1899/8638/1899 1876/8639/1876 1658/8640/1658
f 1874/8641/1874 1900/8642/1900 1875/8643/1875
f 1887/8644/1887 1901/8645/1901 1888/8646/1888
f 1902/8647/1902 1616/8648/1616 1629/8649/1629
f 1889/8650/1889 1888/8651/1888 1901/8652/1901
f 1892/8653/1892 1886/8654/1886 1890/8655/1890
f 1893/8656/1893 1596/8657/1596 1597/8658/1597
f 1850/8659/1850 1859/8660/1859 1857/8661/1857
f 1891/8662/1891 1597/8663/1597 1599/8664/1599
f 1901/8665/1901 1887/8666/1887 1893/8667/1893
f 1890/8668/1890 1886/8669/1886 1889/8670/1889
f 1875/8671/1875 1900/8672/1900 1903/8673/1903
f 1658/8674/1658 1872/8675/1872 1899/8676/1899
f 1837/8677/1837 1845/8678/1845 1827/8679/1827
f 1561/8680/1561 1867/8681/1867 1549/8682/1549
f 1889/8683/1889 1901/8684/1901 1890/8685/1890
f 1898/8686/1898 1571/8687/1571 1904/8688/1904
f 1905/8689/1905 1879/8690/1879 1878/8691/1878
f 1618/8692/1618 1871/8693/1871 1619/8694/1619
f 1795/8695/1795 1798/8696/1798 1794/8697/1794
f 1700/8698/1700 1882/8699/1882 1701/8700/1701
f 1906/8701/1906 1907/8702/1907 1908/8703/1908
f 1844/8704/1844 1838/8705/1838 1866/8706/1866
f 1761/8707/1761 1787/8708/1787 1726/8709/1726
f 1807/8710/1807 1727/8711/1727 1757/8712/1757
f 1769/8713/1769 1782/8714/1782 1763/8715/1763
f 1878/8716/1878 1909/8717/1909 1905/8718/1905
f 1810/8719/1810 1809/8720/1809 1815/8721/1815
f 1597/8722/1597 1891/8723/1891 1890/8724/1890
f 1597/8725/1597 1890/8726/1890 1901/8727/1901
f 1847/8728/1847 1846/8729/1846 1848/8730/1848
f 1893/8731/1893 1597/8732/1597 1901/8733/1901
f 1561/8734/1561 1879/8735/1879 1867/8736/1867
f 1875/8737/1875 1903/8738/1903 1777/8739/1777
f 1575/8740/1575 1883/8741/1883 1874/8742/1874
f 1900/8743/1900 1910/8744/1910 1903/8745/1903
f 1867/8746/1867 1879/8747/1879 1905/8748/1905
f 1812/8749/1812 1802/8750/1802 1804/8751/1804
f 1878/8752/1878 1911/8753/1911 1909/8754/1909
f 1777/8755/1777 1903/8756/1903 1912/8757/1912
f 1651/8758/1651 1652/8759/1652 1913/8760/1913
f 1914/8761/1914 1910/8762/1910 1562/8763/1562
f 1551/8764/1551 1557/8765/1557 1618/8766/1618
f 1801/8767/1801 1785/8768/1785 1915/8769/1915
f 1916/8770/1916 1909/8771/1909 1911/8772/1911
f 1903/8773/1903 1917/8774/1917 1912/8775/1912
f 1914/8776/1914 1562/8777/1562 1559/8778/1559
f 1914/8779/1914 1559/8780/1559 1867/8781/1867
f 1598/8782/1598 1569/8783/1569 1847/8784/1847
f 1909/8785/1909 1916/8786/1916 1918/8787/1918
f 1777/8788/1777 1912/8789/1912 1774/8790/1774
f 1917/8791/1917 1908/8792/1908 1912/8793/1912
f 1563/8794/1563 1883/8795/1883 1575/8796/1575
f 1907/8797/1907 1906/8798/1906 1919/8799/1919
f 1804/8800/1804 1802/8801/1802 1915/8802/1915
f 1905/8803/1905 1920/8804/1920 1914/8805/1914
f 1646/8806/1646 1871/8807/1871 1610/8808/1610
f 1775/8809/1775 1774/8810/1774 1908/8811/1908
f 1844/8812/1844 1851/8813/1851 1837/8814/1837
f 1728/8815/1728 1756/8816/1756 1757/8817/1757
f 1694/8818/1694 1749/8819/1749 1740/8820/1740
f 1898/8821/1898 1845/8822/1845 1571/8823/1571
f 1805/8824/1805 1795/8825/1795 1612/8826/1612
f 1562/8827/1562 1883/8828/1883 1563/8829/1563
f 1851/8830/1851 1850/8831/1850 1846/8832/1846
f 1616/8833/1616 1902/8834/1902 1921/8835/1921
f 1796/8836/1796 1797/8837/1797 1805/8838/1805
f 1704/8839/1704 1819/8840/1819 1880/8841/1880
f 1846/8842/1846 1850/8843/1850 1856/8844/1856
f 1905/8845/1905 1918/8846/1918 1920/8847/1920
f 1730/8848/1730 1636/8849/1636 1746/8850/1746
f 1908/8851/1908 1917/8852/1917 1906/8853/1906
f 1914/8854/1914 1920/8855/1920 1906/8856/1906
f 1598/8857/1598 1848/8858/1848 1568/8859/1568
f 1922/8860/1922 1918/8861/1918 1916/8862/1916
f 1618/8863/1618 1557/8864/1557 1648/8865/1648
f 1913/8866/1913 1653/8867/1653 1654/8868/1654
f 1917/8869/1917 1910/8870/1910 1914/8871/1914
f 1870/8872/1870 1923/8873/1923 1868/8874/1868
f 1847/8875/1847 1571/8876/1571 1846/8877/1846
f 1865/8878/1865 1775/8879/1775 1908/8880/1908
f 1654/8881/1654 1651/8882/1651 1913/8883/1913
f 1786/8884/1786 1790/8885/1790 1584/8886/1584
f 1920/8887/1920 1918/8888/1918 1922/8889/1922
f 1867/8890/1867 1905/8891/1905 1914/8892/1914
f 1922/8893/1922 1916/8894/1916 1902/8895/1902
f 1644/8896/1644 1606/8897/1606 1665/8898/1665
f 1915/8899/1915 1785/8900/1785 1784/8901/1784
f 1813/8902/1813 1575/8903/1575 1874/8904/1874
f 1905/8905/1905 1909/8906/1909 1918/8907/1918
f 1562/8908/1562 1910/8909/1910 1900/8910/1900
f 1790/8911/1790 1703/8912/1703 1699/8913/1699
f 1546/8914/1546 1583/8915/1583 1924/8916/1924
f 1907/8917/1907 1865/8918/1865 1908/8919/1908
f 1591/8920/1591 1629/8921/1629 1589/8922/1589
f 1636/8923/1636 1730/8924/1730 1624/8925/1624
f 1819/8926/1819 1919/8927/1919 1896/8928/1896
f 1925/8929/1925 1926/8930/1926 1745/8931/1745
f 1922/8932/1922 1927/8933/1927 1920/8934/1920
f 1764/8935/1764 1730/8936/1730 1746/8937/1746
f 1880/8938/1880 1840/8939/1840 1704/8940/1704
f 1794/8941/1794 1764/8942/1764 1795/8943/1795
f 1812/8944/1812 1805/8945/1805 1575/8946/1575
f 1601/8947/1601 1663/8948/1663 1568/8949/1568
f 1664/8950/1664 1555/8951/1555 1584/8952/1584
f 1570/8953/1570 1572/8954/1572 1904/8955/1904
f 1861/8956/1861 1869/8957/1869 1868/8958/1868
f 1906/8959/1906 1920/8960/1920 1919/8961/1919
f 1920/8962/1920 1927/8963/1927 1919/8964/1919
f 1755/8965/1755 1737/8966/1737 1684/8967/1684
f 1907/8968/1907 1819/8969/1819 1865/8970/1865
f 1863/8971/1863 1928/8972/1928 1852/8973/1852
f 1852/8974/1852 1928/8975/1928 1858/8976/1858
f 1639/8977/1639 1619/8978/1619 1637/8979/1637
f 1848/8980/1848 1860/8981/1860 1568/8982/1568
f 1853/8983/1853 1811/8984/1811 1810/8985/1810
f 1838/8986/1838 1815/8987/1815 1821/8988/1821
f 1872/8989/1872 1928/8990/1928 1899/8991/1899
f 1904/8992/1904 1571/8993/1571 1570/8994/1570
f 1654/8995/1654 1662/8996/1662 1661/8997/1661
f 1876/8998/1876 1899/8999/1899 1873/9000/1873
f 1859/9001/1859 1858/9002/1858 1928/9003/1928
f 1871/9004/1871 1714/9005/1714 1637/9006/1637
f 1837/9007/1837 1838/9008/1838 1844/9009/1844
f 1849/9010/1849 1852/9011/1852 1858/9012/1858
f 1857/9013/1857 1859/9014/1859 1872/9015/1872
f 1864/9016/1864 1591/9017/1591 1691/9018/1691
f 1571/9019/1571 1847/9020/1847 1569/9021/1569
f 1796/9022/1796 1784/9023/1784 1751/9024/1751
f 1766/9025/1766 1816/9026/1816 1767/9027/1767
f 1703/9028/1703 1790/9029/1790 1792/9030/1792
f 1871/9031/1871 1648/9032/1648 1610/9033/1610
f 1784/9034/1784 1804/9035/1804 1915/9036/1915
f 1639/9037/1639 1869/9038/1869 1620/9039/1620
f 1899/9040/1899 1928/9041/1928 1863/9042/1863
f 1654/9043/1654 1555/9044/1555 1662/9045/1662
f 1917/9046/1917 1914/9047/1914 1906/9048/1906
f 1667/9049/1667 1861/9050/1861 1863/9051/1863
f 1639/9052/1639 1638/9053/1638 1870/9054/1870
f 1848/9055/1848 1857/9056/1857 1860/9057/1860
f 1667/9058/1667 1863/9059/1863 1852/9060/1852
f 1917/9061/1917 1903/9062/1903 1910/9063/1910
f 1898/9064/1898 1904/9065/1904 1814/9066/1814
f 1797/9067/1797 1798/9068/1798 1805/9069/1805
f 1895/9070/1895 1629/9071/1629 1591/9072/1591
f 1662/9073/1662 1664/9074/1664 1660/9075/1660
f 1922/9076/1922 1902/9077/1902 1927/9078/1927
f 1864/9079/1864 1841/9080/1841 1896/9081/1896
f 1641/9082/1641 1791/9083/1791 1786/9084/1786
f 1896/9085/1896 1841/9086/1841 1880/9087/1880
f 1921/9088/1921 1902/9089/1902 1916/9090/1916
f 1636/9091/1636 1626/9092/1626 1746/9093/1746
f 1700/9094/1700 1929/9095/1929 1882/9096/1882
f 1821/9097/1821 1809/9098/1809 1929/9099/1929
f 1929/9100/1929 1700/9101/1700 1826/9102/1826
f 1854/9103/1854 1838/9104/1838 1821/9105/1821
f 1792/9106/1792 1791/9107/1791 1764/9108/1764
f 1798/9109/1798 1751/9110/1751 1794/9111/1794
f 1826/9112/1826 1700/9113/1700 1781/9114/1781
f 1854/9115/1854 1821/9116/1821 1929/9117/1929
f 1814/9118/1814 1827/9119/1827 1898/9120/1898
f 1809/9121/1809 1882/9122/1882 1929/9123/1929
f 1784/9124/1784 1733/9125/1733 1751/9126/1751
f 1666/9127/1666 1852/9128/1852 1849/9129/1849
f 1929/9130/1929 1826/9131/1826 1854/9132/1854
f 1919/9133/1919 1927/9134/1927 1894/9135/1894
f 1833/9136/1833 1569/9137/1569 1598/9138/1598
f 1930/9139/1930 1868/9140/1868 1923/9141/1923
f 1930/9142/1930 1862/9143/1862 1861/9144/1861
f 1870/9145/1870 1638/9146/1638 1923/9147/1923
f 1864/9148/1864 1691/9149/1691 1839/9150/1839
f 1629/9151/1629 1894/9152/1894 1902/9153/1902
f 1637/9154/1637 1714/9155/1714 1741/9156/1741
f 1904/9157/1904 1572/9158/1572 1814/9159/1814
f 1871/9160/1871 1618/9161/1618 1648/9162/1648
f 1620/9163/1620 1619/9164/1619 1639/9165/1639
f 1591/9166/1591 1864/9167/1864 1895/9168/1895
f 1667/9169/1667 1620/9170/1620 1869/9171/1869
f 1895/9172/1895 1864/9173/1864 1896/9174/1896
f 1805/9175/1805 1798/9176/1798 1795/9177/1795
f 1774/9178/1774 1912/9179/1912 1908/9180/1908
f 1858/9181/1858 1850/9182/1850 1849/9183/1849
f 1562/9184/1562 1900/9185/1900 1874/9186/1874
f 1546/9187/1546 1924/9188/1924 1586/9189/1586
f 1915/9190/1915 1802/9191/1802 1801/9192/1801
f 1851/9193/1851 1844/9194/1844 1849/9195/1849
f 1815/9196/1815 1837/9197/1837 1827/9198/1827
f 1880/9199/1880 1819/9200/1819 1896/9201/1896
f 1671/9202/1671 1839/9203/1839 1691/9204/1691
f 1859/9205/1859 1928/9206/1928 1872/9207/1872
f 1894/9208/1894 1629/9209/1629 1895/9210/1895
f 1612/9211/1612 1641/9212/1641 1587/9213/1587
f 1894/9214/1894 1896/9215/1896 1919/9216/1919
f 1777/9217/1777 1767/9218/1767 1875/9219/1875
f 1598/9220/1598 1567/9221/1567 1836/9222/1836
f 1902/9223/1902 1894/9224/1894 1927/9225/1927
f 1930/9226/1930 1861/9227/1861 1868/9228/1868
f 1866/9229/1866 1838/9230/1838 1854/9231/1854
f 1831/9232/1831 1600/9233/1600 1832/9234/1832
f 1569/9235/1569 1832/9236/1832 1570/9237/1570
f 1792/9238/1792 1746/9239/1746 1703/9240/1703
f 1833/9241/1833 1832/9242/1832 1569/9243/1569
f 1861/9244/1861 1667/9245/1667 1869/9246/1869
f 1899/9247/1899 1863/9248/1863 1873/9249/1873
f 1648/9250/1648 1611/9251/1611 1610/9252/1610
f 1600/9253/1600 1831/9254/1831 1588/9255/1588
f 1843/9256/1843 1719/9257/1719 1718/9258/1718
f 1718/9259/1718 1744/9260/1744 1843/9261/1843
f 1919/9262/1919 1819/9263/1819 1907/9264/1907
f 1832/9265/1832 1600/9266/1600 1570/9267/1570
f 1925/9268/1925 1744/9269/1744 1718/9270/1718
f 1718/9271/1718 1931/9272/1931 1925/9273/1925
f 1596/9274/1596 1576/9275/1576 1578/9276/1578
f 1737/9277/1737 1931/9278/1931 1718/9279/1718
f 1576/9280/1576 1853/9281/1853 1814/9282/1814
f 1931/9283/1931 1926/9284/1926 1925/9285/1925
f 1745/9286/1745 1744/9287/1744 1925/9288/1925
f 1605/9289/1605 1657/9290/1657 1606/9291/1606
f 1665/9292/1665 1663/9293/1663 1644/9294/1644
f 1737/9295/1737 1755/9296/1755 1931/9297/1931
f 1932/9298/1932 1583/9299/1583 1574/9300/1574
f 1576/9301/1576 1596/9302/1596 1853/9303/1853
f 1620/9304/1620 1552/9305/1552 1618/9306/1618
f 1869/9307/1869 1639/9308/1639 1870/9309/1870
f 1656/9310/1656 1897/9311/1897 1566/9312/1566
f 1933/9313/1933 1934/9314/1934 1935/9315/1935
f 1936/9316/1936 1937/9317/1937 1938/9318/1938
f 1939/9319/1939 1940/9320/1940 1941/9321/1941
f 1942/9322/1942 1943/9323/1943 1944/9324/1944
f 1945/9325/1945 1946/9326/1946 1947/9327/1947
f 1948/9328/1948 1949/9329/1949 1950/9330/1950
f 1951/9331/1951 1935/9332/1935 1937/9333/1937
f 1952/9334/1952 1953/9335/1953 1941/9336/1941
f 1954/9337/1954 1942/9338/1942 1955/9339/1955
f 1953/9340/1953 1956/9341/1956 1938/9342/1938
f 1957/9343/1957 1958/9344/1958 1959/9345/1959
f 1954/9346/1954 1960/9347/1960 1942/9348/1942
f 1937/9349/1937 1936/9350/1936 1951/9351/1951
f 1937/9352/1937 1939/9353/1939 1938/9354/1938
f 1953/9355/1953 1938/9356/1938 1941/9357/1941
f 1938/9358/1938 1939/9359/1939 1941/9360/1941
f 1961/9361/1961 1945/9362/1945 1949/9363/1949
f 1938/9364/1938 1962/9365/1962 1936/9366/1936
f 1941/9367/1941 1940/9368/1940 1952/9369/1952
f 1963/9370/1963 1952/9371/1952 1940/9372/1940
f 1949/9373/1949 1945/9374/1945 1964/9375/1964
f 1935/9376/1935 1965/9377/1965 1937/9378/1937
f 1966/9379/1966 1944/9380/1944 1967/9381/1967
f 1964/9382/1964 1950/9383/1950 1949/9384/1949
f 1953/9385/1953 1948/9386/1948 1968/9387/1968
f 1969/9388/1969 1967/9389/1967 1970/9390/1970
f 1952/9391/1952 1948/9392/1948 1953/9393/1953
f 1963/9394/1963 1954/9395/1954 1952/9396/1952
f 1937/9397/1937 1965/9398/1965 1939/9399/1939
f 1954/9400/1954 1948/9401/1948 1952/9402/1952
f 1955/9403/1955 1942/9404/1942 1944/9405/1944
f 1949/9406/1949 1948/9407/1948 1955/9408/1955
f 1954/9409/1954 1955/9410/1955 1948/9411/1948
f 1961/9412/1961 1949/9413/1949 1955/9414/1955
f 1946/9415/1946 1961/9416/1961 1969/9417/1969
f 1963/9418/1963 1942/9419/1942 1960/9420/1960
f 1963/9421/1963 1960/9422/1960 1954/9423/1954
f 1966/9424/1966 1961/9425/1961 1944/9426/1944
f 1957/9427/1957 1944/9428/1944 1943/9429/1943
f 1964/9430/1964 1945/9431/1945 1971/9432/1971
f 1971/9433/1971 1945/9434/1945 1947/9435/1947
f 1958/9436/1958 1957/9437/1957 1943/9438/1943
f 1965/9439/1965 1940/9440/1940 1939/9441/1939
f 1955/9442/1955 1944/9443/1944 1961/9444/1961
f 1961/9445/1961 1966/9446/1966 1969/9447/1969
f 1967/9448/1967 1944/9449/1944 1957/9450/1957
f 1971/9451/1971 1972/9452/1972 1964/9453/1964
f 1967/9454/1967 1969/9455/1969 1966/9456/1966
f 1959/9457/1959 1967/9458/1967 1957/9459/1957
f 1973/9460/1973 1974/9461/1974 1959/9462/1959
f 1973/9463/1973 1959/9464/1959 1958/9465/1958
f 1975/9466/1975 1967/9467/1967 1976/9468/1976
f 1971/9469/1971 1947/9470/1947 1977/9471/1977
f 1967/9472/1967 1959/9473/1959 1976/9474/1976
f 1951/9475/1951 1933/9476/1933 1935/9477/1935
f 1947/9478/1947 1978/9479/1978 1977/9480/1977
f 1946/9481/1946 1945/9482/1945 1961/9483/1961
f 1933/9484/1933 1951/9485/1951 1936/9486/1936
f 1976/9487/1976 1959/9488/1959 1979/9489/1979
f 1959/9490/1959 1974/9491/1974 1979/9492/1979
f 1974/9493/1974 1973/9494/1973 1980/9495/1980
f 1981/9496/1981 1982/9497/1982 1983/9498/1983
f 1984/9499/1984 1985/9500/1985 1986/9501/1986
f 1987/9502/1987 1988/9503/1988 1989/9504/1989
f 1990/9505/1990 1991/9506/1991 1992/9507/1992
f 1993/9508/1993 1994/9509/1994 1984/9510/1984
f 1988/9511/1988 1981/9512/1981 1989/9513/1989
f 1995/9514/1995 1996/9515/1996 1997/9516/1997
f 1998/9517/1998 1999/9518/1999 2000/9519/2000
f 2001/9520/2001 2002/9521/2002 1996/9522/1996
f 1988/9523/1988 1987/9524/1987 2003/9525/2003
f 2004/9526/2004 1999/9527/1999 2005/9528/2005
f 2006/9529/2006 2007/9530/2007 2008/9531/2008
f 2008/9532/2008 1999/9533/1999 2004/9534/2004
f 2009/9535/2009 1994/9536/1994 1993/9537/1993
f 1985/9538/1985 1994/9539/1994 2010/9540/2010
f 2010/9541/2010 1986/9542/1986 1985/9543/1985
f 1976/9544/1976 2011/9545/2011 1975/9546/1975
f 2012/9547/2012 2013/9548/2013 2003/9549/2003
f 2014/9550/2014 2015/9551/2015 2016/9552/2016
f 1994/9553/1994 2009/9554/2009 2011/9555/2011
f 2017/9556/2017 2018/9557/2018 2019/9558/2019
f 2020/9559/2020 1982/9560/1982 1981/9561/1981
f 2021/9562/2021 1980/9563/1980 2022/9564/2022
f 2016/9565/2016 1976/9566/1976 1979/9567/1979
f 1970/9568/1970 2023/9569/2023 2024/9570/2024
f 2007/9571/2007 2006/9572/2006 2019/9573/2019
f 2025/9574/2025 2026/9575/2026 2027/9576/2027
f 1983/9577/1983 2028/9578/2028 1981/9579/1981
f 2022/9580/2022 2029/9581/2029 2030/9582/2030
f 2031/9583/2031 2032/9584/2032 2033/9585/2033
f 2034/9586/2034 2035/9587/2035 2036/9588/2036
f 1999/9589/1999 2037/9590/2037 2010/9591/2010
f 2024/9592/2024 2038/9593/2038 1969/9594/1969
f 1980/9595/1980 2021/9596/2021 1974/9597/1974
f 2039/9598/2039 2040/9599/2040 2041/9600/2041
f 2042/9601/2042 2043/9602/2043 2044/9603/2044
f 1986/9604/1986 2037/9605/2037 1989/9606/1989
f 2037/9607/2037 1999/9608/1999 1998/9609/1998
f 2045/9610/2045 2046/9611/2046 2047/9612/2047
f 2048/9613/2048 2006/9614/2006 2008/9615/2008
f 2030/9616/2030 2008/9617/2008 2004/9618/2004
f 2015/9619/2015 2005/9620/2005 2011/9621/2011
f 2000/9622/2000 2018/9623/2018 1987/9624/1987
f 1998/9625/1998 1987/9626/1987 2037/9627/2037
f 2049/9628/2049 2050/9629/2050 2051/9630/2051
f 2052/9631/2052 2019/9632/2019 2006/9633/2006
f 2053/9634/2053 1992/9635/1992 2054/9636/2054
f 2055/9637/2055 2056/9638/2056 2057/9639/2057
f 2000/9640/2000 2007/9641/2007 2018/9642/2018
f 2058/9643/2058 2059/9644/2059 2031/9645/2031
f 2021/9646/2021 2022/9647/2022 2014/9648/2014
f 1995/9649/1995 2060/9650/2060 2061/9651/2061
f 2060/9652/2060 2062/9653/2062 2061/9654/2061
f 2063/9655/2063 2056/9656/2056 2064/9657/2064
f 2065/9658/2065 2066/9659/2066 2067/9660/2067
f 2068/9661/2068 2061/9662/2061 2062/9663/2062
f 2022/9664/2022 2030/9665/2030 2014/9666/2014
f 2068/9667/2068 2062/9668/2062 2036/9669/2036
f 2008/9670/2008 2029/9671/2029 2048/9672/2048
f 2069/9673/2069 2062/9674/2062 2060/9675/2060
f 1990/9676/1990 2070/9677/2070 2071/9678/2071
f 2029/9679/2029 2008/9680/2008 2030/9681/2030
f 2072/9682/2072 2073/9683/2073 2074/9684/2074
f 2075/9685/2075 2036/9686/2036 2062/9687/2062
f 2021/9688/2021 1979/9689/1979 1974/9690/1974
f 2076/9691/2076 2039/9692/2039 2041/9693/2041
f 2077/9694/2077 2078/9695/2078 2079/9696/2079
f 2028/9697/2028 2080/9698/2080 1984/9699/1984
f 2069/9700/2069 2060/9701/2060 2081/9702/2081
f 2082/9703/2082 2083/9704/2083 2084/9705/2084
f 2085/9706/2085 2086/9707/2086 2087/9708/2087
f 2048/9709/2048 2088/9710/2088 2006/9711/2006
f 2089/9712/2089 2036/9713/2036 2075/9714/2075
f 2049/9715/2049 2090/9716/2090 2050/9717/2050
f 2023/9718/2023 2009/9719/2009 2035/9720/2035
f 2021/9721/2021 2016/9722/2016 1979/9723/1979
f 2052/9724/2052 2088/9725/2088 2091/9726/2091
f 2069/9727/2069 2075/9728/2075 2062/9729/2062
f 2092/9730/2092 2093/9731/2093 2094/9732/2094
f 2095/9733/2095 2096/9734/2096 2097/9735/2097
f 2006/9736/2006 2088/9737/2088 2052/9738/2052
f 2091/9739/2091 2053/9740/2053 2054/9741/2054
f 2098/9742/2098 2045/9743/2045 2099/9744/2099
f 2081/9745/2081 2093/9746/2093 2069/9747/2069
f 2092/9748/2092 2100/9749/2100 2101/9750/2101
f 2092/9751/2092 2101/9752/2101 2093/9753/2093
f 2096/9754/2096 2095/9755/2095 2102/9756/2102
f 2016/9757/2016 2015/9758/2015 2011/9759/2011
f 2018/9760/2018 2017/9761/2017 2003/9762/2003
f 2015/9763/2015 2014/9764/2014 2030/9765/2030
f 2030/9766/2030 2004/9767/2004 2015/9768/2015
f 2101/9769/2101 2089/9770/2089 2075/9771/2075
f 2103/9772/2103 2043/9773/2043 2104/9774/2104
f 2000/9775/2000 2008/9776/2008 2007/9777/2007
f 2075/9778/2075 2069/9779/2069 2101/9780/2101
f 2105/9781/2105 2106/9782/2106 2107/9783/2107
f 2021/9784/2021 2014/9785/2014 2016/9786/2016
f 2039/9787/2039 2108/9788/2108 2109/9789/2109
f 2005/9790/2005 2015/9791/2015 2004/9792/2004
f 1999/9793/1999 2010/9794/2010 2005/9795/2005
f 2101/9796/2101 2069/9797/2069 2093/9798/2093
f 2110/9799/2110 2111/9800/2111 2112/9801/2112
f 2091/9802/2091 2054/9803/2054 2052/9804/2052
f 1987/9805/1987 2018/9806/2018 2003/9807/2003
f 2113/9808/2113 2059/9809/2059 2114/9810/2114
f 2089/9811/2089 2115/9812/2115 1978/9813/1978
f 2107/9814/2107 2116/9815/2116 2105/9816/2105
f 2117/9817/2117 2118/9818/2118 2119/9819/2119
f 2115/9820/2115 2089/9821/2089 2101/9822/2101
f 2081/9823/2081 2094/9824/2094 2093/9825/2093
f 2101/9826/2101 2120/9827/2120 2115/9828/2115
f 2002/9829/2002 2121/9830/2121 1997/9831/1997
f 2122/9832/2122 2019/9833/2019 2052/9834/2052
f 2123/9835/2123 2124/9836/2124 2125/9837/2125
f 2126/9838/2126 2127/9839/2127 2128/9840/2128
f 2068/9841/2068 2036/9842/2036 2080/9843/2080
f 2120/9844/2120 1977/9845/1977 1978/9846/1978
f 2070/9847/2070 1992/9848/1992 2053/9849/2053
f 2115/9850/2115 2120/9851/2120 1978/9852/1978
f 2129/9853/2129 2130/9854/2130 2131/9855/2131
f 2132/9856/2132 2133/9857/2133 2067/9858/2067
f 2122/9859/2122 2054/9860/2054 1992/9861/1992
f 2054/9862/2054 2122/9863/2122 2052/9864/2052
f 1993/9865/1993 2080/9866/2080 2036/9867/2036
f 2007/9868/2007 2019/9869/2019 2018/9870/2018
f 2134/9871/2134 2135/9872/2135 2136/9873/2136
f 2011/9874/2011 1976/9875/1976 2016/9876/2016
f 2084/9877/2084 2056/9878/2056 2137/9879/2137
f 2138/9880/2138 2139/9881/2139 2140/9882/2140
f 2044/9883/2044 2141/9884/2141 2042/9885/2042
f 2135/9886/2135 2142/9887/2142 2136/9888/2136
f 2143/9889/2143 2144/9890/2144 2145/9891/2145
f 2146/9892/2146 2147/9893/2147 2148/9894/2148
f 2120/9895/2120 2101/9896/2101 2149/9897/2149
f 1972/9898/1972 1971/9899/1971 1977/9900/1977
f 2112/9901/2112 2064/9902/2064 2110/9903/2110
f 2150/9904/2150 2067/9905/2067 2066/9906/2066
f 1990/9907/1990 1992/9908/1992 2070/9909/2070
f 2122/9910/2122 2017/9911/2017 2019/9912/2019
f 2122/9913/2122 1992/9914/1992 2151/9915/2151
f 2024/9916/2024 1969/9917/1969 1970/9918/1970
f 1998/9919/1998 2000/9920/2000 1987/9921/1987
f 2152/9922/2152 2153/9923/2153 2139/9924/2139
f 1999/9925/1999 2008/9926/2008 2000/9927/2000
f 1991/9928/1991 2154/9929/2154 1992/9930/1992
f 2151/9931/2151 1992/9932/1992 2154/9933/2154
f 2099/9934/2099 2045/9935/2045 2155/9936/2155
f 2126/9937/2126 2156/9938/2156 2047/9939/2047
f 2011/9940/2011 2005/9941/2005 1994/9942/1994
f 1967/9943/1967 1975/9944/1975 1970/9945/1970
f 2122/9946/2122 2151/9947/2151 2017/9948/2017
f 2112/9949/2112 2157/9950/2157 2123/9951/2123
f 2158/9952/2158 2159/9953/2159 2160/9954/2160
f 2161/9955/2161 2162/9956/2162 2163/9957/2163
f 2023/9958/2023 1975/9959/1975 2011/9960/2011
f 2164/9961/2164 2156/9962/2156 2165/9963/2165
f 1977/9964/1977 2120/9965/2120 2149/9966/2149
f 2010/9967/2010 1994/9968/1994 2005/9969/2005
f 2166/9970/2166 2167/9971/2167 2042/9972/2042
f 2023/9973/2023 1970/9974/1970 1975/9975/1975
f 2009/9976/2009 2023/9977/2023 2011/9978/2011
f 2101/9979/2101 2100/9980/2100 2149/9981/2149
f 2037/9982/2037 1986/9983/1986 2010/9984/2010
f 2058/9985/2058 2168/9986/2168 2059/9987/2059
f 2155/9988/2155 2169/9989/2169 2099/9990/2099
f 2063/9991/2063 2170/9992/2170 2041/9993/2041
f 2157/9994/2157 2124/9995/2124 2123/9996/2123
f 2171/9997/2171 2140/9998/2140 2139/9999/2139
f 2082/10000/2082 2137/10001/2137 2172/10002/2172
f 2003/10003/2003 2017/10004/2017 2012/10005/2012
f 2151/10006/2151 2154/10007/2154 2173/10008/2173
f 2163/10009/2163 2174/10010/2174 2175/10011/2175
f 1987/10012/1987 1989/10013/1989 2037/10014/2037
f 2083/10015/2083 2172/10016/2172 2086/10017/2086
f 2173/10018/2173 2017/10019/2017 2151/10020/2151
f 1993/10021/1993 2036/10022/2036 2009/10023/2009
f 2158/10024/2158 2136/10025/2136 2142/10026/2142
f 1985/10027/1985 1984/10028/1984 1994/10029/1994
f 1989/10030/1989 1984/10031/1984 1986/10032/1986
f 2003/10033/2003 2176/10034/2176 1988/10035/1988
f 1989/10036/1989 1981/10037/1981 2028/10038/2028
f 2035/10039/2035 2024/10040/2024 2023/10041/2023
f 1983/10042/1983 2002/10043/2002 2001/10044/2001
f 2176/10045/2176 2003/10046/2003 2013/10047/2013
f 1989/10048/1989 2028/10049/2028 1984/10050/1984
f 2034/10051/2034 2038/10052/2038 2024/10053/2024
f 1993/10054/1993 1984/10055/1984 2080/10056/2080
f 2009/10057/2009 2036/10058/2036 2035/10059/2035
f 2035/10060/2035 2034/10061/2034 2024/10062/2024
f 1947/10063/1947 2038/10064/2038 2034/10065/2034
f 2028/10066/2028 2068/10067/2068 2080/10068/2080
f 1947/10069/1947 2034/10070/2034 1978/10071/1978
f 2028/10072/2028 1996/10073/1996 2068/10074/2068
f 2177/10075/2177 2028/10076/2028 1983/10077/1983
f 2089/10078/2089 1978/10079/1978 2034/10080/2034
f 1996/10081/1996 2061/10082/2061 2068/10083/2068
f 1983/10084/1983 2001/10085/2001 2177/10086/2177
f 2177/10087/2177 2001/10088/2001 2028/10089/2028
f 1996/10090/1996 2028/10091/2028 2001/10092/2001
f 2178/10093/2178 2179/10094/2179 2180/10095/2180
f 2036/10096/2036 2089/10097/2089 2034/10098/2034
f 2002/10099/2002 1983/10100/1983 2181/10101/2181
f 2181/10102/2181 2121/10103/2121 2002/10104/2002
f 1996/10105/1996 2002/10106/2002 1997/10107/1997
f 1996/10108/1996 1995/10109/1995 2061/10110/2061
f 2182/10111/2182 2121/10112/2121 2181/10113/2181
f 2033/10114/2033 2111/10115/2111 2110/10116/2110
f 2165/10117/2165 2156/10118/2156 2117/10119/2117
f 2169/10120/2169 2183/10121/2183 2066/10122/2066
f 2184/10123/2184 2185/10124/2185 2186/10125/2186
f 2187/10126/2187 2188/10127/2188 2150/10128/2150
f 2064/10129/2064 2112/10130/2112 2170/10131/2170
f 2059/10132/2059 2189/10133/2189 2032/10134/2032
f 2189/10135/2189 2190/10136/2190 2157/10137/2157
f 2106/10138/2106 2145/10139/2145 2144/10140/2144
f 2191/10141/2191 2051/10142/2051 2132/10143/2132
f 2192/10144/2192 2096/10145/2096 2079/10146/2079
f 2179/10147/2179 2108/10148/2108 2072/10149/2072
f 2193/10150/2193 2170/10151/2170 2112/10152/2112
f 2162/10153/2162 2158/10154/2158 2142/10155/2142
f 2020/10156/2020 2194/10157/2194 2195/10158/2195
f 2020/10159/2020 2196/10160/2196 2197/10161/2197
f 2176/10162/2176 2197/10163/2197 2196/10164/2196
f 2198/10165/2198 2194/10166/2194 2197/10167/2197
f 2196/10168/2196 1981/10169/1981 1988/10170/1988
f 2198/10171/2198 2197/10172/2197 2199/10173/2199
f 2200/10174/2200 2145/10175/2145 2106/10176/2106
f 2199/10177/2199 2201/10178/2201 2198/10179/2198
f 2017/10180/2017 2202/10181/2202 2012/10182/2012
f 2176/10183/2176 2196/10184/2196 1988/10185/1988
f 2199/10186/2199 2176/10187/2176 2013/10188/2013
f 2013/10189/2013 2203/10190/2203 2201/10191/2201
f 2167/10192/2167 2204/10193/2204 2205/10194/2205
f 2173/10195/2173 2206/10196/2206 2207/10197/2207
f 2208/10198/2208 2209/10199/2209 2210/10200/2210
f 2207/10201/2207 2203/10202/2203 2202/10203/2202
f 2032/10204/2032 2031/10205/2031 2059/10206/2059
f 2064/10207/2064 2056/10208/2056 2110/10209/2110
f 2026/10210/2026 2074/10211/2074 2124/10212/2124
f 2211/10213/2211 2141/10214/2141 2212/10215/2212
f 2202/10216/2202 2017/10217/2017 2173/10218/2173
f 2146/10219/2146 2213/10220/2213 2214/10221/2214
f 2012/10222/2012 2202/10223/2202 2203/10224/2203
f 2013/10225/2013 2012/10226/2012 2203/10227/2203
f 2199/10228/2199 2013/10229/2013 2201/10230/2201
f 2215/10231/2215 2136/10232/2136 2158/10233/2158
f 2207/10234/2207 2202/10235/2202 2173/10236/2173
f 2162/10237/2162 2119/10238/2119 2163/10239/2163
f 2174/10240/2174 2184/10241/2184 2175/10242/2175
f 2176/10243/2176 2199/10244/2199 2197/10245/2197
f 1981/10246/1981 2196/10247/2196 2020/10248/2020
f 2197/10249/2197 2194/10250/2194 2020/10251/2020
f 2125/10252/2125 2124/10253/2124 2073/10254/2073
f 2216/10255/2216 2186/10256/2186 2185/10257/2185
f 2216/10258/2216 2148/10259/2148 2217/10260/2217
f 2184/10261/2184 2174/10262/2174 2185/10263/2185
f 2218/10264/2218 2219/10265/2219 2220/10266/2220
f 2173/10267/2173 2154/10268/2154 2206/10269/2206
f 2219/10270/2219 2206/10271/2206 2220/10272/2220
f 1990/10273/1990 2071/10274/2071 2221/10275/2221
f 2154/10276/2154 1991/10277/1991 2220/10278/2220
f 2222/10279/2222 1990/10280/1990 2221/10281/2221
f 2220/10282/2220 2223/10283/2223 2218/10284/2218
f 2224/10285/2224 2223/10286/2223 2220/10287/2220
f 2225/10288/2225 2226/10289/2226 2227/10290/2227
f 1990/10291/1990 2224/10292/2224 1991/10293/1991
f 1991/10294/1991 2224/10295/2224 2220/10296/2220
f 2223/10297/2223 2222/10298/2222 2226/10299/2226
f 2223/10300/2223 2224/10301/2224 1990/10302/1990
f 2218/10303/2218 2223/10304/2223 2226/10305/2226
f 2222/10306/2222 2223/10307/2223 1990/10308/1990
f 2220/10309/2220 2206/10310/2206 2154/10311/2154
f 2228/10312/2228 2229/10313/2229 2230/10314/2230
f 2132/10315/2132 2231/10316/2231 2191/10317/2191
f 2232/10318/2232 2233/10319/2233 2182/10320/2182
f 2233/10321/2233 2230/10322/2230 1997/10323/1997
f 2182/10324/2182 2233/10325/2233 1997/10326/1997
f 2141/10327/2141 2211/10328/2211 2234/10329/2234
f 2119/10330/2119 2235/10331/2235 2163/10332/2163
f 2139/10333/2139 2236/10334/2236 2152/10335/2152
f 2237/10336/2237 2185/10337/2185 2174/10338/2174
f 2180/10339/2180 2238/10340/2238 2178/10341/2178
f 2189/10342/2189 2059/10343/2059 2190/10344/2190
f 2170/10345/2170 2193/10346/2193 2041/10347/2041
f 2146/10348/2146 2214/10349/2214 2147/10350/2147
f 2185/10351/2185 2237/10352/2237 2216/10353/2216
f 2135/10354/2135 2119/10355/2119 2142/10356/2142
f 2239/10357/2239 2240/10358/2240 2131/10359/2131
f 2174/10360/2174 2163/10361/2163 2235/10362/2235
f 2162/10363/2162 2161/10364/2161 2159/10365/2159
f 2211/10366/2211 2143/10367/2143 2214/10368/2214
f 2128/10369/2128 2127/10370/2127 2118/10371/2118
f 2165/10372/2165 2102/10373/2102 2164/10374/2164
f 2241/10375/2241 2229/10376/2229 2228/10377/2228
f 2208/10378/2208 2242/10379/2242 2209/10380/2209
f 2243/10381/2243 2242/10382/2242 2145/10383/2145
f 2094/10384/2094 2244/10385/2244 2245/10386/2245
f 2118/10387/2118 2246/10388/2246 2128/10389/2128
f 1997/10390/1997 2229/10391/2229 2247/10392/2247
f 1997/10393/1997 2248/10394/2248 1995/10395/1995
f 2249/10396/2249 2250/10397/2250 2241/10398/2241
f 2212/10399/2212 2144/10400/2144 2143/10401/2143
f 1995/10402/1995 2248/10403/2248 2251/10404/2251
f 2105/10405/2105 2200/10406/2200 2106/10407/2106
f 2063/10408/2063 2252/10409/2252 2137/10410/2137
f 2239/10411/2239 2157/10412/2157 2190/10413/2190
f 2253/10414/2253 2254/10415/2254 2249/10416/2249
f 2248/10417/2248 2255/10418/2255 2251/10419/2251
f 2144/10420/2144 2107/10421/2107 2106/10422/2106
f 2187/10423/2187 2191/10424/2191 2231/10425/2231
f 2253/10426/2253 2228/10427/2228 2256/10428/2256
f 2182/10429/2182 1997/10430/1997 2121/10431/2121
f 2248/10432/2248 2247/10433/2247 2255/10434/2255
f 2166/10435/2166 2257/10436/2257 2099/10437/2099
f 2249/10438/2249 2228/10439/2228 2253/10440/2253
f 2208/10441/2208 2210/10442/2210 2147/10443/2147
f 2153/10444/2153 2119/10445/2119 2135/10446/2135
f 2135/10447/2135 2134/10448/2134 2171/10449/2171
f 2236/10450/2236 2138/10451/2138 2258/10452/2258
f 2111/10453/2111 2189/10454/2189 2157/10455/2157
f 2259/10456/2259 2249/10457/2249 2254/10458/2254
f 2251/10459/2251 2244/10460/2244 1995/10461/1995
f 2249/10462/2249 2241/10463/2241 2228/10464/2228
f 2138/10465/2138 2236/10466/2236 2139/10467/2139
f 2126/10468/2126 2047/10469/2047 2046/10470/2046
f 2059/10471/2059 2168/10472/2168 2114/10473/2114
f 2118/10474/2118 2235/10475/2235 2119/10476/2119
f 2255/10477/2255 2229/10478/2229 2241/10479/2241
f 2230/10480/2230 2229/10481/2229 1997/10482/1997
f 2255/10483/2255 2250/10484/2250 2251/10485/2251
f 2255/10486/2255 2241/10487/2241 2250/10488/2250
f 2216/10489/2216 2237/10490/2237 2260/10491/2260
f 2258/10492/2258 2261/10493/2261 2236/10494/2236
f 2250/10495/2250 2262/10496/2262 2251/10497/2251
f 2263/10498/2263 2044/10499/2044 2103/10500/2103
f 2078/10501/2078 2261/10502/2261 2264/10503/2264
f 2217/10504/2217 2210/10505/2210 2265/10506/2265
f 2055/10507/2055 2033/10508/2033 2056/10509/2056
f 2213/10510/2213 2146/10511/2146 2234/10512/2234
f 2235/10513/2235 2118/10514/2118 2127/10515/2127
f 2155/10516/2155 2047/10517/2047 2266/10518/2266
f 2249/10519/2249 2259/10520/2259 2250/10521/2250
f 2056/10522/2056 2033/10523/2033 2110/10524/2110
f 2094/10525/2094 2081/10526/2081 2244/10527/2244
f 2130/10528/2130 2239/10529/2239 2131/10530/2131
f 2205/10531/2205 2267/10532/2267 2104/10533/2104
f 2108/10534/2108 2073/10535/2073 2072/10536/2072
f 2251/10537/2251 2262/10538/2262 2245/10539/2245
f 2107/10540/2107 2268/10541/2268 2116/10542/2116
f 2217/10543/2217 2265/10544/2265 2216/10545/2216
f 2217/10546/2217 2148/10547/2148 2210/10548/2210
f 2148/10549/2148 2147/10550/2147 2210/10551/2210
f 2119/10552/2119 2153/10553/2153 2117/10554/2117
f 2262/10555/2262 2094/10556/2094 2245/10557/2245
f 2026/10558/2026 2130/10559/2130 2027/10560/2027
f 2147/10561/2147 2214/10562/2214 2208/10563/2208
f 2261/10564/2261 2078/10565/2078 2077/10566/2077
f 2130/10567/2130 2157/10568/2157 2239/10569/2239
f 2231/10570/2231 2188/10571/2188 2187/10572/2187
f 1997/10573/1997 2247/10574/2247 2248/10575/2248
f 2269/10576/2269 2216/10577/2216 2260/10578/2260
f 2244/10579/2244 2251/10580/2251 2245/10581/2245
f 2255/10582/2255 2247/10583/2247 2229/10584/2229
f 2270/10585/2270 2271/10586/2271 2180/10587/2180
f 2127/10588/2127 2046/10589/2046 2260/10590/2260
f 2237/10591/2237 2127/10592/2127 2260/10593/2260
f 2204/10594/2204 2108/10595/2108 2178/10596/2178
f 2137/10597/2137 2082/10598/2082 2084/10599/2084
f 2060/10600/2060 1995/10601/1995 2244/10602/2244
f 2244/10603/2244 2081/10604/2081 2060/10605/2060
f 2272/10606/2272 2267/10607/2267 2238/10608/2238
f 2074/10609/2074 2073/10610/2073 2124/10611/2124
f 2130/10612/2130 2026/10613/2026 2124/10614/2124
f 2157/10615/2157 2130/10616/2130 2124/10617/2124
f 2238/10618/2238 2271/10619/2271 2272/10620/2272
f 2157/10621/2157 2112/10622/2112 2111/10623/2111
f 2214/10624/2214 2213/10625/2213 2211/10626/2211
f 2261/10627/2261 2077/10628/2077 2236/10629/2236
f 2268/10630/2268 2267/10631/2267 2272/10632/2272
f 2130/10633/2130 2129/10634/2129 2027/10635/2027
f 2148/10636/2148 2216/10637/2216 2269/10638/2269
f 2171/10639/2171 2139/10640/2139 2153/10641/2153
f 2156/10642/2156 2246/10643/2246 2117/10644/2117
f 2044/10645/2044 2043/10646/2043 2103/10647/2103
f 2102/10648/2102 2187/10649/2187 2164/10650/2164
f 2273/10651/2273 2083/10652/2083 2085/10653/2085
f 2172/10654/2172 2137/10655/2137 2086/10656/2086
f 2025/10657/2025 2074/10658/2074 2026/10659/2026
f 2212/10660/2212 2263/10661/2263 2144/10662/2144
f 2178/10663/2178 2238/10664/2238 2267/10665/2267
f 2205/10666/2205 2043/10667/2043 2167/10668/2167
f 2274/10669/2274 2051/10670/2051 2086/10671/2086
f 2097/10672/2097 2087/10673/2087 2095/10674/2095
f 2132/10675/2132 2051/10676/2051 2050/10677/2050
f 2049/10678/2049 2252/10679/2252 2090/10680/2090
f 2112/10681/2112 2123/10682/2123 2193/10683/2193
f 2275/10684/2275 2065/10685/2065 2133/10686/2133
f 2127/10687/2127 2126/10688/2126 2046/10689/2046
f 2113/10690/2113 2190/10691/2190 2059/10692/2059
f 2156/10693/2156 2126/10694/2126 2128/10695/2128
f 2073/10696/2073 2108/10697/2108 2039/10698/2039
f 2086/10699/2086 2137/10700/2137 2274/10701/2274
f 2155/10702/2155 2266/10703/2266 2183/10704/2183
f 2263/10705/2263 2103/10706/2103 2268/10707/2268
f 2064/10708/2064 2170/10709/2170 2063/10710/2063
f 2267/10711/2267 2268/10712/2268 2104/10713/2104
f 2153/10714/2153 2152/10715/2152 2117/10716/2117
f 2165/10717/2165 2117/10718/2117 2152/10719/2152
f 2090/10720/2090 2063/10721/2063 2041/10722/2041
f 2174/10723/2174 2235/10724/2235 2127/10725/2127
f 2056/10726/2056 2063/10727/2063 2137/10728/2137
f 2216/10729/2216 2265/10730/2265 2276/10731/2276
f 2188/10732/2188 2231/10733/2231 2067/10734/2067
f 2045/10735/2045 2098/10736/2098 2260/10737/2260
f 2109/10738/2109 2167/10739/2167 2040/10740/2040
f 2152/10741/2152 2236/10742/2236 2077/10743/2077
f 2146/10744/2146 2148/10745/2148 2269/10746/2269
f 2155/10747/2155 2045/10748/2045 2047/10749/2047
f 2044/10750/2044 2263/10751/2263 2212/10752/2212
f 2050/10753/2050 2090/10754/2090 2277/10755/2277
f 2178/10756/2178 2108/10757/2108 2179/10758/2179
f 2097/10759/2097 2278/10760/2278 2087/10761/2087
f 2063/10762/2063 2090/10763/2090 2252/10764/2252
f 2077/10765/2077 2079/10766/2079 2096/10767/2096
f 2042/10768/2042 2167/10769/2167 2043/10770/2043
f 2033/10771/2033 2189/10772/2189 2111/10773/2111
f 2125/10774/2125 2193/10775/2193 2123/10776/2123
f 2257/10777/2257 2269/10778/2269 2098/10779/2098
f 2190/10780/2190 2113/10781/2113 2114/10782/2114
f 2252/10783/2252 2049/10784/2049 2274/10785/2274
f 2077/10786/2077 2102/10787/2102 2152/10788/2152
f 2191/10789/2191 2086/10790/2086 2051/10791/2051
f 2077/10792/2077 2096/10793/2096 2102/10794/2102
f 2146/10795/2146 2257/10796/2257 2234/10797/2234
f 2279/10798/2279 2205/10799/2205 2204/10800/2204
f 2216/10801/2216 2276/10802/2276 2186/10803/2186
f 2128/10804/2128 2246/10805/2246 2156/10806/2156
f 2107/10807/2107 2144/10808/2144 2263/10809/2263
f 2104/10810/2104 2043/10811/2043 2205/10812/2205
f 2212/10813/2212 2143/10814/2143 2211/10815/2211
f 2073/10816/2073 2039/10817/2039 2076/10818/2076
f 2193/10819/2193 2073/10820/2073 2076/10821/2076
f 2066/10822/2066 2166/10823/2166 2280/10824/2280
f 2171/10825/2171 2153/10826/2153 2135/10827/2135
f 2152/10828/2152 2102/10829/2102 2165/10830/2165
f 2056/10831/2056 2084/10832/2084 2057/10833/2057
f 2174/10834/2174 2127/10835/2127 2237/10836/2237
f 2204/10837/2204 2178/10838/2178 2279/10839/2279
f 2109/10840/2109 2204/10841/2204 2167/10842/2167
f 2051/10843/2051 2274/10844/2274 2049/10845/2049
f 2257/10846/2257 2146/10847/2146 2269/10848/2269
f 2073/10849/2073 2193/10850/2193 2125/10851/2125
f 2260/10852/2260 2046/10853/2046 2045/10854/2045
f 2141/10855/2141 2234/10856/2234 2257/10857/2257
f 2167/10858/2167 2166/10859/2166 2275/10860/2275
f 2074/10861/2074 2179/10862/2179 2072/10863/2072
f 2109/10864/2109 2108/10865/2108 2204/10866/2204
f 2156/10867/2156 2164/10868/2164 2047/10869/2047
f 2260/10870/2260 2098/10871/2098 2269/10872/2269
f 2267/10873/2267 2279/10874/2279 2178/10875/2178
f 2095/10876/2095 2087/10877/2087 2086/10878/2086
f 2279/10879/2279 2267/10880/2267 2205/10881/2205
f 2268/10882/2268 2107/10883/2107 2263/10884/2263
f 2137/10885/2137 2252/10886/2252 2274/10887/2274
f 2208/10888/2208 2214/10889/2214 2143/10890/2143
f 2141/10891/2141 2044/10892/2044 2212/10893/2212
f 2102/10894/2102 2095/10895/2095 2187/10896/2187
f 2257/10897/2257 2042/10898/2042 2141/10899/2141
f 2033/10900/2033 2281/10901/2281 2031/10902/2031
f 2104/10903/2104 2268/10904/2268 2103/10905/2103
f 2090/10906/2090 2275/10907/2275 2133/10908/2133
f 2132/10909/2132 2050/10910/2050 2277/10911/2277
f 2095/10912/2095 2191/10913/2191 2187/10914/2187
f 2257/10915/2257 2098/10916/2098 2099/10917/2099
f 2257/10918/2257 2166/10919/2166 2042/10920/2042
f 2169/10921/2169 2280/10922/2280 2099/10923/2099
f 2133/10924/2133 2065/10925/2065 2067/10926/2067
f 2172/10927/2172 2083/10928/2083 2082/10929/2082
f 2085/10930/2085 2083/10931/2083 2086/10932/2086
f 2066/10933/2066 2280/10934/2280 2169/10935/2169
f 2140/10936/2140 2171/10937/2171 2134/10938/2134
f 2208/10939/2208 2143/10940/2143 2242/10941/2242
f 2086/10942/2086 2191/10943/2191 2095/10944/2095
f 2067/10945/2067 2150/10946/2150 2188/10947/2188
f 2047/10948/2047 2164/10949/2164 2266/10950/2266
f 2179/10951/2179 2270/10952/2270 2180/10953/2180
f 2183/10954/2183 2150/10955/2150 2066/10956/2066
f 2076/10957/2076 2041/10958/2041 2193/10959/2193
f 2065/10960/2065 2166/10961/2166 2066/10962/2066
f 2159/10963/2159 2158/10964/2158 2162/10965/2162
f 2258/10966/2258 2264/10967/2264 2261/10968/2261
f 2117/10969/2117 2246/10970/2246 2118/10971/2118
f 2183/10972/2183 2266/10973/2266 2150/10974/2150
f 2189/10975/2189 2033/10976/2033 2032/10977/2032
f 2238/10978/2238 2180/10979/2180 2271/10980/2271
f 2040/10981/2040 2167/10982/2167 2275/10983/2275
f 2275/10984/2275 2090/10985/2090 2041/10986/2041
f 2041/10987/2041 2040/10988/2040 2275/10989/2275
f 2133/10990/2133 2277/10991/2277 2090/10992/2090
f 2166/10993/2166 2065/10994/2065 2275/10995/2275
f 2116/10996/2116 2268/10997/2268 2272/10998/2272
f 2266/10999/2266 2164/11000/2164 2187/11001/2187
f 2187/11002/2187 2150/11003/2150 2266/11004/2266
f 2242/11005/2242 2143/11006/2143 2145/11007/2145
f 2169/11008/2169 2155/11009/2155 2183/11010/2183
f 2234/11011/2234 2211/11012/2211 2213/11013/2213
f 2119/11014/2119 2162/11015/2162 2142/11016/2142
f 2040/11017/2040 2039/11018/2039 2109/11019/2109
f 2280/11020/2280 2166/11021/2166 2099/11022/2099
f 2179/11023/2179 2074/11024/2074 2025/11025/2025
f 2277/11026/2277 2133/11027/2133 2132/11028/2132
f 2231/11029/2231 2132/11030/2132 2067/11031/2067
f 1956/11032/1956 1953/11033/1953 1968/11034/1968
f 1962/11035/1962 1938/11036/1938 1956/11037/1956
f 2282/11038/2282 1964/11039/1964 1972/11040/1972
f 1950/11041/1950 1964/11042/1964 2282/11043/2282
f 1948/11044/1948 1950/11045/1950 1968/11046/1968
f 1947/11047/1947 1946/11048/1946 2038/11049/2038
f 1969/11050/1969 2038/11051/2038 1946/11052/1946
f 2020/11053/2020 2195/11054/2195 2283/11055/2283
f 1983/11056/1983 2284/11057/2284 2285/11058/2285
f 2285/11059/2285 2286/11060/2286 2287/11061/2287
f 2195/11062/2195 2288/11063/2288 2283/11064/2283
f 2289/11065/2289 2288/11066/2288 2195/11067/2195
f 2287/11068/2287 2232/11069/2232 2285/11070/2285
f 1982/11071/1982 2020/11072/2020 2283/11073/2283
f 2286/11074/2286 2284/11075/2284 2290/11076/2290
f 2283/11077/2283 2290/11078/2290 2284/11079/2284
f 2290/11080/2290 2283/11081/2283 2286/11082/2286
f 2181/11083/2181 1983/11084/1983 2285/11085/2285
f 2291/11086/2291 2232/11087/2232 2182/11088/2182
f 2284/11089/2284 1983/11090/1983 1982/11091/1982
f 2285/11092/2285 2232/11093/2232 2291/11094/2291
f 2285/11095/2285 2291/11096/2291 2181/11097/2181
f 2285/11098/2285 2284/11099/2284 2286/11100/2286
f 2284/11101/2284 1982/11102/1982 2283/11103/2283
f 2291/11104/2291 2182/11105/2182 2181/11106/2181
f 2292/11107/2292 2259/11108/2259 2254/11109/2254
f 2230/11110/2230 2233/11111/2233 2293/11112/2293
f 2230/11113/2230 2293/11114/2293 2228/11115/2228
f 2294/11116/2294 2295/11117/2295 2293/11118/2293
f 2295/11119/2295 2256/11120/2256 2293/11121/2293
f 2293/11122/2293 2256/11123/2256 2228/11124/2228
f 2296/11125/2296 2297/11126/2297 2298/11127/2298
f 2299/11128/2299 2300/11129/2300 2301/11130/2301
f 2302/11131/2302 2295/11132/2295 2303/11133/2303
f 2304/11134/2304 2305/11135/2305 2306/11136/2306
f 2307/11137/2307 2308/11138/2308 2309/11139/2309
f 2310/11140/2310 2218/11141/2218 2225/11142/2225
f 2311/11143/2311 2312/11144/2312 2313/11145/2313
f 2254/11146/2254 2314/11147/2314 2315/11148/2315
f 2316/11149/2316 2317/11150/2317 2318/11151/2318
f 2319/11152/2319 2320/11153/2320 2321/11154/2321
f 2322/11155/2322 2323/11156/2323 2324/11157/2324
f 2295/11158/2295 2325/11159/2325 2326/11160/2326
f 2207/11161/2207 2327/11162/2327 2328/11163/2328
f 2329/11164/2329 2330/11165/2330 2331/11166/2331
f 2332/11167/2332 2333/11168/2333 2281/11169/2281
f 2334/11170/2334 2300/11171/2300 2312/11172/2312
f 2335/11173/2335 2336/11174/2336 2337/11175/2337
f 2298/11176/2298 2317/11177/2317 2309/11178/2309
f 2338/11179/2338 2317/11180/2317 2316/11181/2316
f 2339/11182/2339 2340/11183/2340 2341/11184/2341
f 2342/11185/2342 2343/11186/2343 2329/11187/2329
f 2311/11188/2311 2313/11189/2313 2344/11190/2344
f 2345/11191/2345 2343/11192/2343 2333/11193/2333
f 2306/11194/2306 2337/11195/2337 2336/11196/2336
f 2138/11197/2138 2140/11198/2140 2346/11199/2346
f 2347/11200/2347 2315/11201/2315 2348/11202/2348
f 2349/11203/2349 2321/11204/2321 2350/11205/2350
f 2351/11206/2351 2352/11207/2352 2353/11208/2353
f 2218/11209/2218 2226/11210/2226 2225/11211/2225
f 2256/11212/2256 2326/11213/2326 2314/11214/2314
f 2348/11215/2348 2354/11216/2354 2215/11217/2215
f 2355/11218/2355 2201/11219/2201 2203/11220/2203
f 2345/11221/2345 2356/11222/2356 2357/11223/2357
f 2286/11224/2286 2358/11225/2358 2359/11226/2359
f 2360/11227/2360 2353/11228/2353 2273/11229/2273
f 2297/11230/2297 2192/11231/2192 2298/11232/2298
f 2315/11233/2315 2354/11234/2354 2348/11235/2348
f 2361/11236/2361 2362/11237/2362 2319/11238/2319
f 2363/11239/2363 2364/11240/2364 2306/11241/2306
f 2365/11242/2365 2336/11243/2336 2366/11244/2366
f 2319/11245/2319 2367/11246/2367 2320/11247/2320
f 2316/11248/2316 2368/11249/2368 2338/11250/2338
f 2309/11251/2309 2308/11252/2308 2296/11253/2296
f 2304/11254/2304 2364/11255/2364 2369/11256/2369
f 2370/11257/2370 2371/11258/2371 2368/11259/2368
f 2301/11260/2301 2334/11261/2334 2312/11262/2312
f 2372/11263/2372 2341/11264/2341 2373/11265/2373
f 2368/11266/2368 2374/11267/2374 2338/11268/2338
f 2085/11269/2085 2087/11270/2087 2311/11271/2311
f 2350/11272/2350 2308/11273/2308 2375/11274/2375
f 2328/11275/2328 2376/11276/2376 2321/11277/2321
f 2362/11278/2362 2377/11279/2377 2378/11280/2378
f 2346/11281/2346 2140/11282/2140 2379/11283/2379
f 2324/11284/2324 2323/11285/2323 2380/11286/2380
f 2381/11287/2381 2382/11288/2382 2383/11289/2383
f 2281/11290/2281 2055/11291/2055 2384/11292/2384
f 2385/11293/2385 2386/11294/2386 2346/11295/2346
f 2384/11296/2384 2352/11297/2352 2332/11298/2332
f 2329/11299/2329 2331/11300/2331 2342/11301/2342
f 2387/11302/2387 2375/11303/2375 2374/11304/2374
f 2344/11305/2344 2380/11306/2380 2311/11307/2311
f 2215/11308/2215 2158/11309/2158 2160/11310/2160
f 2388/11311/2388 2389/11312/2389 2390/11313/2390
f 2377/11314/2377 2391/11315/2391 2301/11316/2301
f 2312/11317/2312 2311/11318/2311 2087/11319/2087
f 2390/11320/2390 2392/11321/2392 2388/11322/2388
f 2313/11323/2313 2312/11324/2312 2300/11325/2300
f 2377/11326/2377 2362/11327/2362 2391/11328/2391
f 2318/11329/2318 2317/11330/2317 2298/11331/2298
f 2336/11332/2336 2365/11333/2365 2363/11334/2363
f 2386/11335/2386 2385/11336/2385 2325/11337/2325
f 2393/11338/2393 2394/11339/2394 2395/11340/2395
f 2326/11341/2326 2256/11342/2256 2295/11343/2295
f 2396/11344/2396 2381/11345/2381 2383/11346/2383
f 2301/11347/2301 2378/11348/2378 2377/11349/2377
f 2384/11350/2384 2055/11351/2055 2057/11352/2057
f 2362/11353/2362 2396/11354/2396 2391/11355/2391
f 2360/11356/2360 2397/11357/2397 2351/11358/2351
f 2328/11359/2328 2375/11360/2375 2398/11361/2398
f 2288/11362/2288 2286/11363/2286 2283/11364/2283
f 2297/11365/2297 2399/11366/2399 2097/11367/2097
f 2324/11368/2324 2400/11369/2400 2401/11370/2401
f 2374/11371/2374 2308/11372/2308 2307/11373/2307
f 2338/11374/2338 2374/11375/2374 2307/11376/2307
f 2400/11377/2400 2324/11378/2324 2380/11379/2380
f 2312/11380/2312 2087/11381/2087 2278/11382/2278
f 2278/11383/2278 2399/11384/2399 2378/11385/2378
f 2362/11386/2362 2381/11387/2381 2396/11388/2396
f 2273/11389/2273 2085/11390/2085 2311/11391/2311
f 2401/11392/2401 2322/11393/2322 2324/11394/2324
f 2397/11395/2397 2273/11396/2273 2311/11397/2311
f 2402/11398/2402 2397/11399/2397 2311/11400/2311
f 2402/11401/2402 2380/11402/2380 2323/11403/2323
f 2273/11404/2273 2353/11405/2353 2084/11406/2084
f 2403/11407/2403 2381/11408/2381 2362/11409/2362
f 2404/11410/2404 2352/11411/2352 2351/11412/2351
f 2401/11413/2401 2405/11414/2405 2322/11415/2322
f 2354/11416/2354 2406/11417/2406 2325/11418/2325
f 2346/11419/2346 2407/11420/2407 2393/11421/2393
f 2384/11422/2384 2332/11423/2332 2281/11424/2281
f 2319/11425/2319 2362/11426/2362 2378/11427/2378
f 2308/11428/2308 2374/11429/2374 2375/11430/2375
f 2354/11431/2354 2325/11432/2325 2385/11433/2385
f 2254/11434/2254 2347/11435/2347 2292/11436/2292
f 2273/11437/2273 2397/11438/2397 2360/11439/2360
f 2402/11440/2402 2323/11441/2323 2408/11442/2408
f 2409/11443/2409 2366/11444/2366 2335/11445/2335
f 2381/11446/2381 2310/11447/2310 2382/11448/2382
f 2301/11449/2301 2278/11450/2278 2378/11451/2378
f 2410/11452/2410 2411/11453/2411 2387/11454/2387
f 2386/11455/2386 2325/11456/2325 2412/11457/2412
f 2322/11458/2322 2404/11459/2404 2323/11460/2323
f 2310/11461/2310 2403/11462/2403 2218/11463/2218
f 2403/11464/2403 2362/11465/2362 2361/11466/2361
f 2353/11467/2353 2057/11468/2057 2084/11469/2084
f 2322/11470/2322 2405/11471/2405 2369/11472/2369
f 2413/11473/2413 2385/11474/2385 2379/11475/2379
f 2369/11476/2369 2404/11477/2404 2322/11478/2322
f 2386/11479/2386 2407/11480/2407 2346/11481/2346
f 2353/11482/2353 2384/11483/2384 2057/11484/2057
f 2351/11485/2351 2323/11486/2323 2404/11487/2404
f 2382/11488/2382 2310/11489/2310 2414/11490/2414
f 2319/11491/2319 2378/11492/2378 2367/11493/2367
f 2415/11494/2415 2416/11495/2416 2330/11496/2330
f 2413/11497/2413 2379/11498/2379 2136/11499/2136
f 2373/11500/2373 2417/11501/2417 2372/11502/2372
f 2381/11503/2381 2403/11504/2403 2310/11505/2310
f 2218/11506/2218 2403/11507/2403 2418/11508/2418
f 2219/11509/2219 2218/11510/2218 2418/11511/2418
f 2301/11512/2301 2312/11513/2312 2278/11514/2278
f 2310/11515/2310 2225/11516/2225 2414/11517/2414
f 2136/11518/2136 2379/11519/2379 2134/11520/2134
f 2378/11521/2378 2399/11522/2399 2367/11523/2367
f 2298/11524/2298 2192/11525/2192 2079/11526/2079
f 2419/11527/2419 2345/11528/2345 2420/11529/2420
f 2097/11530/2097 2096/11531/2096 2297/11532/2297
f 2404/11533/2404 2369/11534/2369 2421/11535/2421
f 2367/11536/2367 2399/11537/2399 2297/11538/2297
f 2096/11539/2096 2192/11540/2192 2297/11541/2297
f 2418/11542/2418 2361/11543/2361 2422/11544/2422
f 2219/11545/2219 2418/11546/2418 2423/11547/2423
f 2364/11548/2364 2304/11549/2304 2306/11550/2306
f 2364/11551/2364 2421/11552/2421 2369/11553/2369
f 2302/11554/2302 2394/11555/2394 2393/11556/2393
f 2301/11557/2301 2391/11558/2391 2299/11559/2299
f 2421/11560/2421 2356/11561/2356 2404/11562/2404
f 2308/11563/2308 2320/11564/2320 2424/11565/2424
f 2370/11566/2370 2425/11567/2425 2288/11568/2288
f 2366/11569/2366 2409/11570/2409 2365/11571/2365
f 2420/11572/2420 2363/11573/2363 2426/11574/2426
f 2356/11575/2356 2352/11576/2352 2404/11577/2404
f 2400/11578/2400 2380/11579/2380 2344/11580/2344
f 2422/11581/2422 2423/11582/2423 2418/11583/2418
f 2379/11584/2379 2140/11585/2140 2134/11586/2134
f 2424/11587/2424 2320/11588/2320 2367/11589/2367
f 2367/11590/2367 2297/11591/2297 2424/11592/2424
f 2420/11593/2420 2364/11594/2364 2363/11595/2363
f 2357/11596/2357 2421/11597/2421 2364/11598/2364
f 2337/11599/2337 2306/11600/2306 2305/11601/2305
f 2421/11602/2421 2357/11603/2357 2356/11604/2356
f 2352/11605/2352 2384/11606/2384 2353/11607/2353
f 2364/11608/2364 2345/11609/2345 2357/11610/2357
f 2363/11611/2363 2306/11612/2306 2336/11613/2336
f 2427/11614/2427 2298/11615/2298 2079/11616/2079
f 2336/11617/2336 2335/11618/2335 2366/11619/2366
f 2332/11620/2332 2352/11621/2352 2356/11622/2356
f 2297/11623/2297 2296/11624/2296 2424/11625/2424
f 2341/11626/2341 2358/11627/2358 2425/11628/2425
f 2321/11629/2321 2320/11630/2320 2350/11631/2350
f 2402/11632/2402 2408/11633/2408 2397/11634/2397
f 2308/11635/2308 2350/11636/2350 2320/11637/2320
f 2337/11638/2337 2428/11639/2428 2335/11640/2335
f 2298/11641/2298 2429/11642/2429 2296/11643/2296
f 2219/11644/2219 2423/11645/2423 2206/11646/2206
f 2422/11647/2422 2321/11648/2321 2376/11649/2376
f 2365/11650/2365 2430/11651/2430 2426/11652/2426
f 2356/11653/2356 2345/11654/2345 2333/11655/2333
f 2332/11656/2332 2356/11657/2356 2333/11658/2333
f 2376/11659/2376 2423/11660/2423 2422/11661/2422
f 2307/11662/2307 2317/11663/2317 2338/11664/2338
f 2327/11665/2327 2206/11666/2206 2423/11667/2423
f 2328/11668/2328 2321/11669/2321 2349/11670/2349
f 2426/11671/2426 2430/11672/2430 2420/11673/2420
f 2410/11674/2410 2371/11675/2371 2289/11676/2289
f 2083/11677/2083 2273/11678/2273 2084/11679/2084
f 2308/11680/2308 2424/11681/2424 2296/11682/2296
f 2418/11683/2418 2403/11684/2403 2361/11685/2361
f 2281/11686/2281 2033/11687/2033 2055/11688/2055
f 2423/11689/2423 2376/11690/2376 2327/11691/2327
f 2343/11692/2343 2345/11693/2345 2419/11694/2419
f 2351/11695/2351 2353/11696/2353 2360/11697/2360
f 2408/11698/2408 2351/11699/2351 2397/11700/2397
f 2341/11701/2341 2372/11702/2372 2358/11703/2358
f 2398/11704/2398 2203/11705/2203 2328/11706/2328
f 2281/11707/2281 2333/11708/2333 2031/11709/2031
f 2298/11710/2298 2427/11711/2427 2318/11712/2318
f 2321/11713/2321 2422/11714/2422 2319/11715/2319
f 2350/11716/2350 2375/11717/2375 2349/11718/2349
f 2415/11719/2415 2419/11720/2419 2420/11721/2420
f 2058/11722/2058 2333/11723/2333 2343/11724/2343
f 2420/11725/2420 2430/11726/2430 2416/11727/2416
f 2194/11728/2194 2410/11729/2410 2289/11730/2289
f 2419/11731/2419 2415/11732/2415 2343/11733/2343
f 2315/11734/2315 2314/11735/2314 2406/11736/2406
f 2431/11737/2431 2339/11738/2339 2432/11739/2432
f 2343/11740/2343 2342/11741/2342 2058/11742/2058
f 2203/11743/2203 2207/11744/2207 2328/11745/2328
f 2398/11746/2398 2355/11747/2355 2203/11748/2203
f 2296/11749/2296 2429/11750/2429 2309/11751/2309
f 2408/11752/2408 2323/11753/2323 2351/11754/2351
f 2309/11755/2309 2429/11756/2429 2298/11757/2298
f 2318/11758/2318 2427/11759/2427 2433/11760/2433
f 2417/11761/2417 2434/11762/2434 2372/11763/2372
f 2343/11764/2343 2415/11765/2415 2329/11766/2329
f 2319/11767/2319 2422/11768/2422 2361/11769/2361
f 2435/11770/2435 2434/11771/2434 2232/11772/2232
f 2287/11773/2287 2435/11774/2435 2232/11775/2232
f 2416/11776/2416 2415/11777/2415 2420/11778/2420
f 2363/11779/2363 2365/11780/2365 2426/11781/2426
f 2347/11782/2347 2254/11783/2254 2315/11784/2315
f 2375/11785/2375 2328/11786/2328 2349/11787/2349
f 2436/11788/2436 2433/11789/2433 2392/11790/2392
f 2348/11791/2348 2437/11792/2437 2347/11793/2347
f 2437/11794/2437 2348/11795/2348 2438/11796/2438
f 2411/11797/2411 2410/11798/2410 2194/11799/2194
f 2433/11800/2433 2388/11801/2388 2392/11802/2392
f 2348/11803/2348 2215/11804/2215 2438/11805/2438
f 2406/11806/2406 2354/11807/2354 2315/11808/2315
f 2254/11809/2254 2253/11810/2253 2314/11811/2314
f 2314/11812/2314 2326/11813/2326 2406/11814/2406
f 2256/11815/2256 2314/11816/2314 2253/11817/2253
f 2215/11818/2215 2354/11819/2354 2385/11820/2385
f 2326/11821/2326 2325/11822/2325 2406/11823/2406
f 2414/11824/2414 2225/11825/2225 2227/11826/2227
f 2233/11827/2233 2294/11828/2294 2293/11829/2293
f 2233/11830/2233 2434/11831/2434 2294/11832/2294
f 2434/11833/2434 2233/11834/2233 2232/11835/2232
f 2215/11836/2215 2413/11837/2413 2136/11838/2136
f 2325/11839/2325 2295/11840/2295 2412/11841/2412
f 2407/11842/2407 2412/11843/2412 2295/11844/2295
f 2303/11845/2303 2294/11846/2294 2434/11847/2434
f 2385/11848/2385 2346/11849/2346 2379/11850/2379
f 2303/11851/2303 2434/11852/2434 2394/11853/2394
f 2386/11854/2386 2412/11855/2412 2407/11856/2407
f 2295/11857/2295 2302/11858/2302 2407/11859/2407
f 2394/11860/2394 2302/11861/2302 2303/11862/2303
f 2372/11863/2372 2434/11864/2434 2435/11865/2435
f 2287/11866/2287 2286/11867/2286 2359/11868/2359
f 2434/11869/2434 2417/11870/2417 2394/11871/2394
f 2393/11872/2393 2407/11873/2407 2302/11874/2302
f 2358/11875/2358 2435/11876/2435 2287/11877/2287
f 2358/11878/2358 2372/11879/2372 2435/11880/2435
f 2376/11881/2376 2328/11882/2328 2327/11883/2327
f 2439/11884/2439 2394/11885/2394 2417/11886/2417
f 2358/11887/2358 2286/11888/2286 2288/11889/2288
f 2394/11890/2394 2439/11891/2439 2395/11892/2395
f 2440/11893/2440 2138/11894/2138 2346/11895/2346
f 2393/11896/2393 2440/11897/2440 2346/11898/2346
f 2439/11899/2439 2417/11900/2417 2373/11901/2373
f 2295/11902/2295 2294/11903/2294 2303/11904/2303
f 2288/11905/2288 2425/11906/2425 2358/11907/2358
f 2432/11908/2432 2436/11909/2436 2392/11910/2392
f 2340/11911/2340 2439/11912/2439 2373/11913/2373
f 2439/11914/2439 2340/11915/2340 2441/11916/2441
f 2258/11917/2258 2138/11918/2138 2440/11919/2440
f 2393/11920/2393 2395/11921/2395 2440/11922/2440
f 2341/11923/2341 2340/11924/2340 2373/11925/2373
f 2339/11926/2339 2341/11927/2341 2425/11928/2425
f 2289/11929/2289 2195/11930/2195 2194/11931/2194
f 2389/11932/2389 2395/11933/2395 2439/11934/2439
f 2439/11935/2439 2441/11936/2441 2389/11937/2389
f 2440/11938/2440 2395/11939/2395 2258/11940/2258
f 2425/11941/2425 2432/11942/2432 2339/11943/2339
f 2413/11944/2413 2215/11945/2215 2385/11946/2385
f 2371/11947/2371 2370/11948/2370 2289/11949/2289
f 2395/11950/2395 2389/11951/2389 2442/11952/2442
f 2206/11953/2206 2327/11954/2327 2207/11955/2207
f 2442/11956/2442 2258/11957/2258 2395/11958/2395
f 2168/11959/2168 2058/11960/2058 2443/11961/2443
f 2425/11962/2425 2370/11963/2370 2432/11964/2432
f 2411/11965/2411 2194/11966/2194 2198/11967/2198
f 2031/11968/2031 2333/11969/2333 2058/11970/2058
f 2390/11971/2390 2389/11972/2389 2441/11973/2441
f 2431/11974/2431 2340/11975/2340 2339/11976/2339
f 2374/11977/2374 2368/11978/2368 2371/11979/2371
f 2370/11980/2370 2436/11981/2436 2432/11982/2432
f 2392/11983/2392 2431/11984/2431 2432/11985/2432
f 2358/11986/2358 2287/11987/2287 2359/11988/2359
f 2311/11989/2311 2380/11990/2380 2402/11991/2402
f 2258/11992/2258 2442/11993/2442 2264/11994/2264
f 2340/11995/2340 2390/11996/2390 2441/11997/2441
f 2370/11998/2370 2368/11999/2368 2436/12000/2436
f 2201/12001/2201 2355/12002/2355 2411/12003/2411
f 2411/12004/2411 2198/12005/2198 2201/12006/2201
f 2431/12007/2431 2390/12008/2390 2340/12009/2340
f 2388/12010/2388 2442/12011/2442 2389/12012/2389
f 2392/12013/2392 2390/12014/2390 2431/12015/2431
f 2387/12016/2387 2374/12017/2374 2371/12018/2371
f 2301/12019/2301 2300/12020/2300 2334/12021/2334
f 2442/12022/2442 2388/12023/2388 2264/12024/2264
f 2345/12025/2345 2364/12026/2364 2420/12027/2420
f 2368/12028/2368 2316/12029/2316 2436/12030/2436
f 2317/12031/2317 2307/12032/2307 2309/12033/2309
f 2388/12034/2388 2427/12035/2427 2264/12036/2264
f 2436/12037/2436 2318/12038/2318 2433/12039/2433
f 2316/12040/2316 2318/12041/2318 2436/12042/2436
f 2411/12043/2411 2398/12044/2398 2387/12045/2387
f 2264/12046/2264 2427/12047/2427 2079/12048/2079
f 2331/12049/2331 2443/12050/2443 2342/12051/2342
f 2387/12052/2387 2398/12053/2398 2375/12054/2375
f 2330/12055/2330 2329/12056/2329 2415/12057/2415
f 2438/12058/2438 2215/12059/2215 2160/12060/2160
f 2398/12061/2398 2411/12062/2411 2355/12063/2355
f 2079/12064/2079 2078/12065/2078 2264/12066/2264
f 2388/12067/2388 2433/12068/2433 2427/12069/2427
f 2289/12070/2289 2370/12071/2370 2288/12072/2288
f 2371/12073/2371 2410/12074/2410 2387/12075/2387
f 2342/12076/2342 2443/12077/2443 2058/12078/2058
f 2399/12079/2399 2278/12080/2278 2097/12081/2097
f 2444/12082/2444 2445/12083/2445 2446/12084/2446
f 2447/12085/2447 2448/12086/2448 2449/12087/2449
f 2450/12088/2450 2451/12089/2451 2452/12090/2452
f 2453/12091/2453 2446/12092/2446 2451/12093/2451
f 2446/12094/2446 2454/12095/2454 2455/12096/2455
f 2456/12097/2456 2445/12098/2445 2444/12099/2444
f 2451/12100/2451 2450/12101/2450 2453/12102/2453
f 2457/12103/2457 2458/12104/2458 2459/12105/2459
f 2444/12106/2444 2446/12107/2446 2460/12108/2460
f 2461/12109/2461 2447/12110/2447 2462/12111/2462
f 2456/12112/2456 2444/12113/2444 2463/12114/2463
f 2464/12115/2464 2457/12116/2457 2459/12117/2459
f 2450/12118/2450 2462/12119/2462 2447/12120/2447
f 2465/12121/2465 2454/12122/2454 2446/12123/2446
f 2452/12124/2452 2461/12125/2461 2462/12126/2462
f 2453/12127/2453 2465/12128/2465 2446/12129/2446
f 2461/12130/2461 2466/12131/2466 2447/12132/2447
f 2446/12133/2446 2445/12134/2445 2451/12135/2451
f 2447/12136/2447 2466/12137/2466 2448/12138/2448
f 2455/12139/2455 2460/12140/2460 2446/12141/2446
f 2451/12142/2451 2445/12143/2445 2452/12144/2452
f 2467/12145/2467 2466/12146/2466 2461/12147/2461
f 2462/12148/2462 2450/12149/2450 2452/12150/2452
f 2458/12151/2458 2457/12152/2457 2460/12153/2460
f 2458/12154/2458 2460/12155/2460 2468/12156/2468
f 2469/12157/2469 2458/12158/2458 2468/12159/2468
f 2463/12160/2463 2460/12161/2460 2457/12162/2457
f 2468/12163/2468 2460/12164/2460 2455/12165/2455
f 2444/12166/2444 2460/12167/2460 2463/12168/2463
f 2469/12169/2469 2459/12170/2459 2458/12171/2458
f 2470/12172/2470 2471/12173/2471 2472/12174/2472
f 2469/12175/2469 2468/12176/2468 2473/12177/2473
f 2474/12178/2474 2475/12179/2475 2469/12180/2469
f 2454/12181/2454 2468/12182/2468 2455/12183/2455
f 2476/12184/2476 2469/12185/2469 2473/12186/2473
f 2469/12187/2469 2476/12188/2476 2474/12189/2474
f 2477/12190/2477 2476/12191/2476 2473/12192/2473
f 2470/12193/2470 2474/12194/2474 2476/12195/2476
f 2465/12196/2465 2478/12197/2478 2454/12198/2454
f 2453/12199/2453 2479/12200/2479 2465/12201/2465
f 2470/12202/2470 2480/12203/2480 2481/12204/2481
f 2465/12205/2465 2482/12206/2482 2478/12207/2478
f 2483/12208/2483 2481/12209/2481 2478/12210/2478
f 2471/12211/2471 2470/12212/2470 2483/12213/2483
f 2482/12214/2482 2479/12215/2479 2484/12216/2484
f 2472/12217/2472 2471/12218/2471 2485/12219/2485
f 2471/12220/2471 2486/12221/2486 2485/12222/2485
f 2483/12223/2483 2487/12224/2487 2488/12225/2488
f 2447/12226/2447 2449/12227/2449 2484/12228/2484
f 2480/12229/2480 2478/12230/2478 2481/12231/2481
f 2489/12232/2489 2490/12233/2490 2491/12234/2491
f 2470/12235/2470 2472/12236/2472 2474/12237/2474
f 2492/12238/2492 2487/12239/2487 2449/12240/2449
f 2488/12241/2488 2487/12242/2487 2492/12243/2492
f 2493/12244/2493 2488/12245/2488 2492/12246/2492
f 2459/12247/2459 2469/12248/2469 2475/12249/2475
f 2494/12250/2494 2491/12251/2491 2495/12252/2495
f 2495/12253/2495 2491/12254/2491 2486/12255/2486
f 2482/12256/2482 2483/12257/2483 2478/12258/2478
f 2449/12259/2449 2448/12260/2448 2492/12261/2492
f 2488/12262/2488 2495/12263/2495 2486/12264/2486
f 2488/12265/2488 2493/12266/2493 2496/12267/2496
f 2496/12268/2496 2495/12269/2495 2488/12270/2488
f 2497/12271/2497 2492/12272/2492 2448/12273/2448
f 2494/12274/2494 2495/12275/2495 2496/12276/2496
f 2498/12277/2498 2496/12278/2496 2497/12279/2497
f 2496/12280/2496 2499/12281/2499 2494/12282/2494
f 2486/12283/2486 2483/12284/2483 2488/12285/2488
f 2499/12286/2499 2498/12287/2498 2500/12288/2500
f 2477/12289/2477 2480/12290/2480 2476/12291/2476
f 2454/12292/2454 2477/12293/2477 2473/12294/2473
f 2487/12295/2487 2484/12296/2484 2449/12297/2449
f 2499/12298/2499 2500/12299/2500 2501/12300/2501
f 2485/12301/2485 2486/12302/2486 2490/12303/2490
f 2482/12304/2482 2487/12305/2487 2483/12306/2483
f 2480/12307/2480 2470/12308/2470 2476/12309/2476
f 2479/12310/2479 2447/12311/2447 2484/12312/2484
f 2482/12313/2482 2465/12314/2465 2479/12315/2479
f 2486/12316/2486 2491/12317/2491 2490/12318/2490
f 2498/12319/2498 2499/12320/2499 2496/12321/2496
f 2479/12322/2479 2453/12323/2453 2450/12324/2450
f 2486/12325/2486 2471/12326/2471 2483/12327/2483
f 2450/12328/2450 2447/12329/2447 2479/12330/2479
f 2496/12331/2496 2493/12332/2493 2497/12333/2497
f 2468/12334/2468 2454/12335/2454 2473/12336/2473
f 2454/12337/2454 2478/12338/2478 2477/12339/2477
f 2477/12340/2477 2478/12341/2478 2480/12342/2480
f 2493/12343/2493 2492/12344/2492 2497/12345/2497
f 2481/12346/2481 2483/12347/2483 2470/12348/2470
f 2482/12349/2482 2484/12350/2484 2487/12351/2487
f 2502/12352/2502 2503/12353/2503 2504/12354/2504
f 2505/12355/2505 2506/12356/2506 2507/12357/2507
f 2508/12358/2508 2509/12359/2509 2510/12360/2510
f 2511/12361/2511 2512/12362/2512 2513/12363/2513
f 2507/12364/2507 2514/12365/2514 2505/12366/2505
f 2515/12367/2515 2516/12368/2516 2517/12369/2517
f 2518/12370/2518 2519/12371/2519 2520/12372/2520
f 2521/12373/2521 2522/12374/2522 2523/12375/2523
f 2524/12376/2524 2525/12377/2525 2526/12378/2526
f 2527/12379/2527 2528/12380/2528 2529/12381/2529
f 2530/12382/2530 2531/12383/2531 2532/12384/2532
f 2533/12385/2533 2534/12386/2534 2535/12387/2535
f 2536/12388/2536 2537/12389/2537 2538/12390/2538
f 2539/12391/2539 2540/12392/2540 2541/12393/2541
f 2542/12394/2542 2543/12395/2543 2544/12396/2544
f 2545/12397/2545 2546/12398/2546 2547/12399/2547
f 2548/12400/2548 2549/12401/2549 2550/12402/2550
f 2551/12403/2551 2549/12404/2549 2509/12405/2509
f 2552/12406/2552 2526/12407/2526 2553/12408/2553
f 2554/12409/2554 2549/12410/2549 2551/12411/2551
f 2555/12412/2555 2556/12413/2556 2557/12414/2557
f 2558/12415/2558 2559/12416/2559 2554/12417/2554
f 2560/12418/2560 2561/12419/2561 2562/12420/2562
f 2563/12421/2563 2564/12422/2564 2565/12423/2565
f 2516/12424/2516 2566/12425/2566 2541/12426/2541
f 2526/12427/2526 2525/12428/2525 2553/12429/2553
f 2567/12430/2567 2568/12431/2568 2569/12432/2569
f 2570/12433/2570 2571/12434/2571 2572/12435/2572
f 2573/12436/2573 2574/12437/2574 2526/12438/2526
f 2508/12439/2508 2551/12440/2551 2509/12441/2509
f 2572/12442/2572 2575/12443/2575 2576/12444/2576
f 2577/12445/2577 2578/12446/2578 2579/12447/2579
f 2528/12448/2528 2580/12449/2580 2581/12450/2581
f 2520/12451/2520 2582/12452/2582 2583/12453/2583
f 2584/12454/2584 2546/12455/2546 2545/12456/2545
f 2553/12457/2553 2585/12458/2585 2586/12459/2586
f 2587/12460/2587 2588/12461/2588 2589/12462/2589
f 2590/12463/2590 2591/12464/2591 2592/12465/2592
f 2593/12466/2593 2526/12467/2526 2574/12468/2574
f 2594/12469/2594 2549/12470/2549 2548/12471/2548
f 2572/12472/2572 2571/12473/2571 2575/12474/2575
f 2536/12475/2536 2595/12476/2595 2596/12477/2596
f 2535/12478/2535 2551/12479/2551 2508/12480/2508
f 2569/12481/2569 2554/12482/2554 2559/12483/2559
f 2544/12484/2544 2597/12485/2597 2598/12486/2598
f 2599/12487/2599 2600/12488/2600 2519/12489/2519
f 2601/12490/2601 2514/12491/2514 2507/12492/2507
f 2602/12493/2602 2603/12494/2603 2604/12495/2604
f 2535/12496/2535 2560/12497/2560 2533/12498/2533
f 2524/12499/2524 2605/12500/2605 2568/12501/2568
f 2594/12502/2594 2548/12503/2548 2606/12504/2606
f 2593/12505/2593 2548/12506/2548 2605/12507/2605
f 2509/12508/2509 2549/12509/2549 2594/12510/2594
f 2607/12511/2607 2528/12512/2528 2506/12513/2506
f 2516/12514/2516 2608/12515/2608 2609/12516/2609
f 2526/12517/2526 2552/12518/2552 2573/12519/2573
f 2566/12520/2566 2609/12521/2609 2610/12522/2610
f 2611/12523/2611 2560/12524/2560 2562/12525/2562
f 2535/12526/2535 2510/12527/2510 2560/12528/2560
f 2534/12529/2534 2539/12530/2539 2558/12531/2558
f 2561/12532/2561 2560/12533/2560 2510/12534/2510
f 2612/12535/2612 2613/12536/2613 2614/12537/2614
f 2615/12538/2615 2616/12539/2616 2617/12540/2617
f 2593/12541/2593 2503/12542/2503 2606/12543/2606
f 2503/12544/2503 2593/12545/2593 2574/12546/2574
f 2569/12547/2569 2568/12548/2568 2554/12549/2554
f 2517/12550/2517 2541/12551/2541 2618/12552/2618
f 2602/12553/2602 2604/12554/2604 2619/12555/2619
f 2610/12556/2610 2620/12557/2620 2539/12558/2539
f 2606/12559/2606 2621/12560/2621 2594/12561/2594
f 2546/12562/2546 2584/12563/2584 2622/12564/2622
f 2621/12565/2621 2509/12566/2509 2594/12567/2594
f 2623/12568/2623 2603/12569/2603 2602/12570/2602
f 2604/12571/2604 2540/12572/2540 2533/12573/2533
f 2540/12574/2540 2618/12575/2618 2541/12576/2541
f 2608/12577/2608 2516/12578/2516 2515/12579/2515
f 2562/12580/2562 2561/12581/2561 2624/12582/2624
f 2516/12583/2516 2609/12584/2609 2566/12585/2566
f 2504/12586/2504 2503/12587/2503 2574/12588/2574
f 2535/12589/2535 2534/12590/2534 2558/12591/2558
f 2517/12592/2517 2625/12593/2625 2515/12594/2515
f 2566/12595/2566 2610/12596/2610 2539/12597/2539
f 2604/12598/2604 2533/12599/2533 2626/12600/2626
f 2627/12601/2627 2628/12602/2628 2629/12603/2629
f 2539/12604/2539 2559/12605/2559 2558/12606/2558
f 2604/12607/2604 2603/12608/2603 2540/12609/2540
f 2623/12610/2623 2618/12611/2618 2603/12612/2603
f 2517/12613/2517 2618/12614/2618 2625/12615/2625
f 2630/12616/2630 2631/12617/2631 2632/12618/2632
f 2525/12619/2525 2524/12620/2524 2567/12621/2567
f 2633/12622/2633 2634/12623/2634 2538/12624/2538
f 2635/12625/2635 2636/12626/2636 2572/12627/2572
f 2624/12628/2624 2561/12629/2561 2637/12630/2637
f 2637/12631/2637 2510/12632/2510 2638/12633/2638
f 2626/12634/2626 2619/12635/2619 2604/12636/2604
f 2623/12637/2623 2625/12638/2625 2618/12639/2618
f 2611/12640/2611 2562/12641/2562 2639/12642/2639
f 2559/12643/2559 2539/12644/2539 2569/12645/2569
f 2640/12646/2640 2641/12647/2641 2642/12648/2642
f 2643/12649/2643 2597/12650/2597 2644/12651/2644
f 2603/12652/2603 2618/12653/2618 2540/12654/2540
f 2611/12655/2611 2639/12656/2639 2645/12657/2645
f 2613/12658/2613 2612/12659/2612 2615/12660/2615
f 2646/12661/2646 2647/12662/2647 2648/12663/2648
f 2626/12664/2626 2611/12665/2611 2619/12666/2619
f 2631/12667/2631 2597/12668/2597 2649/12669/2649
f 2648/12670/2648 2650/12671/2650 2651/12672/2651
f 2652/12673/2652 2653/12674/2653 2654/12675/2654
f 2655/12676/2655 2656/12677/2656 2657/12678/2657
f 2560/12679/2560 2611/12680/2611 2626/12681/2626
f 2611/12682/2611 2645/12683/2645 2619/12684/2619
f 2658/12685/2658 2659/12686/2659 2660/12687/2660
f 2661/12688/2661 2662/12689/2662 2655/12690/2655
f 2596/12691/2596 2591/12692/2591 2536/12693/2536
f 2632/12694/2632 2663/12695/2663 2664/12696/2664
f 2665/12697/2665 2650/12698/2650 2648/12699/2648
f 2562/12700/2562 2624/12701/2624 2639/12702/2639
f 2641/12703/2641 2624/12704/2624 2637/12705/2637
f 2666/12706/2666 2629/12707/2629 2628/12708/2628
f 2667/12709/2667 2668/12710/2668 2669/12711/2669
f 2670/12712/2670 2671/12713/2671 2672/12714/2672
f 2639/12715/2639 2624/12716/2624 2641/12717/2641
f 2673/12718/2673 2621/12719/2621 2606/12720/2606
f 2640/12721/2640 2639/12722/2639 2641/12723/2641
f 2651/12724/2651 2674/12725/2674 2627/12726/2627
f 2675/12727/2675 2539/12728/2539 2620/12729/2620
f 2676/12730/2676 2677/12731/2677 2678/12732/2678
f 2679/12733/2679 2680/12734/2680 2583/12735/2583
f 2681/12736/2681 2640/12737/2640 2682/12738/2682
f 2683/12739/2683 2614/12740/2614 2613/12741/2613
f 2651/12742/2651 2627/12743/2627 2684/12744/2684
f 2638/12745/2638 2510/12746/2510 2509/12747/2509
f 2685/12748/2685 2686/12749/2686 2687/12750/2687
f 2687/12751/2687 2688/12752/2688 2685/12753/2685
f 2689/12754/2689 2648/12755/2648 2647/12756/2647
f 2627/12757/2627 2690/12758/2690 2628/12759/2628
f 2691/12760/2691 2692/12761/2692 2693/12762/2693
f 2694/12763/2694 2666/12764/2666 2628/12765/2628
f 2545/12766/2545 2695/12767/2695 2584/12768/2584
f 2696/12769/2696 2655/12770/2655 2694/12771/2694
f 2694/12772/2694 2655/12773/2655 2657/12774/2657
f 2628/12775/2628 2696/12776/2696 2694/12777/2694
f 2697/12778/2697 2698/12779/2698 2699/12780/2699
f 2700/12781/2700 2692/12782/2692 2691/12783/2691
f 2690/12784/2690 2696/12785/2696 2628/12786/2628
f 2701/12787/2701 2636/12788/2636 2702/12789/2702
f 2690/12790/2690 2703/12791/2703 2696/12792/2696
f 2704/12793/2704 2627/12794/2627 2674/12795/2674
f 2705/12796/2705 2706/12797/2706 2689/12798/2689
f 2707/12799/2707 2647/12800/2647 2646/12801/2646
f 2708/12802/2708 2678/12803/2678 2709/12804/2709
f 2704/12805/2704 2674/12806/2674 2650/12807/2650
f 2689/12808/2689 2710/12809/2710 2665/12810/2665
f 2688/12811/2688 2711/12812/2711 2712/12813/2712
f 2686/12814/2686 2685/12815/2685 2713/12816/2713
f 2674/12817/2674 2651/12818/2651 2650/12819/2650
f 2640/12820/2640 2642/12821/2642 2714/12822/2714
f 2715/12823/2715 2716/12824/2716 2717/12825/2717
f 2684/12826/2684 2627/12827/2627 2629/12828/2629
f 2712/12829/2712 2718/12830/2718 2688/12831/2688
f 2556/12832/2556 2719/12833/2719 2557/12834/2557
f 2720/12835/2720 2706/12836/2706 2705/12837/2705
f 2651/12838/2651 2699/12839/2699 2648/12840/2648
f 2646/12841/2646 2699/12842/2699 2698/12843/2698
f 2721/12844/2721 2722/12845/2722 2723/12846/2723
f 2724/12847/2724 2725/12848/2725 2726/12849/2726
f 2727/12850/2727 2651/12851/2651 2684/12852/2684
f 2728/12853/2728 2729/12854/2729 2683/12855/2683
f 2730/12856/2730 2728/12857/2728 2731/12858/2731
f 2688/12859/2688 2718/12860/2718 2685/12861/2685
f 2721/12862/2721 2732/12863/2732 2722/12864/2722
f 2651/12865/2651 2727/12866/2727 2699/12867/2699
f 2733/12868/2733 2631/12869/2631 2630/12870/2630
f 2734/12871/2734 2716/12872/2716 2715/12873/2715
f 2735/12874/2735 2635/12875/2635 2736/12876/2736
f 2698/12877/2698 2707/12878/2707 2646/12879/2646
f 2722/12880/2722 2732/12881/2732 2737/12882/2737
f 2697/12883/2697 2699/12884/2699 2727/12885/2727
f 2738/12886/2738 2739/12887/2739 2740/12888/2740
f 2740/12889/2740 2741/12890/2741 2738/12891/2738
f 2654/12892/2654 2742/12893/2742 2743/12894/2743
f 2665/12895/2665 2744/12896/2744 2650/12897/2650
f 2739/12898/2739 2745/12899/2745 2740/12900/2740
f 2746/12901/2746 2728/12902/2728 2683/12903/2683
f 2735/12904/2735 2747/12905/2747 2748/12906/2748
f 2699/12907/2699 2646/12908/2646 2648/12909/2648
f 2704/12910/2704 2690/12911/2690 2627/12912/2627
f 2738/12913/2738 2741/12914/2741 2749/12915/2749
f 2665/12916/2665 2648/12917/2648 2689/12918/2689
f 2647/12919/2647 2707/12920/2707 2750/12921/2750
f 2751/12922/2751 2689/12923/2689 2647/12924/2647
f 2528/12925/2528 2752/12926/2752 2506/12927/2506
f 2750/12928/2750 2751/12929/2751 2647/12930/2647
f 2753/12931/2753 2754/12932/2754 2531/12933/2531
f 2706/12934/2706 2710/12935/2710 2689/12936/2689
f 2689/12937/2689 2751/12938/2751 2705/12939/2705
f 2552/12940/2552 2755/12941/2755 2573/12942/2573
f 2749/12943/2749 2741/12944/2741 2756/12945/2756
f 2757/12946/2757 2758/12947/2758 2759/12948/2759
f 2760/12949/2760 2761/12950/2761 2762/12951/2762
f 2763/12952/2763 2764/12953/2764 2765/12954/2765
f 2766/12955/2766 2502/12956/2502 2504/12957/2504
f 2767/12958/2767 2722/12959/2722 2768/12960/2768
f 2769/12961/2769 2770/12962/2770 2771/12963/2771
f 2771/12964/2771 2772/12965/2772 2773/12966/2773
f 2774/12967/2774 2775/12968/2775 2776/12969/2776
f 2758/12970/2758 2774/12971/2774 2759/12972/2759
f 2777/12973/2777 2778/12974/2778 2779/12975/2779
f 2762/12976/2762 2761/12977/2761 2780/12978/2780
f 2757/12979/2757 2759/12980/2759 2781/12981/2781
f 2782/12982/2782 2759/12983/2759 2774/12984/2774
f 2783/12985/2783 2705/12986/2705 2751/12987/2751
f 2761/12988/2761 2767/12989/2767 2780/12990/2780
f 2784/12991/2784 2757/12992/2757 2781/12993/2781
f 2759/12994/2759 2785/12995/2785 2781/12996/2781
f 2786/12997/2786 2787/12998/2787 2779/12999/2779
f 2759/13000/2759 2782/13001/2782 2788/13002/2788
f 2789/13003/2789 2787/13004/2787 2768/13005/2768
f 2786/13006/2786 2767/13007/2767 2768/13008/2768
f 2784/13009/2784 2723/13010/2723 2757/13011/2757
f 2723/13012/2723 2758/13013/2758 2757/13014/2757
f 2775/13015/2775 2761/13016/2761 2776/13017/2776
f 2767/13018/2767 2758/13019/2758 2723/13020/2723
f 2790/13021/2790 2723/13022/2723 2784/13023/2784
f 2788/13024/2788 2785/13025/2785 2759/13026/2759
f 2774/13027/2774 2758/13028/2758 2775/13029/2775
f 2723/13030/2723 2722/13031/2722 2767/13032/2767
f 2775/13033/2775 2767/13034/2767 2761/13035/2761
f 2758/13036/2758 2767/13037/2767 2775/13038/2775
f 2573/13039/2573 2755/13040/2755 2791/13041/2791
f 2767/13042/2767 2786/13043/2786 2780/13044/2780
f 2791/13045/2791 2504/13046/2504 2573/13047/2573
f 2768/13048/2768 2722/13049/2722 2789/13050/2789
f 2789/13051/2789 2792/13052/2792 2787/13053/2787
f 2786/13054/2786 2768/13055/2768 2787/13056/2787
f 2780/13057/2780 2786/13058/2786 2778/13059/2778
f 2792/13060/2792 2793/13061/2793 2787/13062/2787
f 2762/13063/2762 2780/13064/2780 2769/13065/2769
f 2769/13066/2769 2780/13067/2780 2778/13068/2778
f 2794/13069/2794 2764/13070/2764 2772/13071/2772
f 2762/13072/2762 2771/13073/2771 2773/13074/2773
f 2771/13075/2771 2762/13076/2762 2769/13077/2769
f 2778/13078/2778 2786/13079/2786 2779/13080/2779
f 2779/13081/2779 2787/13082/2787 2793/13083/2793
f 2778/13084/2778 2795/13085/2795 2769/13086/2769
f 2796/13087/2796 2773/13088/2773 2772/13089/2772
f 2770/13090/2770 2769/13091/2769 2795/13092/2795
f 2772/13093/2772 2764/13094/2764 2796/13095/2796
f 2794/13096/2794 2772/13097/2772 2797/13098/2797
f 2764/13099/2764 2794/13100/2794 2765/13101/2765
f 2765/13102/2765 2798/13103/2798 2763/13104/2763
f 2765/13105/2765 2794/13106/2794 2798/13107/2798
f 2799/13108/2799 2766/13109/2766 2791/13110/2791
f 2800/13111/2800 2766/13112/2766 2801/13113/2801
f 2791/13114/2791 2802/13115/2802 2803/13116/2803
f 2791/13117/2791 2766/13118/2766 2504/13119/2504
f 2804/13120/2804 2805/13121/2805 2806/13122/2806
f 2807/13123/2807 2808/13124/2808 2806/13125/2806
f 2804/13126/2804 2809/13127/2809 2810/13128/2810
f 2811/13129/2811 2805/13130/2805 2804/13131/2804
f 2812/13132/2812 2801/13133/2801 2813/13134/2813
f 2805/13135/2805 2811/13136/2811 2800/13137/2800
f 2804/13138/2804 2814/13139/2814 2809/13140/2809
f 2815/13141/2815 2806/13142/2806 2805/13143/2805
f 2801/13144/2801 2812/13145/2812 2815/13146/2815
f 2800/13147/2800 2801/13148/2801 2815/13149/2815
f 2801/13150/2801 2799/13151/2799 2813/13152/2813
f 2814/13153/2814 2804/13154/2804 2806/13155/2806
f 2800/13156/2800 2815/13157/2815 2805/13158/2805
f 2807/13159/2807 2815/13160/2815 2812/13161/2812
f 2815/13162/2815 2807/13163/2807 2806/13164/2806
f 2766/13165/2766 2799/13166/2799 2801/13167/2801
f 2791/13168/2791 2803/13169/2803 2799/13170/2799
f 2813/13171/2813 2799/13172/2799 2803/13173/2803
f 2813/13174/2813 2803/13175/2803 2802/13176/2802
f 2808/13177/2808 2712/13178/2712 2806/13179/2806
f 2816/13180/2816 2766/13181/2766 2800/13182/2800
f 2791/13183/2791 2755/13184/2755 2802/13185/2802
f 2817/13186/2817 2810/13187/2810 2809/13188/2809
f 2806/13189/2806 2712/13190/2712 2814/13191/2814
f 2818/13192/2818 2819/13193/2819 2820/13194/2820
f 2821/13195/2821 2754/13196/2754 2822/13197/2822
f 2823/13198/2823 2819/13199/2819 2818/13200/2818
f 2824/13201/2824 2825/13202/2825 2826/13203/2826
f 2827/13204/2827 2828/13205/2828 2829/13206/2829
f 2830/13207/2830 2823/13208/2823 2818/13209/2818
f 2826/13210/2826 2831/13211/2831 2824/13212/2824
f 2831/13213/2831 2773/13214/2773 2824/13215/2824
f 2825/13216/2825 2832/13217/2832 2833/13218/2833
f 2834/13219/2834 2835/13220/2835 2836/13221/2836
f 2762/13222/2762 2773/13223/2773 2831/13224/2831
f 2837/13225/2837 2818/13226/2818 2820/13227/2820
f 2654/13228/2654 2838/13229/2838 2652/13230/2652
f 2839/13231/2839 2840/13232/2840 2841/13233/2841
f 2788/13234/2788 2835/13235/2835 2842/13236/2842
f 2833/13237/2833 2763/13238/2763 2829/13239/2829
f 2776/13240/2776 2843/13241/2843 2844/13242/2844
f 2845/13243/2845 2846/13244/2846 2847/13245/2847
f 2764/13246/2764 2832/13247/2832 2824/13248/2824
f 2848/13249/2848 2827/13250/2827 2763/13251/2763
f 2848/13252/2848 2849/13253/2849 2850/13254/2850
f 2825/13255/2825 2851/13256/2851 2852/13257/2852
f 2763/13258/2763 2833/13259/2833 2832/13260/2832
f 2827/13261/2827 2829/13262/2829 2763/13263/2763
f 2831/13264/2831 2826/13265/2826 2760/13266/2760
f 2825/13267/2825 2833/13268/2833 2851/13269/2851
f 2834/13270/2834 2836/13271/2836 2853/13272/2853
f 2825/13273/2825 2852/13274/2852 2854/13275/2854
f 2842/13276/2842 2835/13277/2835 2834/13278/2834
f 2847/13279/2847 2855/13280/2855 2845/13281/2845
f 2638/13282/2638 2621/13283/2621 2856/13284/2856
f 2857/13285/2857 2858/13286/2858 2859/13287/2859
f 2851/13288/2851 2860/13289/2860 2852/13290/2852
f 2844/13291/2844 2861/13292/2861 2776/13293/2776
f 2826/13294/2826 2854/13295/2854 2843/13296/2843
f 2857/13297/2857 2860/13298/2860 2858/13299/2858
f 2763/13300/2763 2862/13301/2862 2848/13302/2848
f 2863/13303/2863 2864/13304/2864 2861/13305/2861
f 2763/13306/2763 2832/13307/2832 2764/13308/2764
f 2826/13309/2826 2843/13310/2843 2760/13311/2760
f 2776/13312/2776 2861/13313/2861 2774/13314/2774
f 2865/13315/2865 2823/13316/2823 2866/13317/2866
f 2851/13318/2851 2833/13319/2833 2855/13320/2855
f 2844/13321/2844 2867/13322/2867 2839/13323/2839
f 2852/13324/2852 2860/13325/2860 2840/13326/2840
f 2845/13327/2845 2833/13328/2833 2829/13329/2829
f 2849/13330/2849 2856/13331/2856 2621/13332/2621
f 2859/13333/2859 2502/13334/2502 2857/13335/2857
f 2742/13336/2742 2654/13337/2654 2653/13338/2653
f 2855/13339/2855 2833/13340/2833 2845/13341/2845
f 2858/13342/2858 2860/13343/2860 2851/13344/2851
f 2868/13345/2868 2869/13346/2869 2830/13347/2830
f 2870/13348/2870 2871/13349/2871 2872/13350/2872
f 2823/13351/2823 2869/13352/2869 2866/13353/2866
f 2855/13354/2855 2859/13355/2859 2858/13356/2858
f 2869/13357/2869 2823/13358/2823 2830/13359/2830
f 2718/13360/2718 2873/13361/2873 2874/13362/2874
f 2874/13363/2874 2685/13364/2685 2718/13365/2718
f 2843/13366/2843 2854/13367/2854 2844/13368/2844
f 2685/13369/2685 2874/13370/2874 2713/13371/2713
f 2850/13372/2850 2827/13373/2827 2848/13374/2848
f 2845/13375/2845 2829/13376/2829 2828/13377/2828
f 2760/13378/2760 2762/13379/2762 2831/13380/2831
f 2839/13381/2839 2863/13382/2863 2861/13383/2861
f 2854/13384/2854 2867/13385/2867 2844/13386/2844
f 2782/13387/2782 2861/13388/2861 2864/13389/2864
f 2825/13390/2825 2854/13391/2854 2826/13392/2826
f 2717/13393/2717 2822/13394/2822 2715/13395/2715
f 2875/13396/2875 2876/13397/2876 2877/13398/2877
f 2824/13399/2824 2773/13400/2773 2796/13401/2796
f 2729/13402/2729 2730/13403/2730 2878/13404/2878
f 2843/13405/2843 2761/13406/2761 2760/13407/2760
f 2879/13408/2879 2880/13409/2880 2881/13410/2881
f 2852/13411/2852 2867/13412/2867 2854/13413/2854
f 2843/13414/2843 2776/13415/2776 2761/13416/2761
f 2832/13417/2832 2825/13418/2825 2824/13419/2824
f 2882/13420/2882 2879/13421/2879 2883/13422/2883
f 2828/13423/2828 2884/13424/2884 2845/13425/2845
f 2856/13426/2856 2862/13427/2862 2885/13428/2885
f 2862/13429/2862 2849/13430/2849 2848/13431/2848
f 2862/13432/2862 2856/13433/2856 2849/13434/2849
f 2881/13435/2881 2886/13436/2886 2879/13437/2879
f 2887/13438/2887 2883/13439/2883 2888/13440/2888
f 2840/13441/2840 2867/13442/2867 2852/13443/2852
f 2863/13444/2863 2839/13445/2839 2889/13446/2889
f 2503/13447/2503 2847/13448/2847 2846/13449/2846
f 2827/13450/2827 2850/13451/2850 2828/13452/2828
f 2788/13453/2788 2782/13454/2782 2835/13455/2835
f 2883/13456/2883 2887/13457/2887 2882/13458/2882
f 2890/13459/2890 2840/13460/2840 2860/13461/2860
f 2860/13462/2860 2857/13463/2857 2890/13464/2890
f 2891/13465/2891 2892/13466/2892 2893/13467/2893
f 2867/13468/2867 2840/13469/2840 2839/13470/2839
f 2849/13471/2849 2894/13472/2894 2850/13473/2850
f 2850/13474/2850 2894/13475/2894 2828/13476/2828
f 2847/13477/2847 2859/13478/2859 2855/13479/2855
f 2895/13480/2895 2896/13481/2896 2753/13482/2753
f 2845/13483/2845 2884/13484/2884 2846/13485/2846
f 2897/13486/2897 2898/13487/2898 2899/13488/2899
f 2887/13489/2887 2900/13490/2900 2901/13491/2901
f 2902/13492/2902 2903/13493/2903 2877/13494/2877
f 2904/13495/2904 2872/13496/2872 2905/13497/2905
f 2670/13498/2670 2906/13499/2906 2671/13500/2671
f 2846/13501/2846 2907/13502/2907 2503/13503/2503
f 2729/13504/2729 2908/13505/2908 2909/13506/2909
f 2836/13507/2836 2889/13508/2889 2853/13509/2853
f 2844/13510/2844 2839/13511/2839 2861/13512/2861
f 2890/13513/2890 2910/13514/2910 2841/13515/2841
f 2890/13516/2890 2857/13517/2857 2910/13518/2910
f 2894/13519/2894 2849/13520/2849 2621/13521/2621
f 2841/13522/2841 2840/13523/2840 2890/13524/2890
f 2841/13525/2841 2889/13526/2889 2839/13527/2839
f 2910/13528/2910 2857/13529/2857 2816/13530/2816
f 2911/13531/2911 2908/13532/2908 2729/13533/2729
f 2884/13534/2884 2907/13535/2907 2846/13536/2846
f 2894/13537/2894 2621/13538/2621 2673/13539/2673
f 2638/13540/2638 2856/13541/2856 2885/13542/2885
f 2912/13543/2912 2887/13544/2887 2888/13545/2888
f 2502/13546/2502 2816/13547/2816 2857/13548/2857
f 2913/13549/2913 2530/13550/2530 2911/13551/2911
f 2847/13552/2847 2503/13553/2503 2502/13554/2502
f 2907/13555/2907 2884/13556/2884 2828/13557/2828
f 2914/13558/2914 2915/13559/2915 2888/13560/2888
f 2859/13561/2859 2847/13562/2847 2502/13563/2502
f 2885/13564/2885 2637/13565/2637 2638/13566/2638
f 2894/13567/2894 2907/13568/2907 2828/13569/2828
f 2782/13570/2782 2774/13571/2774 2861/13572/2861
f 2882/13573/2882 2901/13574/2901 2880/13575/2880
f 2894/13576/2894 2673/13577/2673 2907/13578/2907
f 2837/13579/2837 2830/13580/2830 2818/13581/2818
f 2889/13582/2889 2841/13583/2841 2853/13584/2853
f 2502/13585/2502 2766/13586/2766 2816/13587/2816
f 2638/13588/2638 2509/13589/2509 2621/13590/2621
f 2889/13591/2889 2836/13592/2836 2863/13593/2863
f 2835/13594/2835 2782/13595/2782 2864/13596/2864
f 2863/13597/2863 2836/13598/2836 2864/13599/2864
f 2555/13600/2555 2916/13601/2916 2612/13602/2612
f 2835/13603/2835 2864/13604/2864 2836/13605/2836
f 2824/13606/2824 2796/13607/2796 2764/13608/2764
f 2858/13609/2858 2851/13610/2851 2855/13611/2855
f 2887/13612/2887 2912/13613/2912 2900/13614/2900
f 2917/13615/2917 2918/13616/2918 2897/13617/2897
f 2919/13618/2919 2920/13619/2920 2587/13620/2587
f 2901/13621/2901 2882/13622/2882 2887/13623/2887
f 2912/13624/2912 2888/13625/2888 2915/13626/2915
f 2915/13627/2915 2921/13628/2921 2922/13629/2922
f 2923/13630/2923 2924/13631/2924 2925/13632/2925
f 2900/13633/2900 2926/13634/2926 2927/13635/2927
f 2928/13636/2928 2929/13637/2929 2930/13638/2930
f 2922/13639/2922 2931/13640/2931 2900/13641/2900
f 2932/13642/2932 2802/13643/2802 2933/13644/2933
f 2912/13645/2912 2915/13646/2915 2922/13647/2922
f 2922/13648/2922 2900/13649/2900 2912/13650/2912
f 2932/13651/2932 2934/13652/2934 2802/13653/2802
f 2900/13654/2900 2927/13655/2927 2901/13656/2901
f 2530/13657/2530 2908/13658/2908 2911/13659/2911
f 2935/13660/2935 2936/13661/2936 2783/13662/2783
f 2914/13663/2914 2937/13664/2937 2915/13665/2915
f 2931/13666/2931 2922/13667/2922 2938/13668/2938
f 2939/13669/2939 2940/13670/2940 2705/13671/2705
f 2938/13672/2938 2922/13673/2922 2941/13674/2941
f 2931/13675/2931 2926/13676/2926 2900/13677/2900
f 2915/13678/2915 2937/13679/2937 2921/13680/2921
f 2921/13681/2921 2941/13682/2941 2922/13683/2922
f 2923/13684/2923 2929/13685/2929 2924/13686/2924
f 2882/13687/2882 2880/13688/2880 2879/13689/2879
f 2942/13690/2942 2943/13691/2943 2944/13692/2944
f 2932/13693/2932 2945/13694/2945 2934/13695/2934
f 2928/13696/2928 2946/13697/2946 2945/13698/2945
f 2945/13699/2945 2932/13700/2932 2928/13701/2928
f 2813/13702/2813 2802/13703/2802 2934/13704/2934
f 2932/13705/2932 2947/13706/2947 2924/13707/2924
f 2948/13708/2948 2813/13709/2813 2934/13710/2934
f 2838/13711/2838 2654/13712/2654 2949/13713/2949
f 2950/13714/2950 2930/13715/2930 2923/13716/2923
f 2553/13717/2553 2586/13718/2586 2951/13719/2951
f 2924/13720/2924 2952/13721/2952 2925/13722/2925
f 2948/13723/2948 2934/13724/2934 2945/13725/2945
f 2953/13726/2953 2954/13727/2954 2946/13728/2946
f 2955/13729/2955 2720/13730/2720 2705/13731/2705
f 2936/13732/2936 2944/13733/2944 2956/13734/2956
f 2955/13735/2955 2705/13736/2705 2940/13737/2940
f 2616/13738/2616 2957/13739/2957 2958/13740/2958
f 2755/13741/2755 2933/13742/2933 2802/13743/2802
f 2957/13744/2957 2959/13745/2959 2960/13746/2960
f 2642/13747/2642 2641/13748/2641 2961/13749/2961
f 2932/13750/2932 2929/13751/2929 2928/13752/2928
f 2930/13753/2930 2929/13754/2929 2923/13755/2923
f 2951/13756/2951 2552/13757/2552 2553/13758/2553
f 2962/13759/2962 2963/13760/2963 2964/13761/2964
f 2862/13762/2862 2798/13763/2798 2965/13764/2965
f 2616/13765/2616 2958/13766/2958 2617/13767/2617
f 2933/13768/2933 2947/13769/2947 2932/13770/2932
f 2966/13771/2966 2946/13772/2946 2954/13773/2954
f 2933/13774/2933 2552/13775/2552 2951/13776/2951
f 2933/13777/2933 2951/13778/2951 2967/13779/2967
f 2967/13780/2967 2951/13781/2951 2586/13782/2586
f 2967/13783/2967 2586/13784/2586 2968/13785/2968
f 2948/13786/2948 2812/13787/2812 2813/13788/2813
f 2588/13789/2588 2969/13790/2969 2970/13791/2970
f 2971/13792/2971 2617/13793/2617 2972/13794/2972
f 2966/13795/2966 2808/13796/2808 2807/13797/2807
f 2933/13798/2933 2755/13799/2755 2552/13800/2552
f 2968/13801/2968 2973/13802/2973 2967/13803/2967
f 2974/13804/2974 2961/13805/2961 2975/13806/2975
f 2958/13807/2958 2960/13808/2960 2950/13809/2950
f 2947/13810/2947 2952/13811/2952 2924/13812/2924
f 2952/13813/2952 2947/13814/2947 2967/13815/2967
f 2812/13816/2812 2948/13817/2948 2807/13818/2807
f 2976/13819/2976 2943/13820/2943 2942/13821/2942
f 2977/13822/2977 2966/13823/2966 2954/13824/2954
f 2978/13825/2978 2946/13826/2946 2928/13827/2928
f 2972/13828/2972 2925/13829/2925 2971/13830/2971
f 2923/13831/2923 2972/13832/2972 2950/13833/2950
f 2972/13834/2972 2923/13835/2923 2925/13836/2925
f 2903/13837/2903 2902/13838/2902 2753/13839/2753
f 2956/13840/2956 2979/13841/2979 2936/13842/2936
f 2973/13843/2973 2952/13844/2952 2967/13845/2967
f 2945/13846/2945 2946/13847/2946 2948/13848/2948
f 2948/13849/2948 2966/13850/2966 2807/13851/2807
f 2967/13852/2967 2947/13853/2947 2933/13854/2933
f 2617/13855/2617 2958/13856/2958 2950/13857/2950
f 2959/13858/2959 2946/13859/2946 2978/13860/2978
f 2966/13861/2966 2948/13862/2948 2946/13863/2946
f 2928/13864/2928 2930/13865/2930 2978/13866/2978
f 2973/13867/2973 2980/13868/2980 2952/13869/2952
f 2981/13870/2981 2925/13871/2925 2952/13872/2952
f 2929/13873/2929 2932/13874/2932 2924/13875/2924
f 2953/13876/2953 2946/13877/2946 2959/13878/2959
f 2965/13879/2965 2982/13880/2982 2975/13881/2975
f 2978/13882/2978 2930/13883/2930 2960/13884/2960
f 2950/13885/2950 2960/13886/2960 2930/13887/2930
f 2980/13888/2980 2981/13889/2981 2952/13890/2952
f 2808/13891/2808 2966/13892/2966 2977/13893/2977
f 2978/13894/2978 2960/13895/2960 2959/13896/2959
f 2983/13897/2983 2984/13898/2984 2981/13899/2981
f 2950/13900/2950 2972/13901/2972 2617/13902/2617
f 2925/13903/2925 2981/13904/2981 2971/13905/2971
f 2981/13906/2981 2984/13907/2984 2971/13908/2971
f 2983/13909/2983 2985/13910/2985 2984/13911/2984
f 2974/13912/2974 2975/13913/2975 2726/13914/2726
f 2822/13915/2822 2754/13916/2754 2715/13917/2715
f 2986/13918/2986 2983/13919/2983 2981/13920/2981
f 2958/13921/2958 2957/13922/2957 2960/13923/2960
f 2971/13924/2971 2984/13925/2984 2987/13926/2987
f 2974/13927/2974 2714/13928/2714 2642/13929/2642
f 2988/13930/2988 2920/13931/2920 2989/13932/2989
f 2557/13933/2557 2916/13934/2916 2555/13935/2555
f 2963/13936/2963 2990/13937/2990 2991/13938/2991
f 2992/13939/2992 2714/13940/2714 2974/13941/2974
f 2726/13942/2726 2725/13943/2725 2974/13944/2974
f 2821/13945/2821 2532/13946/2532 2531/13947/2531
f 2920/13948/2920 2588/13949/2588 2587/13950/2587
f 2892/13951/2892 2670/13952/2670 2893/13953/2893
f 2993/13954/2993 2727/13955/2727 2684/13956/2684
f 2994/13957/2994 2995/13958/2995 2996/13959/2996
f 2997/13960/2997 2998/13961/2998 2999/13962/2999
f 3000/13963/3000 3001/13964/3001 3002/13965/3002
f 3003/13966/3003 3004/13967/3004 2985/13968/2985
f 3005/13969/3005 2656/13970/2656 3006/13971/3006
f 3007/13972/3007 3008/13973/3008 3009/13974/3009
f 3010/13975/3010 3011/13976/3011 2994/13977/2994
f 3012/13978/3012 3013/13979/3013 2997/13980/2997
f 3014/13981/3014 2993/13982/2993 3015/13983/3015
f 3006/13984/3006 3016/13985/3016 3005/13986/3005
f 2975/13987/2975 2982/13988/2982 3017/13989/3017
f 3002/13990/3002 3018/13991/3018 3000/13992/3000
f 3019/13993/3019 2993/13994/2993 2684/13995/2684
f 3020/13996/3020 3002/13997/3002 3009/13998/3009
f 3021/13999/3021 3022/14000/3022 3011/14001/3011
f 3013/14002/3013 3012/14003/3012 2666/14004/2666
f 2666/14005/2666 3012/14006/3012 3023/14007/3023
f 3000/14008/3000 3018/14009/3018 3024/14010/3024
f 3025/14011/3025 3026/14012/3026 3006/14013/3006
f 2997/14014/2997 3000/14015/3000 3024/14016/3024
f 2666/14017/2666 2694/14018/2694 3027/14019/3027
f 2629/14020/2629 2666/14021/2666 3023/14022/3023
f 2641/14023/2641 3028/14024/3028 2961/14025/2961
f 3029/14026/3029 2998/14027/2998 3030/14028/3030
f 3031/14029/3031 3032/14030/3032 3002/14031/3002
f 2998/14032/2998 2997/14033/2997 3013/14034/3013
f 3033/14035/3033 3003/14036/3003 3034/14037/3034
f 2862/14038/2862 2763/14039/2763 2798/14040/2798
f 3013/14041/3013 2666/14042/2666 3035/14043/3035
f 3010/14044/3010 3036/14045/3036 3011/14046/3011
f 3010/14047/3010 2731/14048/2731 2728/14049/2728
f 2629/14050/2629 3023/14051/3023 3037/14052/3037
f 3019/14053/3019 3015/14054/3015 2993/14055/2993
f 3013/14056/3013 3035/14057/3035 2998/14058/2998
f 3014/14059/3014 3038/14060/3038 2993/14061/2993
f 2999/14062/2999 3001/14063/3001 3000/14064/3000
f 2999/14065/2999 3000/14066/3000 2997/14067/2997
f 3039/14068/3039 3040/14069/3040 3041/14070/3041
f 2532/14071/2532 2821/14072/2821 3042/14073/3042
f 3043/14074/3043 3015/14075/3015 3019/14076/3019
f 2862/14077/2862 3028/14078/3028 2885/14079/2885
f 3012/14080/3012 3037/14081/3037 3023/14082/3023
f 2613/14083/2613 3044/14084/3044 2746/14085/2746
f 2734/14086/2734 3045/14087/3045 2919/14088/2919
f 3004/14089/3004 3046/14090/3046 2987/14091/2987
f 2999/14092/2999 3047/14093/3047 3001/14094/3001
f 3029/14095/3029 3033/14096/3033 3047/14097/3047
f 3003/14098/3003 3048/14099/3048 3034/14100/3034
f 3002/14101/3002 3001/14102/3001 3009/14103/3009
f 2657/14104/2657 3027/14105/3027 2694/14106/2694
f 3035/14107/3035 3027/14108/3027 3016/14109/3016
f 3018/14110/3018 3012/14111/3012 3024/14112/3024
f 3039/14113/3039 3041/14114/3041 3049/14115/3049
f 3050/14116/3050 3051/14117/3051 3052/14118/3052
f 3033/14119/3033 3034/14120/3034 3047/14121/3047
f 3008/14122/3008 3020/14123/3020 3009/14124/3009
f 3053/14125/3053 3054/14126/3054 2652/14127/2652
f 3055/14128/3055 3046/14129/3046 3036/14130/3036
f 2531/14131/2531 2530/14132/2530 2895/14133/2895
f 3047/14134/3047 2999/14135/2999 3029/14136/3029
f 3056/14137/3056 3030/14138/3030 3035/14139/3035
f 3027/14140/3027 2657/14141/2657 3005/14142/3005
f 2994/14143/2994 2731/14144/2731 3010/14145/3010
f 2629/14146/2629 3019/14147/3019 2684/14148/2684
f 3057/14149/3057 3022/14150/3022 3058/14151/3058
f 2746/14152/2746 3036/14153/3036 3010/14154/3010
f 3021/14155/3021 3011/14156/3011 3036/14157/3036
f 3016/14158/3016 3059/14159/3059 3039/14160/3039
f 3050/14161/3050 3058/14162/3058 3060/14163/3060
f 3039/14164/3039 3049/14165/3049 3056/14166/3056
f 3027/14167/3027 3005/14168/3005 3016/14169/3016
f 3003/14170/3003 2985/14171/2985 3048/14172/3048
f 3004/14173/3004 3003/14174/3003 3061/14175/3061
f 3042/14176/3042 2908/14177/2908 2532/14178/2532
f 3038/14179/3038 2727/14180/2727 2993/14181/2993
f 2656/14182/2656 3005/14183/3005 2657/14184/2657
f 3031/14185/3031 3002/14186/3002 3020/14187/3020
f 3034/14188/3034 3007/14189/3007 3047/14190/3047
f 3047/14191/3047 3007/14192/3007 3009/14193/3009
f 3036/14194/3036 3044/14195/3044 3055/14196/3055
f 3032/14197/3032 3015/14198/3015 3043/14199/3043
f 3012/14200/3012 2997/14201/2997 3024/14202/3024
f 3035/14203/3035 2666/14204/2666 3027/14205/3027
f 2998/14206/2998 3029/14207/3029 2999/14208/2999
f 3016/14209/3016 3039/14210/3039 3056/14211/3056
f 2629/14212/2629 3037/14213/3037 3019/14214/3019
f 3039/14215/3039 3059/14216/3059 3040/14217/3040
f 3043/14218/3043 3019/14219/3019 3037/14220/3037
f 3033/14221/3033 3041/14222/3041 3051/14223/3051
f 3030/14224/3030 3056/14225/3056 3049/14226/3049
f 2979/14227/2979 3062/14228/3062 2939/14229/2939
f 3016/14230/3016 3006/14231/3006 3059/14232/3059
f 2822/14233/2822 3042/14234/3042 2821/14235/2821
f 3021/14236/3021 3036/14237/3036 3061/14238/3061
f 3041/14239/3041 3052/14240/3052 3051/14241/3051
f 2965/14242/2965 3063/14243/3063 2982/14244/2982
f 3032/14245/3032 3018/14246/3018 3002/14247/3002
f 3012/14248/3012 3043/14249/3043 3037/14250/3037
f 3003/14251/3003 3033/14252/3033 3051/14253/3051
f 2902/14254/2902 2989/14255/2989 2753/14256/2753
f 2936/14257/2936 2942/14258/2942 2944/14259/2944
f 3028/14260/3028 2862/14261/2862 2965/14262/2965
f 2982/14263/2982 3063/14264/3063 3064/14265/3064
f 3018/14266/3018 3043/14267/3043 3012/14268/3012
f 2961/14269/2961 2974/14270/2974 2642/14271/2642
f 3062/14272/3062 2940/14273/2940 2939/14274/2939
f 2939/14275/2939 2936/14276/2936 2979/14277/2979
f 2939/14278/2939 2705/14279/2705 2783/14280/2783
f 2794/14281/2794 3064/14282/3064 3063/14283/3063
f 2783/14284/2783 2936/14285/2936 2939/14286/2939
f 3065/14287/3065 3040/14288/3040 3059/14289/3059
f 3026/14290/3026 3065/14291/3065 3006/14292/3006
f 3058/14293/3058 3022/14294/3022 3060/14295/3060
f 3065/14296/3065 3057/14297/3057 3040/14298/3040
f 2731/14299/2731 2994/14300/2994 2996/14301/2996
f 3066/14302/3066 3050/14303/3050 3052/14304/3052
f 2965/14305/2965 2798/14306/2798 3063/14307/3063
f 3036/14308/3036 3046/14309/3046 3061/14310/3061
f 3056/14311/3056 3035/14312/3035 3016/14313/3016
f 3051/14314/3051 3050/14315/3050 3061/14316/3061
f 2637/14317/2637 3028/14318/3028 2641/14319/2641
f 2798/14320/2798 2794/14321/2794 3063/14322/3063
f 2985/14323/2985 3004/14324/3004 2987/14325/2987
f 3042/14326/3042 3067/14327/3067 2908/14328/2908
f 2974/14329/2974 2725/14330/2725 2992/14331/2992
f 3028/14332/3028 2965/14333/2965 2975/14334/2975
f 2995/14335/2995 3011/14336/3011 3022/14337/3022
f 3022/14338/3022 3057/14339/3057 2995/14340/2995
f 3068/14341/3068 3069/14342/3069 3070/14343/3070
f 3071/14344/3071 3072/14345/3072 3073/14346/3073
f 3074/14347/3074 3068/14348/3068 3070/14349/3070
f 2961/14350/2961 3028/14351/3028 2975/14352/2975
f 3075/14353/3075 3072/14354/3072 3076/14355/3076
f 3076/14356/3076 3070/14357/3070 3069/14358/3069
f 3072/14359/3072 3075/14360/3075 3073/14361/3073
f 2885/14362/2885 3028/14363/3028 2637/14364/2637
f 3044/14365/3044 2613/14366/2613 3077/14367/3077
f 3078/14368/3078 3074/14369/3074 3070/14370/3070
f 2729/14371/2729 2728/14372/2728 2730/14373/2730
f 3072/14374/3072 3070/14375/3070 3076/14376/3076
f 3070/14377/3070 3072/14378/3072 3078/14379/3078
f 3073/14380/3073 3079/14381/3079 3080/14382/3080
f 3081/14383/3081 3082/14384/3082 3083/14385/3083
f 3073/14386/3073 3075/14387/3075 3079/14388/3079
f 3083/14389/3083 3084/14390/3084 3081/14391/3081
f 3072/14392/3072 3071/14393/3071 3078/14394/3078
f 3085/14395/3085 3073/14396/3073 3082/14397/3082
f 3071/14398/3071 3073/14399/3073 3085/14400/3085
f 2614/14401/2614 3067/14402/3067 2612/14403/2612
f 3083/14404/3083 3086/14405/3086 3087/14406/3087
f 3088/14407/3088 3089/14408/3089 3079/14409/3079
f 3088/14410/3088 3079/14411/3079 3075/14412/3075
f 3082/14413/3082 3073/14414/3073 3080/14415/3080
f 3071/14416/3071 3090/14417/3090 3078/14418/3078
f 3081/14419/3081 3091/14420/3091 3071/14421/3071
f 3083/14422/3083 3087/14423/3087 3084/14424/3084
f 3057/14425/3057 3065/14426/3065 3026/14427/3026
f 3085/14428/3085 3082/14429/3082 3081/14430/3081
f 3092/14431/3092 3079/14432/3079 3089/14433/3089
f 3081/14434/3081 3071/14435/3071 3085/14436/3085
f 3092/14437/3092 3082/14438/3082 3080/14439/3080
f 3021/14440/3021 3050/14441/3050 3060/14442/3060
f 3079/14443/3079 3092/14444/3092 3080/14445/3080
f 3071/14446/3071 3093/14447/3093 3090/14448/3090
f 3071/14449/3071 3091/14450/3091 3093/14451/3093
f 3092/14452/3092 3083/14453/3083 3082/14454/3082
f 3081/14455/3081 3084/14456/3084 3091/14457/3091
f 3066/14458/3066 3057/14459/3057 3058/14460/3058
f 3087/14461/3087 3091/14462/3091 3084/14463/3084
f 3091/14464/3091 3087/14465/3087 3094/14466/3094
f 3066/14467/3066 3058/14468/3058 3050/14469/3050
f 2984/14470/2984 2985/14471/2985 2987/14472/2987
f 2996/14473/2996 3095/14474/3095 2731/14475/2731
f 3025/14476/3025 3096/14477/3096 3026/14478/3026
f 3009/14479/3009 3001/14480/3001 3047/14481/3047
f 2971/14482/2971 2615/14483/2615 2617/14484/2617
f 3060/14485/3060 3022/14486/3022 3021/14487/3021
f 2908/14488/2908 2530/14489/2530 2532/14490/2532
f 3044/14491/3044 3036/14492/3036 2746/14493/2746
f 3029/14494/3029 3049/14495/3049 3033/14496/3033
f 2971/14497/2971 3055/14498/3055 3077/14499/3077
f 3049/14500/3049 3041/14501/3041 3033/14502/3033
f 3097/14503/3097 3098/14504/3098 3099/14505/3099
f 3030/14506/3030 3049/14507/3049 3029/14508/3029
f 2996/14509/2996 2995/14510/2995 3026/14511/3026
f 2875/14512/2875 3096/14513/3096 2876/14514/2876
f 3006/14515/3006 3065/14516/3065 3059/14517/3059
f 3100/14518/3100 3098/14519/3098 3101/14520/3101
f 3046/14521/3046 2971/14522/2971 2987/14523/2987
f 3061/14524/3061 3003/14525/3003 3051/14526/3051
f 2971/14527/2971 3046/14528/3046 3055/14529/3055
f 3041/14530/3041 3040/14531/3040 3052/14532/3052
f 3057/14533/3057 3066/14534/3066 3040/14535/3040
f 3040/14536/3040 3066/14537/3066 3052/14538/3052
f 3044/14539/3044 3077/14540/3077 3055/14541/3055
f 3026/14542/3026 3102/14543/3102 2996/14544/2996
f 2746/14545/2746 3010/14546/3010 2728/14547/2728
f 3030/14548/3030 2998/14549/2998 3035/14550/3035
f 3061/14551/3061 3050/14552/3050 3021/14553/3021
f 3077/14554/3077 2615/14555/2615 2971/14556/2971
f 2996/14557/2996 3102/14558/3102 3095/14559/3095
f 2994/14560/2994 3011/14561/3011 2995/14562/2995
f 3098/14563/3098 3103/14564/3103 3101/14565/3101
f 2615/14566/2615 3077/14567/3077 2613/14568/2613
f 2995/14569/2995 3057/14570/3057 3026/14571/3026
f 3026/14572/3026 3096/14573/3096 3102/14574/3102
f 3098/14575/3098 3100/14576/3100 3099/14577/3099
f 2870/14578/2870 2904/14579/2904 2743/14580/2743
f 2742/14581/2742 3104/14582/3104 2743/14583/2743
f 2949/14584/2949 2654/14585/2654 2743/14586/2743
f 3105/14587/3105 2875/14588/2875 2903/14589/2903
f 3043/14590/3043 3018/14591/3018 3032/14592/3032
f 3046/14593/3046 3004/14594/3004 3061/14595/3061
f 3096/14596/3096 2875/14597/2875 3102/14598/3102
f 3103/14599/3103 3098/14600/3098 3106/14601/3106
f 2531/14602/2531 2895/14603/2895 2753/14604/2753
f 2661/14605/2661 3107/14606/3107 2662/14607/2662
f 2730/14608/2730 2731/14609/2731 3095/14610/3095
f 2656/14611/2656 2655/14612/2655 2662/14613/2662
f 2742/14614/2742 2653/14615/2653 2565/14616/2565
f 2876/14617/2876 3107/14618/3107 3108/14619/3108
f 3107/14620/3107 2876/14621/2876 2662/14622/2662
f 3109/14623/3109 2877/14624/2877 3108/14625/3108
f 2896/14626/2896 2530/14627/2530 2913/14628/2913
f 2904/14629/2904 2918/14630/2918 2949/14631/2949
f 2743/14632/2743 2904/14633/2904 2949/14634/2949
f 3102/14635/3102 3105/14636/3105 3095/14637/3095
f 2899/14638/2899 2898/14639/2898 2671/14640/2671
f 2616/14641/2616 2612/14642/2612 2916/14643/2916
f 2877/14644/2877 3109/14645/3109 2902/14646/2902
f 2715/14647/2715 2754/14648/2754 3045/14649/3045
f 3025/14650/3025 2656/14651/2656 2662/14652/2662
f 2683/14653/2683 2729/14654/2729 2909/14655/2909
f 2899/14656/2899 3053/14657/3053 2897/14658/2897
f 2902/14659/2902 2988/14660/2988 2989/14661/2989
f 2920/14662/2920 2988/14663/2988 2969/14664/2969
f 2909/14665/2909 2908/14666/2908 3067/14667/3067
f 3110/14668/3110 2587/14669/2587 3111/14670/3111
f 3096/14671/3096 2662/14672/2662 2876/14673/2876
f 2897/14674/2897 2964/14675/2964 2898/14676/2898
f 3108/14677/3108 2877/14678/2877 2876/14679/2876
f 2988/14680/2988 2902/14681/2902 3109/14682/3109
f 2662/14683/2662 3096/14684/3096 3025/14685/3025
f 2656/14686/2656 3025/14687/3025 3006/14688/3006
f 2613/14689/2613 2746/14690/2746 2683/14691/2683
f 2909/14692/2909 2614/14693/2614 2683/14694/2683
f 3099/14695/3099 3112/14696/3112 3097/14697/3097
f 3113/14698/3113 3099/14699/3099 3100/14700/3100
f 3098/14701/3098 3097/14702/3097 3106/14703/3106
f 2905/14704/2905 2897/14705/2897 2918/14706/2918
f 2563/14707/2563 2653/14708/2653 2970/14709/2970
f 2790/14710/2790 2784/14711/2784 3114/14712/3114
f 3113/14713/3113 2790/14714/2790 3099/14715/3099
f 3100/14716/3100 3101/14717/3101 2732/14718/2732
f 2742/14719/2742 3115/14720/3115 3104/14721/3104
f 2897/14722/2897 2905/14723/2905 3116/14724/3116
f 3089/14725/3089 3088/14726/3088 3117/14727/3117
f 3118/14728/3118 3119/14729/3119 3120/14730/3120
f 3121/14731/3121 2711/14732/2711 3122/14733/3122
f 3123/14734/3123 3124/14735/3124 3125/14736/3125
f 3123/14737/3123 3126/14738/3126 3127/14739/3127
f 2587/14740/2587 3110/14741/3110 2734/14742/2734
f 2719/14743/2719 3128/14744/3128 3129/14745/3129
f 3120/14746/3120 3130/14747/3130 3131/14748/3131
f 3123/14749/3123 3127/14750/3127 3132/14751/3132
f 3133/14752/3133 3134/14753/3134 3119/14754/3119
f 3128/14755/3128 3135/14756/3135 3136/14757/3136
f 3124/14758/3124 3123/14759/3123 3132/14760/3132
f 2711/14761/2711 3121/14762/3121 2809/14763/2809
f 3137/14764/3137 2874/14765/2874 2873/14766/2873
f 3138/14767/3138 3139/14768/3139 3124/14769/3124
f 3089/14770/3089 3117/14771/3117 3140/14772/3140
f 3141/14773/3141 3142/14774/3142 3143/14775/3143
f 3131/14776/3131 3144/14777/3144 3120/14778/3120
f 2990/14779/2990 3135/14780/3135 2991/14781/2991
f 3125/14782/3125 3124/14783/3124 3139/14784/3139
f 3118/14785/3118 3145/14786/3145 3133/14787/3133
f 3146/14788/3146 3147/14789/3147 3068/14790/3068
f 3148/14791/3148 3123/14792/3123 3149/14793/3149
f 3119/14794/3119 3130/14795/3130 3120/14796/3120
f 3150/14797/3150 3069/14798/3069 3151/14799/3151
f 3141/14800/3141 3149/14801/3149 3142/14802/3142
f 3150/14803/3150 3151/14804/3151 3124/14805/3124
f 3134/14806/3134 3152/14807/3152 3139/14808/3139
f 3153/14809/3153 3119/14810/3119 3138/14811/3138
f 2589/14812/2589 2670/14813/2670 2892/14814/2892
f 3145/14815/3145 2957/14816/2957 3154/14817/3154
f 3155/14818/3155 3152/14819/3152 3136/14820/3136
f 3088/14821/3088 3075/14822/3075 3156/14823/3156
f 3157/14824/3157 3151/14825/3151 3069/14826/3069
f 3129/14827/3129 3133/14828/3133 3154/14829/3154
f 3146/14830/3146 3158/14831/3158 3157/14832/3157
f 2716/14833/2716 3111/14834/3111 2891/14835/2891
f 2790/14836/2790 3114/14837/3114 3112/14838/3112
f 3136/14839/3136 3129/14840/3129 3128/14841/3128
f 3112/14842/3112 3106/14843/3106 3097/14844/3097
f 3134/14845/3134 3133/14846/3133 3152/14847/3152
f 2822/14848/2822 2555/14849/2555 3042/14850/3042
f 3150/14851/3150 3124/14852/3124 3132/14853/3132
f 2873/14854/2873 2954/14855/2954 3137/14856/3137
f 3138/14857/3138 3119/14858/3119 3134/14859/3134
f 2962/14860/2962 2990/14861/2990 2963/14862/2963
f 3150/14863/3150 3075/14864/3075 3069/14865/3069
f 3131/14866/3131 3130/14867/3130 3158/14868/3158
f 3150/14869/3150 3132/14870/3132 3159/14871/3159
f 3157/14872/3157 3069/14873/3069 3147/14874/3147
f 3147/14875/3147 3146/14876/3146 3157/14877/3157
f 3133/14878/3133 3136/14879/3136 3152/14880/3152
f 3150/14881/3150 3159/14882/3159 3075/14883/3075
f 3118/14884/3118 3120/14885/3120 3144/14886/3144
f 3119/14887/3119 3118/14888/3118 3133/14889/3133
f 2963/14890/2963 2672/14891/2672 2671/14892/2671
f 2962/14893/2962 3160/14894/3160 3161/14895/3161
f 2814/14896/2814 2712/14897/2712 2711/14898/2711
f 3076/14899/3076 3069/14900/3069 3075/14901/3075
f 3130/14902/3130 3153/14903/3153 3157/14904/3157
f 3139/14905/3139 3152/14906/3152 3155/14907/3155
f 2790/14908/2790 3112/14909/3112 3099/14910/3099
f 3153/14911/3153 3138/14912/3138 3151/14913/3151
f 3159/14914/3159 3132/14915/3132 3127/14916/3127
f 2616/14917/2616 2916/14918/2916 3129/14919/3129
f 3158/14920/3158 3146/14921/3146 3162/14922/3162
f 3157/14923/3157 3158/14924/3158 3130/14925/3130
f 3145/14926/3145 3118/14927/3118 2959/14928/2959
f 3144/14929/3144 2959/14930/2959 3118/14931/3118
f 2903/14932/2903 2913/14933/2913 3105/14934/3105
f 3129/14935/3129 2957/14936/2957 2616/14937/2616
f 2878/14938/2878 2730/14939/2730 3095/14940/3095
f 2530/14941/2530 2896/14942/2896 2895/14943/2895
f 3156/14944/3156 3159/14945/3159 3127/14946/3127
f 3163/14947/3163 3156/14948/3156 3127/14949/3127
f 2732/14950/2732 2721/14951/2721 3100/14952/3100
f 2687/14953/2687 3122/14954/3122 2711/14955/2711
f 3117/14956/3117 3088/14957/3088 3156/14958/3156
f 3153/14959/3153 3151/14960/3151 3157/14961/3157
f 3123/14962/3123 3125/14963/3125 3164/14964/3164
f 2957/14965/2957 3145/14966/3145 2959/14967/2959
f 3155/14968/3155 3165/14969/3165 3164/14970/3164
f 3137/14971/3137 2954/14972/2954 2953/14973/2953
f 3129/14974/3129 3136/14975/3136 3133/14976/3133
f 3154/14977/3154 3133/14978/3133 3145/14979/3145
f 3163/14980/3163 3126/14981/3126 3141/14982/3141
f 2959/14983/2959 3144/14984/3144 2953/14985/2953
f 3144/14986/3144 3131/14987/3131 3137/14988/3137
f 3068/14989/3068 3147/14990/3147 3069/14991/3069
f 3166/14992/3166 2556/14993/2556 2717/14994/2717
f 2713/14995/2713 3158/14996/3158 3162/14997/3162
f 3167/14998/3167 3168/14999/3168 3169/15000/3169
f 3103/15001/3103 3106/15002/3106 3169/15003/3169
f 2713/15004/2713 3131/15005/3131 3158/15006/3158
f 3170/15007/3170 3171/15008/3171 3172/15009/3172
f 3173/15010/3173 3174/15011/3174 3175/15012/3175
f 3138/15013/3138 3134/15014/3134 3139/15015/3139
f 3173/15016/3173 3176/15017/3176 3177/15018/3177
f 3156/15019/3156 3075/15020/3075 3159/15021/3159
f 2747/15022/2747 3178/15023/3178 3179/15024/3179
f 3180/15025/3180 3181/15026/3181 3182/15027/3182
f 3183/15028/3183 3184/15029/3184 3185/15030/3185
f 3186/15031/3186 3187/15032/3187 3106/15033/3106
f 3123/15034/3123 3164/15035/3164 3149/15036/3149
f 3188/15037/3188 3181/15038/3181 3180/15039/3180
f 3168/15040/3168 3167/15041/3167 3189/15042/3189
f 2991/15043/2991 3135/15044/3135 3128/15045/3128
f 3190/15046/3190 3168/15047/3168 3191/15048/3191
f 2688/15049/2688 2687/15050/2687 2711/15051/2711
f 3192/15052/3192 3193/15053/3193 2938/15054/2938
f 3135/15055/3135 3155/15056/3155 3136/15057/3136
f 3194/15058/3194 3195/15059/3195 2881/15060/2881
f 2739/15061/2739 2738/15062/2738 3196/15063/3196
f 3165/15064/3165 3155/15065/3155 3135/15066/3135
f 3137/15067/3137 2953/15068/2953 3144/15069/3144
f 3131/15070/3131 2874/15071/2874 3137/15072/3137
f 3167/15073/3167 3169/15074/3169 3197/15075/3197
f 3198/15076/3198 3199/15077/3199 3179/15078/3179
f 3162/15079/3162 2686/15080/2686 2713/15081/2713
f 3130/15082/3130 3119/15083/3119 3153/15084/3153
f 3101/15085/3101 3190/15086/3190 3200/15087/3200
f 3139/15088/3139 3164/15089/3164 3125/15090/3125
f 2874/15091/2874 3131/15092/3131 2713/15093/2713
f 3196/15094/3196 3201/15095/3201 3202/15096/3202
f 3188/15097/3188 3203/15098/3203 3181/15099/3181
f 3204/15100/3204 3181/15101/3181 3185/15102/3185
f 3123/15103/3123 3148/15104/3148 3126/15105/3126
f 3167/15106/3167 3188/15107/3188 3189/15108/3189
f 3163/15109/3163 3127/15110/3127 3126/15111/3126
f 2938/15112/2938 3193/15113/3193 2931/15114/2931
f 3205/15115/3205 3206/15116/3206 3207/15117/3207
f 3208/15118/3208 3149/15119/3149 3164/15120/3164
f 3154/15121/3154 2957/15122/2957 3129/15123/3129
f 3156/15124/3156 3163/15125/3163 3117/15126/3117
f 3209/15127/3209 3163/15128/3163 3141/15129/3141
f 3172/15130/3172 3210/15131/3210 3211/15132/3211
f 3164/15133/3164 3165/15134/3165 3212/15135/3212
f 3141/15136/3141 3126/15137/3126 3148/15138/3148
f 2927/15139/2927 3169/15140/3169 3187/15141/3187
f 3197/15142/3197 3193/15143/3193 3213/15144/3213
f 3101/15145/3101 3103/15146/3103 3190/15147/3190
f 3211/15148/3211 3214/15149/3214 3176/15150/3176
f 3168/15151/3168 3188/15152/3188 3191/15153/3191
f 3215/15154/3215 3167/15155/3167 3213/15156/3213
f 3200/15157/3200 3190/15158/3190 2667/15159/2667
f 3216/15160/3216 3217/15161/3217 3206/15162/3206
f 3218/15163/3218 3219/15164/3219 3220/15165/3220
f 2962/15166/2962 3165/15167/3165 2990/15168/2990
f 3155/15169/3155 3164/15170/3164 3139/15171/3139
f 2926/15172/2926 3193/15173/3193 3197/15174/3197
f 2880/15175/2880 3187/15176/3187 3186/15177/3186
f 3135/15178/3135 2990/15179/2990 3165/15180/3165
f 3141/15181/3141 3148/15182/3148 3149/15183/3149
f 3221/15184/3221 2745/15185/2745 2739/15186/2739
f 3165/15187/3165 2962/15188/2962 3161/15189/3161
f 3208/15190/3208 3164/15191/3164 3212/15192/3212
f 3197/15193/3197 3169/15194/3169 2927/15195/2927
f 2557/15196/2557 2719/15197/2719 3129/15198/3129
f 3106/15199/3106 3187/15200/3187 3169/15201/3169
f 3138/15202/3138 3124/15203/3124 3151/15204/3151
f 3194/15205/3194 2880/15206/2880 3186/15207/3186
f 3185/15208/3185 3222/15209/3222 3183/15210/3183
f 3212/15211/3212 3165/15212/3165 3161/15213/3161
f 3117/15214/3117 3163/15215/3163 3209/15216/3209
f 2991/15217/2991 3128/15218/3128 2719/15219/2719
f 3129/15220/3129 2916/15221/2916 2557/15222/2557
f 3223/15223/3223 3224/15224/3224 2693/15225/2693
f 3187/15226/3187 2901/15227/2901 2927/15228/2927
f 2977/15229/2977 2954/15230/2954 2873/15231/2873
f 3168/15232/3168 3190/15233/3190 3103/15234/3103
f 2817/15235/2817 3121/15236/3121 3225/15237/3225
f 3195/15238/3195 3186/15239/3186 3112/15240/3112
f 3191/15241/3191 3188/15242/3188 3180/15243/3180
f 3208/15244/3208 3212/15245/3212 3226/15246/3226
f 3195/15247/3195 3194/15248/3194 3186/15249/3186
f 3173/15250/3173 3175/15251/3175 3227/15252/3227
f 3161/15253/3161 3226/15254/3226 3212/15255/3212
f 3221/15256/3221 3228/15257/3228 3229/15258/3229
f 3209/15259/3209 3141/15260/3141 3143/15261/3143
f 3230/15262/3230 3231/15263/3231 3232/15264/3232
f 3188/15265/3188 3168/15266/3168 3189/15267/3189
f 2880/15268/2880 3194/15269/3194 2881/15270/2881
f 2880/15271/2880 2901/15272/2901 3187/15273/3187
f 3142/15274/3142 3149/15275/3149 3208/15276/3208
f 2977/15277/2977 2873/15278/2873 2718/15279/2718
f 3233/15280/3233 3224/15281/3224 3223/15282/3223
f 2718/15283/2718 2712/15284/2712 2977/15285/2977
f 2977/15286/2977 2712/15287/2712 2808/15288/2808
f 3213/15289/3213 3167/15290/3167 3197/15291/3197
f 2711/15292/2711 2809/15293/2809 2814/15294/2814
f 2809/15295/2809 3121/15296/3121 2817/15297/2817
f 2989/15298/2989 2920/15299/2920 2919/15300/2919
f 3173/15301/3173 3234/15302/3234 3235/15303/3235
f 3202/15304/3202 3222/15305/3222 3228/15306/3228
f 3186/15307/3186 3106/15308/3106 3112/15309/3112
f 3201/15310/3201 3222/15311/3222 3202/15312/3202
f 3054/15313/3054 3236/15314/3236 2970/15315/2970
f 2671/15316/2671 2964/15317/2964 2963/15318/2963
f 3233/15319/3233 3237/15320/3237 3238/15321/3238
f 2931/15322/2931 3193/15323/3193 2926/15324/2926
f 3234/15325/3234 3222/15326/3222 3201/15327/3201
f 2743/15328/2743 3104/15329/3104 2871/15330/2871
f 3213/15331/3213 3193/15332/3193 3192/15333/3192
f 3237/15334/3237 3233/15335/3233 3223/15336/3223
f 3228/15337/3228 3203/15338/3203 3229/15339/3229
f 3168/15340/3168 3103/15341/3103 3169/15342/3169
f 3239/15343/3239 3181/15344/3181 3204/15345/3204
f 3240/15346/3240 3241/15347/3241 3199/15348/3199
f 3242/15349/3242 3239/15350/3239 3204/15351/3204
f 3192/15352/3192 2745/15353/2745 3213/15354/3213
f 2838/15355/2838 3053/15356/3053 2652/15357/2652
f 3229/15358/3229 2745/15359/2745 3221/15360/3221
f 3228/15361/3228 3185/15362/3185 3203/15363/3203
f 3243/15364/3243 3218/15365/3218 3231/15366/3231
f 2682/15367/2682 2640/15368/2640 3238/15369/3238
f 3185/15370/3185 3228/15371/3228 3222/15372/3222
f 3202/15373/3202 3228/15374/3228 3221/15375/3221
f 2753/15376/2753 2989/15377/2989 2919/15378/2919
f 3242/15379/3242 3204/15380/3204 3244/15381/3244
f 3244/15382/3244 3204/15383/3204 3184/15384/3184
f 2964/15385/2964 3116/15386/3116 3245/15387/3245
f 3234/15388/3234 3173/15389/3173 3183/15390/3183
f 2992/15391/2992 2725/15392/2725 3224/15393/3224
f 3183/15394/3183 3173/15395/3173 3177/15396/3177
f 2905/15397/2905 2872/15398/2872 3246/15399/3246
f 2897/15400/2897 2838/15401/2838 2917/15402/2917
f 2745/15403/2745 3229/15404/3229 3213/15405/3213
f 2653/15406/2653 2563/15407/2563 2565/15408/2565
f 2616/15409/2616 2615/15410/2615 2612/15411/2612
f 3224/15412/3224 3233/15413/3233 2992/15414/2992
f 3202/15415/3202 3221/15416/3221 3196/15417/3196
f 2640/15418/2640 3233/15419/3233 3238/15420/3238
f 3217/15421/3217 3247/15422/3247 3248/15423/3248
f 3224/15424/3224 2725/15425/2725 2693/15426/2693
f 2739/15427/2739 3196/15428/3196 3221/15429/3221
f 3233/15430/3233 2714/15431/2714 2992/15432/2992
f 3229/15433/3229 3203/15434/3203 3215/15435/3215
f 3207/15436/3207 3244/15437/3244 3205/15438/3205
f 3197/15439/3197 2927/15440/2927 2926/15441/2926
f 3206/15442/3206 3205/15443/3205 3249/15444/3249
f 3184/15445/3184 3183/15446/3183 3177/15447/3177
f 3250/15448/3250 3207/15449/3207 3248/15450/3248
f 3170/15451/3170 3251/15452/3251 3227/15453/3227
f 3233/15454/3233 2640/15455/2640 2714/15456/2714
f 3204/15457/3204 3185/15458/3185 3184/15459/3184
f 3184/15460/3184 3177/15461/3177 3244/15462/3244
f 3201/15463/3201 3196/15464/3196 3252/15465/3252
f 3217/15466/3217 3248/15467/3248 3207/15468/3207
f 3216/15469/3216 3240/15470/3240 3198/15471/3198
f 3201/15472/3201 3235/15473/3235 3234/15474/3234
f 3177/15475/3177 3205/15476/3205 3244/15477/3244
f 3203/15478/3203 3188/15479/3188 3215/15480/3215
f 3191/15481/3191 2668/15482/2668 3190/15483/3190
f 2969/15484/2969 2588/15485/2588 2920/15486/2920
f 2964/15487/2964 2671/15488/2671 2898/15489/2898
f 3207/15490/3207 3250/15491/3250 3242/15492/3242
f 3206/15493/3206 3217/15494/3217 3207/15495/3207
f 3188/15496/3188 3167/15497/3167 3215/15498/3215
f 3053/15499/3053 3253/15500/3253 3054/15501/3054
f 3220/15502/3220 3205/15503/3205 3177/15504/3177
f 3196/15505/3196 3254/15506/3254 3252/15507/3252
f 3235/15508/3235 3201/15509/3201 3252/15510/3252
f 3255/15511/3255 3256/15512/3256 3108/15513/3108
f 3249/15514/3249 3205/15515/3205 3220/15516/3220
f 3215/15517/3215 3213/15518/3213 3229/15519/3229
f 3174/15520/3174 3173/15521/3173 3235/15522/3235
f 2668/15523/2668 2667/15524/2667 3190/15525/3190
f 3249/15526/3249 3216/15527/3216 3206/15528/3206
f 3214/15529/3214 3220/15530/3220 3177/15531/3177
f 2738/15532/2738 3254/15533/3254 3196/15534/3196
f 2734/15535/2734 2919/15536/2919 2587/15537/2587
f 3178/15538/3178 3247/15539/3247 3217/15540/3217
f 3176/15541/3176 3214/15542/3214 3177/15543/3177
f 2892/15544/2892 2891/15545/2891 3111/15546/3111
f 3227/15547/3227 3251/15548/3251 3176/15549/3176
f 3247/15550/3247 3178/15551/3178 2747/15552/2747
f 3217/15553/3217 3216/15554/3216 3178/15555/3178
f 3179/15556/3179 3257/15557/3257 2747/15558/2747
f 3240/15559/3240 3216/15560/3216 3249/15561/3249
f 3181/15562/3181 3239/15563/3239 3182/15564/3182
f 3258/15565/3258 3259/15566/3259 3260/15567/3260
f 3214/15568/3214 3261/15569/3261 3220/15570/3220
f 3220/15571/3220 3219/15572/3219 3249/15573/3249
f 2913/15574/2913 2911/15575/2911 2878/15576/2878
f 3178/15577/3178 3216/15578/3216 3198/15579/3198
f 2753/15580/2753 2919/15581/2919 3045/15582/3045
f 3218/15583/3218 3220/15584/3220 3261/15585/3261
f 3249/15586/3249 3219/15587/3219 3240/15588/3240
f 3251/15589/3251 3211/15590/3211 3176/15591/3176
f 3262/15592/3262 3260/15593/3260 3259/15594/3259
f 3198/15595/3198 3179/15596/3179 3178/15597/3178
f 3240/15598/3240 3199/15599/3199 3198/15600/3198
f 2906/15601/2906 2899/15602/2899 2671/15603/2671
f 3219/15604/3219 3241/15605/3241 3240/15606/3240
f 3108/15607/3108 3263/15608/3263 3255/15609/3255
f 3211/15610/3211 3251/15611/3251 3170/15612/3170
f 3214/15613/3214 3211/15614/3211 3261/15615/3261
f 3227/15616/3227 3171/15617/3171 3170/15618/3170
f 3231/15619/3231 3218/15620/3218 3261/15621/3261
f 3219/15622/3219 3264/15623/3264 3241/15624/3241
f 3257/15625/3257 3179/15626/3179 3265/15627/3265
f 3263/15628/3263 3108/15629/3108 3107/15630/3107
f 2896/15631/2896 2903/15632/2903 2753/15633/2753
f 2717/15634/2717 2893/15635/2893 3166/15636/3166
f 3231/15637/3231 3230/15638/3230 3243/15639/3243
f 3181/15640/3181 3203/15641/3203 3185/15642/3185
f 3264/15643/3264 3218/15644/3218 3243/15645/3243
f 3166/15646/3166 2893/15647/2893 2672/15648/2672
f 3266/15649/3266 3258/15650/3258 3260/15651/3260
f 3170/15652/3170 3172/15653/3172 3211/15654/3211
f 3232/15655/3232 3231/15656/3231 3261/15657/3261
f 3195/15658/3195 3267/15659/3267 2881/15660/2881
f 2781/15661/2781 2785/15662/2785 2784/15663/2784
f 2738/15664/2738 2749/15665/2749 3254/15666/3254
f 3114/15667/3114 3267/15668/3267 3195/15669/3195
f 3210/15670/3210 3268/15671/3268 3230/15672/3230
f 3267/15673/3267 3114/15674/3114 3269/15675/3269
f 3269/15676/3269 3114/15677/3114 2842/15678/2842
f 3112/15679/3112 3114/15680/3114 3195/15681/3195
f 2785/15682/2785 2842/15683/2842 3114/15684/3114
f 3261/15685/3261 3211/15686/3211 3232/15687/3232
f 2785/15688/2785 3114/15689/3114 2784/15690/2784
f 2872/15691/2872 2904/15692/2904 2870/15693/2870
f 3111/15694/3111 2716/15695/2716 3110/15696/3110
f 3092/15697/3092 3089/15698/3089 3270/15699/3270
f 3211/15700/3211 3210/15701/3210 3232/15702/3232
f 3172/15703/3172 3268/15704/3268 3210/15705/3210
f 3271/15706/3271 3272/15707/3272 2817/15708/2817
f 2810/15709/2810 3272/15710/3272 2811/15711/2811
f 3232/15712/3232 3210/15713/3210 3230/15714/3230
f 3273/15715/3273 3270/15716/3270 3140/15717/3140
f 3271/15718/3271 3225/15719/3225 3274/15720/3274
f 3272/15721/3272 2810/15722/2810 2817/15723/2817
f 2841/15724/2841 3272/15725/3272 2853/15726/2853
f 2834/15727/2834 3272/15728/3272 3271/15729/3271
f 2817/15730/2817 3225/15731/3225 3271/15732/3271
f 3244/15733/3244 3207/15734/3207 3242/15735/3242
f 3275/15736/3275 3276/15737/3276 2820/15738/2820
f 2811/15739/2811 3272/15740/3272 3277/15741/3277
f 3272/15742/3272 2834/15743/2834 2853/15744/2853
f 3227/15745/3227 3176/15746/3176 3173/15747/3173
f 2837/15748/2837 2820/15749/2820 3278/15750/3278
f 3183/15751/3183 3222/15752/3222 3234/15753/3234
f 2834/15754/2834 3271/15755/3271 3274/15756/3274
f 2804/15757/2804 2810/15758/2810 2811/15759/2811
f 2910/15760/2910 3277/15761/3277 2841/15762/2841
f 3277/15763/3277 3272/15764/3272 2841/15765/2841
f 2811/15766/2811 3277/15767/3277 2800/15768/2800
f 2800/15769/2800 3277/15770/3277 2816/15771/2816
f 2816/15772/2816 3277/15773/3277 2910/15774/2910
f 3117/15775/3117 3276/15776/3276 3140/15777/3140
f 2903/15778/2903 2875/15779/2875 2877/15780/2877
f 3276/15781/3276 3278/15782/3278 2820/15783/2820
f 2723/15784/2723 2790/15785/2790 3113/15786/3113
f 3100/15787/3100 2721/15788/2721 2723/15789/2723
f 3113/15790/3113 3100/15791/3100 2723/15792/2723
f 3278/15793/3278 3279/15794/3279 2868/15795/2868
f 3218/15796/3218 3264/15797/3264 3219/15798/3219
f 3276/15799/3276 3117/15800/3117 3209/15801/3209
f 3054/15802/3054 2970/15803/2970 2653/15804/2653
f 2949/15805/2949 2917/15806/2917 2838/15807/2838
f 2837/15808/2837 3278/15809/3278 2868/15810/2868
f 3275/15811/3275 3273/15812/3273 3276/15813/3276
f 3273/15814/3273 3275/15815/3275 3280/15816/3280
f 3276/15817/3276 3273/15818/3273 3140/15819/3140
f 3279/15820/3279 3278/15821/3278 3209/15822/3209
f 3279/15823/3279 3209/15824/3209 3143/15825/3143
f 3278/15826/3278 3276/15827/3276 3209/15828/3209
f 3281/15829/3281 3270/15830/3270 3273/15831/3273
f 3092/15832/3092 3270/15833/3270 3281/15834/3281
f 3281/15835/3281 3273/15836/3273 3280/15837/3280
f 3089/15838/3089 3140/15839/3140 3270/15840/3270
f 2719/15841/2719 2556/15842/2556 3166/15843/3166
f 2672/15844/2672 2963/15845/2963 3166/15846/3166
f 2897/15847/2897 3116/15848/3116 2964/15849/2964
f 2589/15850/2589 2906/15851/2906 2670/15852/2670
f 3105/15853/3105 2878/15854/2878 3095/15855/3095
f 2726/15856/2726 3282/15857/3282 3283/15858/3283
f 3284/15859/3284 3285/15860/3285 2622/15861/2622
f 2871/15862/2871 2870/15863/2870 2743/15864/2743
f 3286/15865/3286 3287/15866/3287 3288/15867/3288
f 2878/15868/2878 2911/15869/2911 2729/15870/2729
f 2797/15871/2797 3064/15872/3064 2794/15873/2794
f 2797/15874/2797 2770/15875/2770 3289/15876/3289
f 3287/15877/3287 3285/15878/3285 3290/15879/3290
f 3284/15880/3284 3290/15881/3290 3285/15882/3285
f 2875/15883/2875 3105/15884/3105 3102/15885/3102
f 2838/15886/2838 2897/15887/2897 3053/15888/3053
f 2724/15889/2724 3291/15890/3291 2584/15891/2584
f 3292/15892/3292 3286/15893/3286 3288/15894/3288
f 3291/15895/3291 3284/15896/3284 2622/15897/2622
f 2795/15898/2795 2590/15899/2590 3293/15900/3293
f 3293/15901/3293 3287/15902/3287 3294/15903/3294
f 3253/15904/3253 2899/15905/2899 2906/15906/2906
f 2622/15907/2622 3285/15908/3285 3286/15909/3286
f 2896/15910/2896 2913/15911/2913 2903/15912/2903
f 3290/15913/3290 3294/15914/3294 3287/15915/3287
f 3293/15916/3293 3294/15917/3294 3289/15918/3289
f 3295/15919/3295 2590/15920/2590 2795/15921/2795
f 3292/15922/3292 2546/15923/2546 3286/15924/3286
f 3290/15925/3290 3282/15926/3282 3017/15927/3017
f 2546/15928/2546 2622/15929/2622 3286/15930/3286
f 3287/15931/3287 3293/15932/3293 3288/15933/3288
f 2797/15934/2797 3294/15935/3294 3064/15936/3064
f 3290/15937/3290 3064/15938/3064 3294/15939/3294
f 2963/15940/2963 2991/15941/2991 3166/15942/3166
f 2770/15943/2770 2795/15944/2795 3289/15945/3289
f 3289/15946/3289 2795/15947/2795 3293/15948/3293
f 3283/15949/3283 3282/15950/3282 3284/15951/3284
f 3283/15952/3283 2724/15953/2724 2726/15954/2726
f 3289/15955/3289 3294/15956/3294 2797/15957/2797
f 3286/15958/3286 3285/15959/3285 3287/15960/3287
f 2982/15961/2982 3064/15962/3064 3290/15963/3290
f 3290/15964/3290 3284/15965/3284 3282/15966/3282
f 2982/15967/2982 3290/15968/3290 3017/15969/3017
f 2584/15970/2584 3291/15971/3291 2622/15972/2622
f 3283/15973/3283 3284/15974/3284 3291/15975/3291
f 3283/15976/3283 3291/15977/3291 2724/15978/2724
f 3282/15979/3282 2975/15980/2975 3017/15981/3017
f 2975/15982/2975 3282/15983/3282 2726/15984/2726
f 2906/15985/2906 2589/15986/2589 3236/15987/3236
f 2672/15988/2672 2893/15989/2893 2670/15990/2670
f 2564/15991/2564 2563/15992/2563 2969/15993/2969
f 2754/15994/2754 2821/15995/2821 2531/15996/2531
f 2906/15997/2906 3236/15998/3236 3253/15999/3253
f 2904/16000/2904 2905/16001/2905 2918/16002/2918
f 3110/16003/3110 2716/16004/2716 2734/16005/2734
f 3253/16006/3253 3236/16007/3236 3054/16008/3054
f 2555/16009/2555 2612/16010/2612 3067/16011/3067
f 3296/16012/3296 3297/16013/3297 3298/16014/3298
f 3299/16015/3299 3226/16016/3226 3160/16017/3160
f 3300/16018/3300 3246/16019/3246 3301/16020/3301
f 3302/16021/3302 3303/16022/3303 3304/16023/3304
f 3305/16024/3305 3306/16025/3306 3307/16026/3307
f 3308/16027/3308 3309/16028/3309 3310/16029/3310
f 3311/16030/3311 3305/16031/3305 3312/16032/3312
f 3160/16033/3160 3313/16034/3313 3310/16035/3310
f 3314/16036/3314 3315/16037/3315 3316/16038/3316
f 3317/16039/3317 3299/16040/3299 3318/16041/3318
f 3115/16042/3115 3319/16043/3319 3320/16044/3320
f 3312/16045/3312 3305/16046/3305 3321/16047/3321
f 3312/16048/3312 3303/16049/3303 3322/16050/3322
f 3045/16051/3045 2734/16052/2734 2715/16053/2715
f 3323/16054/3323 3324/16055/3324 3325/16056/3325
f 3326/16057/3326 3327/16058/3327 3328/16059/3328
f 3329/16060/3329 3330/16061/3330 3331/16062/3331
f 3324/16063/3324 3300/16064/3300 3332/16065/3332
f 3111/16066/3111 2589/16067/2589 2892/16068/2892
f 3160/16069/3160 3245/16070/3245 3313/16071/3313
f 3333/16072/3333 3302/16073/3302 3304/16074/3304
f 3297/16075/3297 3296/16076/3296 3314/16077/3314
f 3334/16078/3334 3300/16079/3300 3308/16080/3308
f 3335/16081/3335 3336/16082/3336 3337/16083/3337
f 3314/16084/3314 3338/16085/3338 3315/16086/3315
f 3301/16087/3301 2872/16088/2872 3339/16089/3339
f 3340/16090/3340 3279/16091/3279 3341/16092/3341
f 3341/16093/3341 3208/16094/3208 3317/16095/3317
f 3305/16096/3305 3342/16097/3342 3343/16098/3343
f 3344/16099/3344 3333/16100/3333 3345/16101/3345
f 3324/16102/3324 3323/16103/3323 3308/16104/3308
f 3067/16105/3067 2614/16106/2614 2909/16107/2909
f 3318/16108/3318 3296/16109/3296 3341/16110/3341
f 3346/16111/3346 3326/16112/3326 3347/16113/3347
f 2589/16114/2589 2588/16115/2588 3236/16116/3236
f 3304/16117/3304 3326/16118/3326 3346/16119/3346
f 3300/16120/3300 3324/16121/3324 3308/16122/3308
f 3299/16123/3299 3317/16124/3317 3226/16125/3226
f 3320/16126/3320 3347/16127/3347 3115/16128/3115
f 3299/16129/3299 3310/16130/3310 3318/16131/3318
f 3208/16132/3208 3226/16133/3226 3317/16134/3317
f 3337/16135/3337 3336/16136/3336 3315/16137/3315
f 3347/16138/3347 3348/16139/3348 3115/16140/3115
f 3330/16141/3330 3320/16142/3320 3331/16143/3331
f 3322/16144/3322 3349/16145/3349 3350/16146/3350
f 3045/16147/3045 2754/16148/2754 2753/16149/2753
f 3351/16150/3351 3320/16151/3320 3330/16152/3330
f 3306/16153/3306 3337/16154/3337 3307/16155/3307
f 3296/16156/3296 3318/16157/3318 3352/16158/3352
f 3341/16159/3341 3142/16160/3142 3208/16161/3208
f 3353/16162/3353 3325/16163/3325 3332/16164/3332
f 3323/16165/3323 3338/16166/3338 3309/16167/3309
f 2872/16168/2872 3301/16169/3301 3246/16170/3246
f 2964/16171/2964 3245/16172/3245 3160/16173/3160
f 3319/16174/3319 3331/16175/3331 3320/16176/3320
f 3354/16177/3354 3355/16178/3355 3356/16179/3356
f 3357/16180/3357 3358/16181/3358 3359/16182/3359
f 3360/16183/3360 3361/16184/3361 3362/16185/3362
f 3363/16186/3363 3364/16187/3364 3365/16188/3365
f 3357/16189/3357 3366/16190/3366 3367/16191/3367
f 3368/16192/3368 3369/16193/3369 2935/16194/2935
f 2936/16195/2936 2935/16196/2935 3370/16197/3370
f 3371/16198/3371 3372/16199/3372 3373/16200/3373
f 3373/16201/3373 3374/16202/3374 3375/16203/3375
f 2962/16204/2962 2964/16205/2964 3160/16206/3160
f 3334/16207/3334 3308/16208/3308 3313/16209/3313
f 3318/16210/3318 3310/16211/3310 3309/16212/3309
f 3302/16213/3302 3376/16214/3376 3377/16215/3377
f 3364/16216/3364 3378/16217/3378 3379/16218/3379
f 3380/16219/3380 3381/16220/3381 3382/16221/3382
f 3383/16222/3383 3359/16223/3359 3384/16224/3384
f 3316/16225/3316 2865/16226/2865 2866/16227/2866
f 3359/16228/3359 3358/16229/3358 3384/16230/3384
f 3365/16231/3365 3364/16232/3364 3385/16233/3385
f 3386/16234/3386 3368/16235/3368 3387/16236/3387
f 3388/16237/3388 3389/16238/3389 3390/16239/3390
f 2707/16240/2707 3391/16241/3391 2750/16242/2750
f 2822/16243/2822 2717/16244/2717 2556/16245/2556
f 3392/16246/3392 3393/16247/3393 3394/16248/3394
f 3366/16249/3366 3395/16250/3395 3367/16251/3367
f 3396/16252/3396 3397/16253/3397 3353/16254/3353
f 3354/16255/3354 3345/16256/3345 3330/16257/3330
f 2893/16258/2893 2716/16259/2716 2891/16260/2891
f 2935/16261/2935 2783/16262/2783 3379/16263/3379
f 2976/16264/2976 3398/16265/3398 3399/16266/3399
f 3314/16267/3314 3352/16268/3352 3338/16269/3338
f 3400/16270/3400 3401/16271/3401 3402/16272/3402
f 3398/16273/3398 3403/16274/3403 3404/16275/3404
f 3357/16276/3357 3359/16277/3359 3366/16278/3366
f 3389/16279/3389 3388/16280/3388 3405/16281/3405
f 3406/16282/3406 3395/16283/3395 3366/16284/3366
f 3351/16285/3351 3304/16286/3304 3346/16287/3346
f 3310/16288/3310 3299/16289/3299 3160/16290/3160
f 3363/16291/3363 3378/16292/3378 3364/16293/3364
f 2935/16294/2935 3369/16295/3369 3370/16296/3370
f 3407/16297/3407 3371/16298/3371 3373/16299/3373
f 3379/16300/3379 2750/16301/2750 3362/16302/3362
f 3408/16303/3408 2871/16304/2871 3104/16305/3104
f 3358/16306/3358 3361/16307/3361 3384/16308/3384
f 3409/16309/3409 3366/16310/3366 3359/16311/3359
f 3410/16312/3410 3411/16313/3411 3380/16314/3380
f 3411/16315/3411 3412/16316/3412 3413/16317/3413
f 3414/16318/3414 3365/16319/3365 3357/16320/3357
f 2783/16321/2783 3415/16322/3415 3379/16323/3379
f 3404/16324/3404 3370/16325/3370 3369/16326/3369
f 2751/16327/2751 3415/16328/3415 2783/16329/2783
f 3416/16330/3416 3417/16331/3417 3371/16332/3371
f 3418/16333/3418 3007/16334/3007 3419/16335/3419
f 3357/16336/3357 3420/16337/3420 3414/16338/3414
f 3421/16339/3421 3422/16340/3422 3423/16341/3423
f 3367/16342/3367 3420/16343/3420 3357/16344/3357
f 3367/16345/3367 3395/16346/3395 3398/16347/3398
f 3424/16348/3424 3425/16349/3425 3381/16350/3381
f 3426/16351/3426 2865/16352/2865 3316/16353/3316
f 3415/16354/3415 2750/16355/2750 3379/16356/3379
f 3409/16357/3409 3427/16358/3427 3366/16359/3366
f 3398/16360/3398 3420/16361/3420 3367/16362/3367
f 3384/16363/3384 3428/16364/3428 3429/16365/3429
f 3365/16366/3365 3358/16367/3358 3357/16368/3357
f 3332/16369/3332 3325/16370/3325 3324/16371/3324
f 3393/16372/3393 3430/16373/3430 3431/16374/3431
f 3038/16375/3038 3432/16376/3432 3416/16377/3416
f 3403/16378/3403 3370/16379/3370 3404/16380/3404
f 3387/16381/3387 3363/16382/3363 3414/16383/3414
f 3375/16384/3375 3433/16385/3433 2697/16386/2697
f 3434/16387/3434 3435/16388/3435 3436/16389/3436
f 3437/16390/3437 3389/16391/3389 3417/16392/3417
f 3364/16393/3364 3379/16394/3379 3362/16395/3362
f 3406/16396/3406 3438/16397/3438 3395/16398/3395
f 3427/16399/3427 3409/16400/3409 3439/16401/3439
f 3341/16402/3341 3317/16403/3317 3318/16404/3318
f 3440/16405/3440 3394/16406/3394 3441/16407/3441
f 3442/16408/3442 3406/16409/3406 3427/16410/3427
f 3381/16411/3381 3442/16412/3442 3382/16413/3382
f 2751/16414/2751 2750/16415/2750 3415/16416/3415
f 3429/16417/3429 3383/16418/3383 3384/16419/3384
f 3301/16420/3301 3332/16421/3332 3300/16422/3300
f 3361/16423/3361 3385/16424/3385 3443/16425/3443
f 3386/16426/3386 3387/16427/3387 3420/16428/3420
f 3391/16429/3391 3444/16430/3444 3360/16431/3360
f 3445/16432/3445 3446/16433/3446 3412/16434/3412
f 3398/16435/3398 3447/16436/3447 3399/16437/3399
f 3383/16438/3383 3439/16439/3439 3448/16440/3448
f 3360/16441/3360 3428/16442/3428 3384/16443/3384
f 3449/16444/3449 3450/16445/3450 2565/16446/2565
f 2942/16447/2942 2936/16448/2936 3370/16449/3370
f 3368/16450/3368 3379/16451/3379 3378/16452/3378
f 2869/16453/2869 2868/16454/2868 3297/16455/3297
f 3403/16456/3403 3398/16457/3398 2976/16458/2976
f 3038/16459/3038 3416/16460/3416 3451/16461/3451
f 3015/16462/3015 3452/16463/3452 3453/16464/3453
f 3362/16465/3362 3391/16466/3391 3360/16467/3360
f 3442/16468/3442 3427/16469/3427 3439/16470/3439
f 3334/16471/3334 3116/16472/3116 3246/16473/3246
f 3454/16474/3454 3020/16475/3020 3455/16476/3455
f 3389/16477/3389 3372/16478/3372 3417/16479/3417
f 3444/16480/3444 3428/16481/3428 3360/16482/3360
f 3403/16483/3403 2976/16484/2976 2942/16485/2942
f 3365/16486/3365 3385/16487/3385 3358/16488/3358
f 3456/16489/3456 3406/16490/3406 3442/16491/3442
f 2697/16492/2697 3407/16493/3407 3375/16494/3375
f 3439/16495/3439 3409/16496/3409 3448/16497/3448
f 3457/16498/3457 3458/16499/3458 3446/16500/3446
f 2742/16501/2742 2565/16502/2565 3450/16503/3450
f 3382/16504/3382 3442/16505/3442 3439/16506/3439
f 3444/16507/3444 3459/16508/3459 3428/16509/3428
f 3460/16510/3460 3408/16511/3408 3348/16512/3348
f 3452/16513/3452 3032/16514/3032 3031/16515/3031
f 3461/16516/3461 2988/16517/2988 3109/16518/3109
f 3437/16519/3437 3462/16520/3462 3463/16521/3463
f 3407/16522/3407 3038/16523/3038 3451/16524/3451
f 3459/16525/3459 3444/16526/3444 3433/16527/3433
f 3459/16528/3459 3464/16529/3464 3428/16530/3428
f 3388/16531/3388 3439/16532/3439 3383/16533/3383
f 3338/16534/3338 3352/16535/3352 3309/16536/3309
f 3352/16537/3352 3314/16538/3314 3296/16539/3296
f 3456/16540/3456 3425/16541/3425 3465/16542/3465
f 3439/16543/3439 3410/16544/3410 3382/16545/3382
f 2707/16546/2707 3433/16547/3433 3391/16548/3391
f 3464/16549/3464 3372/16550/3372 3466/16551/3466
f 3330/16552/3330 3333/16553/3333 3351/16554/3351
f 3419/16555/3419 3467/16556/3467 3418/16557/3418
f 3414/16558/3414 3363/16559/3363 3365/16560/3365
f 3449/16561/3449 3266/16562/3266 3260/16563/3260
f 3369/16564/3369 3386/16565/3386 3404/16566/3404
f 2610/16567/2610 2609/16568/2609 3468/16569/3468
f 3405/16570/3405 3429/16571/3429 3466/16572/3466
f 3456/16573/3456 3442/16574/3442 3381/16575/3381
f 3374/16576/3374 3459/16577/3459 3433/16578/3433
f 3459/16579/3459 3374/16580/3374 3464/16581/3464
f 3450/16582/3450 3260/16583/3260 3319/16584/3319
f 3339/16585/3339 3396/16586/3396 3332/16587/3332
f 3332/16588/3332 3301/16589/3301 3339/16590/3339
f 3465/16591/3465 3425/16592/3425 3424/16593/3424
f 3406/16594/3406 3456/16595/3456 3438/16596/3438
f 3413/16597/3413 3412/16598/3412 3431/16599/3431
f 3334/16600/3334 3246/16601/3246 3300/16602/3300
f 3469/16603/3469 3470/16604/3470 3471/16605/3471
f 3316/16606/3316 3315/16607/3315 3426/16608/3426
f 3388/16609/3388 3445/16610/3445 3410/16611/3410
f 2750/16612/2750 3391/16613/3391 3362/16614/3362
f 2707/16615/2707 2698/16616/2698 3433/16617/3433
f 3086/16618/3086 3472/16619/3472 3473/16620/3473
f 3331/16621/3331 3319/16622/3319 3262/16623/3262
f 3466/16624/3466 3389/16625/3389 3405/16626/3405
f 3474/16627/3474 3475/16628/3475 3476/16629/3476
f 2883/16630/2883 3477/16631/3477 2888/16632/2888
f 2785/16633/2785 2788/16634/2788 2842/16635/2842
f 3478/16636/3478 3424/16637/3424 3380/16638/3380
f 3456/16639/3456 3381/16640/3381 3425/16641/3425
f 3381/16642/3381 3380/16643/3380 3424/16644/3424
f 3420/16645/3420 3387/16646/3387 3414/16647/3414
f 3479/16648/3479 3475/16649/3475 3093/16650/3093
f 3359/16651/3359 3383/16652/3383 3448/16653/3448
f 3418/16654/3418 3394/16655/3394 3440/16656/3440
f 3315/16657/3315 3338/16658/3338 3480/16659/3480
f 3469/16660/3469 3474/16661/3474 3481/16662/3481
f 3449/16663/3449 2565/16664/2565 2564/16665/2564
f 3142/16666/3142 3341/16667/3341 3279/16668/3279
f 3408/16669/3408 3104/16670/3104 3348/16671/3348
f 3048/16672/3048 2985/16673/2985 3482/16674/3482
f 3262/16675/3262 3483/16676/3483 3329/16677/3329
f 3443/16678/3443 3364/16679/3364 3362/16680/3362
f 3475/16681/3475 3479/16682/3479 3484/16683/3484
f 3485/16684/3485 3225/16685/3225 3470/16686/3470
f 3433/16687/3433 3375/16688/3375 3374/16689/3374
f 3484/16690/3484 2883/16691/2883 3476/16692/3476
f 3342/16693/3342 3325/16694/3325 3353/16695/3353
f 3486/16696/3486 2842/16697/2842 2834/16698/2834
f 3487/16699/3487 2886/16700/2886 3488/16701/3488
f 3477/16702/3477 3489/16703/3489 2914/16704/2914
f 3087/16705/3087 3086/16706/3086 3473/16707/3473
f 3389/16708/3389 3437/16709/3437 3390/16710/3390
f 2687/16711/2687 3490/16712/3490 3471/16713/3471
f 3491/16714/3491 3489/16715/3489 3477/16716/3477
f 3428/16717/3428 3464/16718/3464 3429/16719/3429
f 3491/16720/3491 3484/16721/3484 3479/16722/3479
f 3492/16723/3492 3489/16724/3489 3493/16725/3493
f 3491/16726/3491 3477/16727/3477 2883/16728/2883
f 3433/16729/3433 3444/16730/3444 3391/16731/3391
f 3401/16732/3401 2585/16733/2585 3402/16734/3402
f 3162/16735/3162 3490/16736/3490 2686/16737/2686
f 3382/16738/3382 3410/16739/3410 3380/16740/3380
f 3490/16741/3490 3074/16742/3074 3494/16743/3494
f 3368/16744/3368 2935/16745/2935 3379/16746/3379
f 3378/16747/3378 3387/16748/3387 3368/16749/3368
f 3474/16750/3474 3487/16751/3487 3481/16752/3481
f 3470/16753/3470 3469/16754/3469 3481/16755/3481
f 3314/16756/3314 2869/16757/2869 3297/16758/3297
f 3495/16759/3495 3274/16760/3274 3485/16761/3485
f 3466/16762/3466 3372/16763/3372 3389/16764/3389
f 3471/16765/3471 3494/16766/3494 3469/16767/3469
f 3384/16768/3384 3361/16769/3361 3360/16770/3360
f 3279/16771/3279 3340/16772/3340 2868/16773/2868
f 3279/16774/3279 3143/16775/3143 3142/16776/3142
f 2937/16777/2937 2914/16778/2914 3492/16779/3492
f 3316/16780/3316 2869/16781/2869 3314/16782/3314
f 3404/16783/3404 3386/16784/3386 3420/16785/3420
f 3445/16786/3445 3411/16787/3411 3410/16788/3410
f 3481/16789/3481 3485/16790/3485 3470/16791/3470
f 3411/16792/3411 3496/16793/3496 3497/16794/3497
f 3307/16795/3307 3342/16796/3342 3305/16797/3305
f 2879/16798/2879 3476/16799/3476 2883/16800/2883
f 3498/16801/3498 2518/16802/2518 2583/16803/2583
f 3489/16804/3489 3087/16805/3087 3473/16806/3473
f 2520/16807/2520 2600/16808/2600 3499/16809/3499
f 2669/16810/2669 2668/16811/2668 3500/16812/3500
f 2883/16813/2883 3484/16814/3484 3491/16815/3491
f 2538/16816/2538 2537/16817/2537 2633/16818/2633
f 3480/16819/3480 3342/16820/3342 3307/16821/3307
f 3456/16822/3456 3465/16823/3465 3438/16824/3438
f 3413/16825/3413 3501/16826/3501 3411/16827/3411
f 2536/16828/2536 2591/16829/2591 3502/16830/3502
f 2601/16831/2601 2507/16832/2507 2582/16833/2582
f 3503/16834/3503 3502/16835/3502 3504/16836/3504
f 3505/16837/3505 2547/16838/2547 3506/16839/3506
f 2888/16840/2888 3477/16841/3477 2914/16842/2914
f 3474/16843/3474 3476/16844/3476 2886/16845/2886
f 2697/16846/2697 3433/16847/3433 2698/16848/2698
f 2597/16849/2597 2733/16850/2733 2644/16851/2644
f 2709/16852/2709 2678/16853/2678 3507/16854/3507
f 2667/16855/2667 2669/16856/2669 3503/16857/3503
f 3508/16858/3508 3509/16859/3509 3510/16860/3510
f 3434/16861/3434 2609/16862/2609 3511/16863/3511
f 3416/16864/3416 3371/16865/3371 3451/16866/3451
f 3083/16867/3083 3472/16868/3472 3086/16869/3086
f 3295/16870/3295 2777/16871/2777 3512/16872/3512
f 2732/16873/2732 3101/16874/3101 3513/16875/3513
f 3502/16876/3502 3503/16877/3503 2669/16878/2669
f 3388/16879/3388 3390/16880/3390 3457/16881/3457
f 3509/16882/3509 3507/16883/3507 2601/16884/2601
f 3400/16885/3400 3514/16886/3514 3401/16887/3401
f 3503/16888/3503 3515/16889/3515 2667/16890/2667
f 2636/16891/2636 3516/16892/3516 3517/16893/3517
f 3431/16894/3431 3412/16895/3412 3441/16896/3441
f 3518/16897/3518 3519/16898/3519 3435/16899/3435
f 2597/16900/2597 2643/16901/2643 2598/16902/2598
f 3520/16903/3520 2599/16904/2599 2519/16905/2519
f 3461/16906/3461 3258/16907/3258 3449/16908/3449
f 3388/16909/3388 3410/16910/3410 3439/16911/3439
f 2658/16912/2658 2701/16913/2701 2702/16914/2702
f 2676/16915/2676 2678/16916/2678 3239/16917/3239
f 3342/16918/3342 3323/16919/3323 3325/16920/3325
f 3419/16921/3419 3482/16922/3482 3467/16923/3467
f 2658/16924/2658 2660/16925/2660 2570/16926/2570
f 3293/16927/3293 2590/16928/2590 2592/16929/2592
f 2537/16930/2537 3502/16931/3502 2669/16932/2669
f 3351/16933/3351 3346/16934/3346 3347/16935/3347
f 3421/16936/3421 3423/16937/3423 3496/16938/3496
f 2537/16939/2537 2669/16940/2669 2633/16941/2633
f 2667/16942/2667 3515/16943/3515 3200/16944/3200
f 3506/16945/3506 2546/16946/2546 3292/16947/3292
f 2528/16948/2528 2607/16949/2607 2529/16950/2529
f 2571/16951/2571 2677/16952/2677 2575/16953/2575
f 2722/16954/2722 2737/16955/2737 2789/16956/2789
f 2700/16957/2700 2584/16958/2584 2695/16959/2695
f 3521/16960/3521 2579/16961/2579 2578/16962/2578
f 3460/16963/3460 3397/16964/3397 3396/16965/3396
f 3380/16966/3380 3497/16967/3497 3478/16968/3478
f 3375/16969/3375 3407/16970/3407 3373/16971/3373
f 2591/16972/2591 2590/16973/2590 3295/16974/3295
f 3502/16975/3502 3522/16976/3522 3504/16977/3504
f 3093/16978/3093 3475/16979/3475 3494/16980/3494
f 3502/16981/3502 2537/16982/2537 2536/16983/2536
f 3380/16984/3380 3411/16985/3411 3497/16986/3497
f 2777/16987/2777 2779/16988/2779 3512/16989/3512
f 3438/16990/3438 3447/16991/3447 3395/16992/3395
f 3523/16993/3523 2601/16994/2601 2582/16995/2582
f 3443/16996/3443 3385/16997/3385 3364/16998/3364
f 3309/16999/3309 3352/17000/3352 3318/17001/3318
f 3509/17002/3509 3500/17003/3500 2709/17004/2709
f 2595/17005/2595 2579/17006/2579 3521/17007/3521
f 3371/17008/3371 3417/17009/3417 3372/17010/3372
f 3342/17011/3342 3353/17012/3353 3343/17013/3343
f 3504/17014/3504 3522/17015/3522 3513/17016/3513
f 3417/17017/3417 3462/17018/3462 3437/17019/3437
f 2596/17020/2596 2595/17021/2595 3521/17022/3521
f 3487/17023/3487 3474/17024/3474 2886/17025/2886
f 2886/17026/2886 3476/17027/3476 2879/17028/2879
f 3297/17029/3297 2868/17030/2868 3298/17031/3298
f 3469/17032/3469 3494/17033/3494 3475/17034/3475
f 3094/17035/3094 3491/17036/3491 3479/17037/3479
f 2866/17038/2866 2869/17039/2869 3316/17040/3316
f 2772/17041/2772 2771/17042/2771 2797/17043/2797
f 3524/17044/3524 3525/17045/3525 3526/17046/3526
f 3329/17047/3329 3483/17048/3483 3354/17049/3354
f 2669/17050/2669 3527/17051/3527 2633/17052/2633
f 3328/17053/3328 3327/17054/3327 3397/17055/3397
f 3502/17056/3502 2591/17057/2591 3512/17058/3512
f 3479/17059/3479 3091/17060/3091 3094/17061/3094
f 3523/17062/3523 2520/17063/2520 3499/17064/3499
f 3460/17065/3460 3328/17066/3328 3397/17067/3397
f 3457/17068/3457 3446/17069/3446 3445/17070/3445
f 3437/17071/3437 3457/17072/3457 3390/17073/3390
f 3038/17074/3038 3528/17075/3528 3432/17076/3432
f 2578/17077/2578 3506/17078/3506 3521/17079/3521
f 3529/17080/3529 3502/17081/3502 3512/17082/3512
f 3468/17083/3468 2609/17084/2609 3434/17085/3434
f 3091/17086/3091 3479/17087/3479 3093/17088/3093
f 3417/17089/3417 3416/17090/3416 3462/17091/3462
f 2792/17092/2792 2737/17093/2737 3522/17094/3522
f 2547/17095/2547 2546/17096/2546 3506/17097/3506
f 2668/17098/2668 3191/17099/3191 3180/17100/3180
f 3520/17101/3520 3527/17102/3527 2599/17103/2599
f 2634/17104/2634 2579/17105/2579 2538/17106/2538
f 2601/17107/2601 3510/17108/3510 3509/17109/3509
f 3387/17110/3387 3378/17111/3378 3363/17112/3363
f 3266/17113/3266 3449/17114/3449 3258/17115/3258
f 2727/17116/2727 3038/17117/3038 3407/17118/3407
f 3530/17119/3530 2643/17120/2643 2518/17121/2518
f 2630/17122/2630 3527/17123/3527 2733/17124/2733
f 2668/17125/2668 2709/17126/2709 3500/17127/3500
f 3288/17128/3288 3293/17129/3293 2596/17130/2596
f 2630/17131/2630 3531/17132/3531 2634/17133/2634
f 2668/17134/2668 3180/17135/3180 3182/17136/3182
f 3497/17137/3497 3496/17138/3496 3478/17139/3478
f 3458/17140/3458 3457/17141/3457 3437/17142/3437
f 3458/17143/3458 3437/17144/3437 3463/17145/3463
f 3508/17146/3508 2599/17147/2599 3527/17148/3527
f 3407/17149/3407 3451/17150/3451 3371/17151/3371
f 2872/17152/2872 2871/17153/2871 3339/17154/3339
f 3461/17155/3461 3449/17156/3449 2564/17157/2564
f 2709/17158/2709 3507/17159/3507 3509/17160/3509
f 3078/17161/3078 3090/17162/3090 3074/17163/3074
f 3093/17164/3093 3494/17165/3494 3090/17166/3090
f 2600/17167/2600 3508/17168/3508 3510/17169/3510
f 2986/17170/2986 3467/17171/3467 3482/17172/3482
f 3403/17173/3403 2942/17174/2942 3370/17175/3370
f 2521/17176/2521 3532/17177/3532 3533/17178/3533
f 3450/17179/3450 3449/17180/3449 3260/17181/3260
f 3397/17182/3397 3343/17183/3343 3353/17184/3353
f 3288/17185/3288 2596/17186/2596 3521/17187/3521
f 3455/17188/3455 3440/17189/3440 3454/17190/3454
f 3534/17191/3534 2577/17192/2577 2579/17193/2579
f 3412/17194/3412 3411/17195/3411 3445/17196/3445
f 3443/17197/3443 3362/17198/3362 3361/17199/3361
f 2576/17200/2576 2736/17201/2736 2635/17202/2635
f 3400/17203/3400 3402/17204/3402 3535/17205/3535
f 3408/17206/3408 3460/17207/3460 3396/17208/3396
f 3108/17209/3108 3256/17210/3256 3109/17211/3109
f 2695/17212/2695 2545/17213/2545 2700/17214/2700
f 2579/17215/2579 3531/17216/3531 3534/17217/3534
f 3521/17218/3521 3292/17219/3292 3288/17220/3288
f 3404/17221/3404 3420/17222/3420 3398/17223/3398
f 3529/17224/3529 3512/17225/3512 2793/17226/2793
f 3429/17227/3429 3464/17228/3464 3466/17229/3466
f 3239/17230/3239 2708/17231/2708 3182/17232/3182
f 3416/17233/3416 3432/17234/3432 3462/17235/3462
f 3094/17236/3094 3087/17237/3087 3489/17238/3489
f 3319/17239/3319 3260/17240/3260 3262/17241/3262
f 2678/17242/2678 2677/17243/2677 3507/17244/3507
f 2988/17245/2988 3461/17246/3461 2564/17247/2564
f 3315/17248/3315 3480/17249/3480 3337/17250/3337
f 3350/17251/3350 3311/17252/3311 3312/17253/3312
f 3523/17254/3523 3499/17255/3499 3510/17256/3510
f 2777/17257/2777 3295/17258/3295 2778/17259/2778
f 3525/17260/3525 2527/17261/2527 2529/17262/2529
f 3411/17263/3411 3501/17264/3501 3496/17265/3496
f 3516/17266/3516 2635/17267/2635 2748/17268/2748
f 3074/17269/3074 3090/17270/3090 3494/17271/3494
f 2519/17272/2519 2643/17273/2643 3520/17274/3520
f 3498/17275/3498 2513/17276/2513 3536/17277/3536
f 3537/17278/3537 3538/17279/3538 3539/17280/3539
f 3480/17281/3480 3307/17282/3307 3337/17283/3337
f 2595/17284/2595 2538/17285/2538 2579/17286/2579
f 2591/17287/2591 2596/17288/2596 2592/17289/2592
f 3535/17290/3535 3402/17291/3402 2675/17292/2675
f 3311/17293/3311 3350/17294/3350 3540/17295/3540
f 3383/17296/3383 3429/17297/3429 3405/17298/3405
f 3388/17299/3388 3457/17300/3457 3445/17301/3445
f 2664/17302/2664 3534/17303/3534 3531/17304/3531
f 2668/17305/2668 3182/17306/3182 2709/17307/2709
f 2597/17308/2597 2631/17309/2631 2733/17310/2733
f 2578/17311/2578 3505/17312/3505 3506/17313/3506
f 3541/17314/3541 3458/17315/3458 3463/17316/3463
f 3462/17317/3462 3528/17318/3528 3463/17319/3463
f 3328/17320/3328 3460/17321/3460 3348/17322/3348
f 3274/17323/3274 3495/17324/3495 3269/17325/3269
f 3488/17326/3488 2886/17327/2886 3267/17328/3267
f 3239/17329/3239 2678/17330/2678 2708/17331/2708
f 2733/17332/2733 3520/17333/3520 2644/17334/2644
f 3503/17335/3503 3504/17336/3504 3515/17337/3515
f 3454/17338/3454 3541/17339/3541 3020/17340/3020
f 3542/17341/3542 3478/17342/3478 3496/17343/3496
f 2592/17344/2592 2596/17345/2596 3293/17346/3293
f 3469/17347/3469 3475/17348/3475 3474/17349/3474
f 3458/17350/3458 3541/17351/3541 3454/17352/3454
f 2644/17353/2644 3520/17354/3520 2643/17355/2643
f 2664/17356/2664 2630/17357/2630 2632/17358/2632
f 3385/17359/3385 3361/17360/3361 3358/17361/3358
f 3528/17362/3528 3452/17363/3452 3463/17364/3463
f 3495/17365/3495 3487/17366/3487 3488/17367/3488
f 3388/17368/3388 3383/17369/3383 3405/17370/3405
f 2881/17371/2881 3267/17372/3267 2886/17373/2886
f 3436/17374/3436 3535/17375/3535 3434/17376/3434
f 3432/17377/3432 3528/17378/3528 3462/17379/3462
f 2969/17380/2969 2988/17381/2988 2564/17382/2564
f 2697/17383/2697 2727/17384/2727 3407/17385/3407
f 2633/17386/2633 3527/17387/3527 2634/17388/2634
f 3486/17389/3486 2834/17390/2834 3274/17391/3274
f 3464/17392/3464 3373/17393/3373 3372/17394/3372
f 3328/17395/3328 3348/17396/3348 3347/17397/3347
f 3512/17398/3512 2779/17399/2779 2793/17400/2793
f 3515/17401/3515 3504/17402/3504 3513/17403/3513
f 3320/17404/3320 3351/17405/3351 3347/17406/3347
f 3182/17407/3182 2708/17408/2708 2709/17409/2709
f 3543/17410/3543 3544/17411/3544 3545/17412/3545
f 3256/17413/3256 3461/17414/3461 3109/17415/3109
f 2580/17416/2580 3533/17417/3533 3546/17418/3546
f 3007/17419/3007 3418/17420/3418 3455/17421/3455
f 3495/17422/3495 3485/17423/3485 3481/17424/3481
f 2600/17425/2600 3510/17426/3510 3499/17427/3499
f 3481/17428/3481 3487/17429/3487 3495/17430/3495
f 3496/17431/3496 3423/17432/3423 3542/17433/3542
f 3529/17434/3529 3522/17435/3522 3502/17436/3502
f 3441/17437/3441 3412/17438/3412 3446/17439/3446
f 3068/17440/3068 3074/17441/3074 3490/17442/3490
f 3452/17443/3452 3020/17444/3020 3463/17445/3463
f 3239/17446/3239 3242/17447/3242 2676/17448/2676
f 3485/17449/3485 3274/17450/3274 3225/17451/3225
f 3309/17452/3309 3308/17453/3308 3323/17454/3323
f 3470/17455/3470 3122/17456/3122 3471/17457/3471
f 3068/17458/3068 3490/17459/3490 3162/17460/3162
f 3471/17461/3471 3490/17462/3490 3494/17463/3494
f 3343/17464/3343 3321/17465/3321 3305/17466/3305
f 3321/17467/3321 3343/17468/3343 3327/17469/3327
f 2543/17470/2543 2632/17471/2632 2649/17472/2649
f 3343/17473/3343 3397/17474/3397 3327/17475/3327
f 2583/17476/2583 2582/17477/2582 2679/17478/2679
f 3452/17479/3452 3528/17480/3528 3453/17481/3453
f 3338/17482/3338 3323/17483/3323 3480/17484/3480
f 3528/17485/3528 3038/17486/3038 3014/17487/3014
f 3337/17488/3337 3306/17489/3306 3335/17490/3335
f 2830/17491/2830 2837/17492/2837 2868/17493/2868
f 2687/17494/2687 3471/17495/3471 3122/17496/3122
f 3458/17497/3458 3440/17498/3440 3446/17499/3446
f 2543/17500/2543 2542/17501/2542 3547/17502/3547
f 2630/17503/2630 2664/17504/2664 3531/17505/3531
f 3331/17506/3331 3262/17507/3262 3329/17508/3329
f 3500/17509/3500 3509/17510/3509 3508/17511/3508
f 3257/17512/3257 3516/17513/3516 2748/17514/2748
f 2914/17515/2914 3489/17516/3489 3492/17517/3492
f 3326/17518/3326 3321/17519/3321 3327/17520/3327
f 2544/17521/2544 2649/17522/2649 2597/17523/2597
f 3446/17524/3446 3440/17525/3440 3441/17526/3441
f 3031/17527/3031 3020/17528/3020 3452/17529/3452
f 3115/17530/3115 3348/17531/3348 3104/17532/3104
f 3311/17533/3311 3306/17534/3306 3305/17535/3305
f 3413/17536/3413 3421/17537/3421 3501/17538/3501
f 2632/17539/2632 2631/17540/2631 2649/17541/2649
f 3486/17542/3486 3274/17543/3274 3269/17544/3269
f 3440/17545/3440 3458/17546/3458 3454/17547/3454
f 2687/17548/2687 2686/17549/2686 3490/17550/3490
f 3486/17551/3486 3269/17552/3269 2842/17553/2842
f 3498/17554/3498 3530/17555/3530 2518/17556/2518
f 3548/17557/3548 2658/17558/2658 2702/17559/2702
f 3121/17560/3121 3122/17561/3122 3470/17562/3470
f 3427/17563/3427 3406/17564/3406 3366/17565/3366
f 2677/17566/2677 2676/17567/2676 3250/17568/3250
f 3476/17569/3476 3475/17570/3475 3484/17571/3484
f 2771/17572/2771 2770/17573/2770 2797/17574/2797
f 3453/17575/3453 3014/17576/3014 3015/17577/3015
f 3225/17578/3225 3121/17579/3121 3470/17580/3470
f 3421/17581/3421 3496/17582/3496 3501/17583/3501
f 3441/17584/3441 3394/17585/3394 3431/17586/3431
f 3549/17587/3549 3537/17588/3537 3539/17589/3539
f 3513/17590/3513 2737/17591/2737 2732/17592/2732
f 2598/17593/2598 2643/17594/2643 3530/17595/3530
f 3312/17596/3312 3321/17597/3321 3303/17598/3303
f 2663/17599/2663 2632/17600/2632 3550/17601/3550
f 3332/17602/3332 3396/17603/3396 3353/17604/3353
f 3340/17605/3340 3296/17606/3296 3298/17607/3298
f 3544/17608/3544 3413/17609/3413 3431/17610/3431
f 2505/17611/2505 2514/17612/2514 2660/17613/2660
f 3101/17614/3101 3200/17615/3200 3515/17616/3515
f 2514/17617/2514 2677/17618/2677 2571/17619/2571
f 3146/17620/3146 3068/17621/3068 3162/17622/3162
f 3326/17623/3326 3328/17624/3328 3347/17625/3347
f 3493/17626/3493 3489/17627/3489 3473/17628/3473
f 3551/17629/3551 3536/17630/3536 3552/17631/3552
f 3448/17632/3448 3409/17633/3409 3359/17634/3359
f 3007/17635/3007 3455/17636/3455 3008/17637/3008
f 3323/17638/3323 3342/17639/3342 3480/17640/3480
f 2518/17641/2518 2520/17642/2520 2583/17643/2583
f 3303/17644/3303 3321/17645/3321 3326/17646/3326
f 3313/17647/3313 3308/17648/3308 3310/17649/3310
f 2649/17650/2649 2544/17651/2544 2543/17652/2543
f 3413/17653/3413 3544/17654/3544 3543/17655/3543
f 3422/17656/3422 3421/17657/3421 3413/17658/3413
f 3422/17659/3422 3435/17660/3435 3423/17661/3423
f 3488/17662/3488 3269/17663/3269 3495/17664/3495
f 3339/17665/3339 3408/17666/3408 3396/17667/3396
f 3463/17668/3463 3020/17669/3020 3541/17670/3541
f 3491/17671/3491 3094/17672/3094 3489/17673/3489
f 2660/17674/2660 3526/17675/3526 2505/17676/2505
f 2587/17677/2587 2589/17678/2589 3111/17679/3111
f 2793/17680/2793 3522/17681/3522 3529/17682/3529
f 2583/17683/2583 2680/17684/2680 3498/17685/3498
f 2582/17686/2582 2752/17687/2752 2679/17688/2679
f 3020/17689/3020 3008/17690/3008 3455/17691/3455
f 3542/17692/3542 3423/17693/3423 3435/17694/3435
f 2582/17695/2582 2520/17696/2520 3523/17697/3523
f 2792/17698/2792 2789/17699/2789 2737/17700/2737
f 3395/17701/3395 3447/17702/3447 3398/17703/3398
f 3488/17704/3488 3267/17705/3267 3269/17706/3269
f 3303/17707/3303 3326/17708/3326 3304/17709/3304
f 3543/17710/3543 3422/17711/3422 3413/17712/3413
f 3455/17713/3455 3418/17714/3418 3440/17715/3440
f 2584/17716/2584 2700/17717/2700 2724/17718/2724
f 2528/17719/2528 2581/17720/2581 2752/17721/2752
f 2598/17722/2598 3530/17723/3530 3498/17724/3498
f 2752/17725/2752 2582/17726/2582 2507/17727/2507
f 3373/17728/3373 3464/17729/3464 3374/17730/3374
f 2658/17731/2658 2570/17732/2570 2701/17733/2701
f 2793/17734/2793 2792/17735/2792 3522/17736/3522
f 3527/17737/3527 2630/17738/2630 2634/17739/2634
f 3248/17740/3248 3553/17741/3553 3250/17742/3250
f 2575/17743/2575 2736/17744/2736 2576/17745/2576
f 3306/17746/3306 3311/17747/3311 3540/17748/3540
f 3436/17749/3436 3422/17750/3422 3543/17751/3543
f 3554/17752/3554 2505/17753/2505 3526/17754/3526
f 3498/17755/3498 2680/17756/2680 3555/17757/3555
f 3435/17758/3435 3422/17759/3422 3436/17760/3436
f 3312/17761/3312 3322/17762/3322 3350/17763/3350
f 2518/17764/2518 2643/17765/2643 2519/17766/2519
f 3519/17767/3519 3542/17768/3542 3435/17769/3435
f 2575/17770/2575 2677/17771/2677 3250/17772/3250
f 3393/17773/3393 3431/17774/3431 3394/17775/3394
f 3452/17776/3452 3015/17777/3015 3032/17778/3032
f 3431/17779/3431 3430/17780/3430 3544/17781/3544
f 2507/17782/2507 2506/17783/2506 2752/17784/2752
f 3436/17785/3436 3543/17786/3543 3545/17787/3545
f 2598/17788/2598 2542/17789/2542 2544/17790/2544
f 3116/17791/3116 3334/17792/3334 3245/17793/3245
f 3498/17794/3498 3555/17795/3555 2513/17796/2513
f 3166/17797/3166 2991/17798/2991 2719/17799/2719
f 2736/17800/2736 2575/17801/2575 3553/17802/3553
f 3511/17803/3511 3435/17804/3435 3434/17805/3434
f 3532/17806/3532 2523/17807/2523 3556/17808/3556
f 3368/17809/3368 3386/17810/3386 3369/17811/3369
f 3453/17812/3453 3528/17813/3528 3014/17814/3014
f 2701/17815/2701 2570/17816/2570 2572/17817/2572
f 2580/17818/2580 2528/17819/2528 3557/17820/3557
f 3435/17821/3435 3511/17822/3511 3518/17823/3518
f 3302/17824/3302 3322/17825/3322 3303/17826/3303
f 3242/17827/3242 3250/17828/3250 2676/17829/2676
f 2620/17830/2620 3468/17831/3468 3535/17832/3535
f 2677/17833/2677 2601/17834/2601 3507/17835/3507
f 3334/17836/3334 3313/17837/3313 3245/17838/3245
f 3545/17839/3545 3544/17840/3544 3430/17841/3430
f 3536/17842/3536 3551/17843/3551 3498/17844/3498
f 2513/17845/2513 2512/17846/2512 3536/17847/3536
f 3392/17848/3392 2973/17849/2973 3393/17850/3393
f 3392/17851/3392 3394/17852/3394 3418/17853/3418
f 3553/17854/3553 3248/17855/3248 3247/17856/3247
f 3034/17857/3034 3419/17858/3419 3007/17859/3007
f 2572/17860/2572 2576/17861/2576 2635/17862/2635
f 2913/17863/2913 2878/17864/2878 3105/17865/3105
f 3513/17866/3513 3101/17867/3101 3515/17868/3515
f 2556/17869/2556 2555/17870/2555 2822/17871/2822
f 2522/17872/2522 3539/17873/3539 2523/17874/2523
f 2634/17875/2634 3531/17876/3531 2579/17877/2579
f 3525/17878/3525 3554/17879/3554 3526/17880/3526
f 3508/17881/3508 3527/17882/3527 3500/17883/3500
f 2871/17884/2871 3408/17885/3408 3339/17886/3339
f 2581/17887/2581 3558/17888/3558 2680/17889/2680
f 3430/17890/3430 3400/17891/3400 3545/17892/3545
f 3514/17893/3514 3400/17894/3400 3430/17895/3430
f 3535/17896/3535 3436/17897/3436 3545/17898/3545
f 3247/17899/3247 2735/17900/2735 2736/17901/2736
f 2868/17902/2868 3340/17903/3340 3298/17904/3298
f 3514/17905/3514 2968/17906/2968 3401/17907/3401
f 3514/17908/3514 3393/17909/3393 2973/17910/2973
f 2542/17911/2542 3551/17912/3551 3547/17913/3547
f 2742/17914/2742 3450/17915/3450 3115/17916/3115
f 3341/17917/3341 3296/17918/3296 3340/17919/3340
f 3558/17920/3558 2513/17921/2513 3555/17922/3555
f 3467/17923/3467 2973/17924/2973 3392/17925/3392
f 3467/17926/3467 3392/17927/3392 3418/17928/3418
f 3419/17929/3419 3034/17930/3034 3048/17931/3048
f 3430/17932/3430 3393/17933/3393 3514/17934/3514
f 2570/17935/2570 2514/17936/2514 2571/17937/2571
f 3553/17938/3553 3247/17939/3247 2736/17940/2736
f 2608/17941/2608 3511/17942/3511 2609/17943/2609
f 3511/17944/3511 2608/17945/2608 3518/17946/3518
f 2653/17947/2653 2652/17948/2652 3054/17949/3054
f 3554/17950/3554 3525/17951/3525 2607/17952/2607
f 2659/17953/2659 3524/17954/3524 3526/17955/3526
f 2680/17956/2680 3558/17957/3558 3555/17958/3555
f 3351/17959/3351 3333/17960/3333 3304/17961/3304
f 2949/17962/2949 2918/17963/2918 2917/17964/2917
f 3048/17965/3048 3482/17966/3482 3419/17967/3419
f 3302/17968/3302 3333/17969/3333 3344/17970/3344
f 2701/17971/2701 2572/17972/2572 2636/17973/2636
f 3535/17974/3535 3545/17975/3545 3400/17976/3400
f 3468/17977/3468 3434/17978/3434 3535/17979/3535
f 2680/17980/2680 2752/17981/2752 2581/17982/2581
f 3532/17983/3532 2521/17984/2521 2523/17985/2523
f 3524/17986/3524 2659/17987/2659 2658/17988/2658
f 3521/17989/3521 3506/17990/3506 3292/17991/3292
f 2717/17992/2717 2716/17993/2716 2893/17994/2893
f 3253/17995/3253 3053/17996/3053 2899/17997/2899
f 3161/17998/3161 3160/17999/3160 3226/18000/3226
f 2985/18001/2985 2983/18002/2983 3482/18003/3482
f 3354/18004/3354 3483/18005/3483 3355/18006/3355
f 2620/18007/2620 3535/18008/3535 2675/18009/2675
f 3349/18010/3349 3322/18011/3322 3377/18012/3377
f 2620/18013/2620 2610/18014/2610 3468/18015/3468
f 2636/18016/2636 2635/18017/2635 3516/18018/3516
f 3450/18019/3450 3319/18020/3319 3115/18021/3115
f 3517/18022/3517 2702/18023/2702 2636/18024/2636
f 2968/18025/2968 3514/18026/3514 2973/18027/2973
f 2658/18028/2658 3548/18029/3548 3524/18030/3524
f 2607/18031/2607 3525/18032/3525 2529/18033/2529
f 2588/18034/2588 2970/18035/2970 3236/18036/3236
f 3558/18037/3558 2581/18038/2581 3546/18039/3546
f 2980/18040/2980 2973/18041/2973 3467/18042/3467
f 2607/18043/2607 2506/18044/2506 3554/18045/3554
f 2585/18046/2585 3401/18047/3401 2968/18048/2968
f 2981/18049/2981 3467/18050/3467 2986/18051/2986
f 2983/18052/2983 2986/18053/2986 3482/18054/3482
f 2675/18055/2675 3402/18056/3402 2567/18057/2567
f 2585/18058/2585 2567/18059/2567 3402/18060/3402
f 2660/18061/2660 2659/18062/2659 3526/18063/3526
f 2968/18064/2968 2586/18065/2586 2585/18066/2585
f 3467/18067/3467 2981/18068/2981 2980/18069/2980
f 3322/18070/3322 3302/18071/3302 3377/18072/3377
f 3376/18073/3376 3302/18074/3302 3344/18075/3344
f 2504/18076/2504 2574/18077/2574 2573/18078/2573
f 2702/18079/2702 3517/18080/3517 3548/18081/3548
f 3532/18082/3532 3558/18083/3558 3546/18084/3546
f 2581/18085/2581 2580/18086/2580 3546/18087/3546
f 2601/18088/2601 2677/18089/2677 2514/18090/2514
f 2539/18091/2539 2675/18092/2675 2569/18093/2569
f 2752/18094/2752 2680/18095/2680 2679/18096/2679
f 3329/18097/3329 3354/18098/3354 3330/18099/3330
f 2533/18100/2533 2560/18101/2560 2626/18102/2626
f 2506/18103/2506 2505/18104/2505 3554/18105/3554
f 2541/18106/2541 2517/18107/2517 2516/18108/2516
f 3345/18109/3345 3333/18110/3333 3330/18111/3330
f 2640/18112/2640 2681/18113/2681 2639/18114/2639
f 2513/18115/2513 3558/18116/3558 2511/18117/2511
f 3558/18118/3558 3532/18119/3532 3556/18120/3556
f 3556/18121/3556 2511/18122/2511 3558/18123/3558
f 2512/18124/2512 3538/18125/3538 3552/18126/3552
f 2747/18127/2747 2735/18128/2735 3247/18129/3247
f 3557/18130/3557 2527/18131/2527 3533/18132/3533
f 3557/18133/3557 2528/18134/2528 2527/18135/2527
f 2691/18136/2691 2724/18137/2724 2700/18138/2700
f 2526/18139/2526 2593/18140/2593 2524/18141/2524
f 2660/18142/2660 2514/18143/2514 2570/18144/2570
f 2725/18145/2725 2691/18146/2691 2693/18147/2693
f 2534/18148/2534 2533/18149/2533 2540/18150/2540
f 3538/18151/3538 2512/18152/2512 2511/18153/2511
f 3538/18154/3538 3537/18155/3537 3552/18156/3552
f 2550/18157/2550 2605/18158/2605 2548/18159/2548
f 2598/18160/2598 3551/18161/3551 2542/18162/2542
f 3516/18163/3516 3265/18164/3265 3517/18165/3517
f 3513/18166/3513 3522/18167/3522 2737/18168/2737
f 2503/18169/2503 2907/18170/2907 2673/18171/2673
f 3067/18172/3067 3042/18173/3042 2555/18174/2555
f 3533/18175/3533 3532/18176/3532 3546/18177/3546
f 3533/18178/3533 2580/18179/2580 3557/18180/3557
f 3508/18181/3508 2600/18182/2600 2599/18183/2599
f 3354/18184/3354 3356/18185/3356 3345/18186/3345
f 2568/18187/2568 2567/18188/2567 2524/18189/2524
f 2970/18190/2970 2969/18191/2969 2563/18192/2563
f 3523/18193/3523 3510/18194/3510 2601/18195/2601
f 2569/18196/2569 2675/18197/2675 2567/18198/2567
f 3552/18199/3552 3537/18200/3537 3559/18201/3559
f 3512/18202/3512 2591/18203/2591 3295/18204/3295
f 3556/18205/3556 2523/18206/2523 2511/18207/2511
f 2511/18208/2511 3539/18209/3539 3538/18210/3538
f 3527/18211/3527 3520/18212/3520 2733/18213/2733
f 3246/18214/3246 3116/18215/3116 2905/18216/2905
f 2605/18217/2605 2550/18218/2550 2568/18219/2568
f 3257/18220/3257 2748/18221/2748 2747/18222/2747
f 3265/18223/3265 3516/18224/3516 3257/18225/3257
f 3295/18226/3295 2795/18227/2795 2778/18228/2778
f 3553/18229/3553 2575/18230/2575 3250/18231/3250
f 2635/18232/2635 2735/18233/2735 2748/18234/2748
f 2508/18235/2508 2510/18236/2510 2535/18237/2535
f 2519/18238/2519 2600/18239/2600 2520/18240/2520
f 2585/18241/2585 2553/18242/2553 2525/18243/2525
f 3549/18244/3549 3559/18245/3559 3537/18246/3537
f 3539/18247/3539 2511/18248/2511 2523/18249/2523
f 2525/18250/2525 2567/18251/2567 2585/18252/2585
f 2550/18253/2550 2554/18254/2554 2568/18255/2568
f 2554/18256/2554 2551/18257/2551 2558/18258/2558
f 2606/18259/2606 2548/18260/2548 2593/18261/2593
f 2725/18262/2725 2724/18263/2724 2691/18264/2691
f 2524/18265/2524 2593/18266/2593 2605/18267/2605
f 3527/18268/3527 2669/18269/2669 3500/18270/3500
f 2551/18271/2551 2535/18272/2535 2558/18273/2558
f 2534/18274/2534 2540/18275/2540 2539/18276/2539
f 2503/18277/2503 2673/18278/2673 2606/18279/2606
f 3498/18280/3498 3551/18281/3551 2598/18282/2598
f 2538/18283/2538 2595/18284/2595 2536/18285/2536
f 2632/18286/2632 2543/18287/2543 3550/18288/3550
f 2541/18289/2541 2566/18290/2566 2539/18291/2539
f 2549/18292/2549 2554/18293/2554 2550/18294/2550
f 2561/18295/2561 2510/18296/2510 2637/18297/2637
f 3539/18298/3539 2522/18299/2522 3549/18300/3549
f 3552/18301/3552 3536/18302/3536 2512/18303/2512
